index,estimator_name,target_quantity,original_source,equation_reference,symbol,symbol_plain_Chinese_meaning,unit,FIADB_field_or_source,aggregation_level,evidence_class
0,Post-stratified domain mean,domain mean per unit total-population area,S04; S12,S04 Eq.1; S12 Eq.1,ŷ̄_d = Σ_h W_h ȳ_hd,域 d 的总体单位面积均值等于各后分层域均值按已知层权重 W_h 加权求和。,attribute per acre,W_h from Phase-1/poststratum; plot-level y_hid,population/domain,OFFICIAL
1,Post-stratified domain mean,within-stratum domain mean,S04; S12,S04 Eq.2; S12 Eq.2,ȳ_hd = n_h^-1 Σ_i y_hid,在层 h 中，用该层全部 n_h 个样地的域响应 y_hid 求平均；不在域内的样地响应为 0，而不是从设计样本分母中消失。,attribute per acre,plot-level response assembled from COND/TREE,stratum,OFFICIAL
2,Post-stratified domain mean,stratum weight,S04,Chapter 2 Post-Stratified Estimation,W_h,总体（estimation unit）中属于后分层 h 的 Phase-1 像元比例，作为已知权重。,proportion,POP_STRATUM phase-1 information,stratum,OFFICIAL
3,Post-stratified domain variance,variance of domain mean,S04; S12,S04 Eq.3–4; S12 Eq.3–4,v̂(ŷ̄_d),官方后分层域均值方差；包含常规分层抽样项和后分层随机层样本量附加项。,attribute^2 per acre^2,"n, n_h, W_h, plot-level y_hid",population/domain,OFFICIAL
4,Post-stratified domain variance,within-stratum variance term,S12,Eq.4,v̂(ȳ_hd)=n_h^-1[Σ_i(y_hid-ȳ_hd)^2/(n_h-1)],层 h 中域响应的样本方差贡献；域外样地以 0 响应参与。,attribute^2 per acre^2,plot-level y_hid; n_h,stratum,OFFICIAL
5,Population total,domain population total,S04; S12,S04 Eq.5; S12 Eq.5,Ŷ_d = A_T ŷ̄_d,把域单位总面积均值乘以已知 parent population 面积 A_T，得到域总量。,attribute total,POP_ESTN_UNIT area / known population area,population/domain,OFFICIAL
6,Population total variance,variance of domain total,S04; S12,S04 Eq.6; S12 Eq.6,v̂(Ŷ_d)=A_T^2 v̂(ŷ̄_d),总量方差按已知总体面积平方放大。,attribute^2,A_T; variance inputs,population/domain,OFFICIAL
7,Sampling error,standard error,S04,Eq.7,SE(Ŷ_d)=sqrt[v̂(Ŷ_d)],标准误是总量方差平方根。,attribute total,variance result,population/domain,OFFICIAL
8,Multi-estimation-unit total,domain total across G estimation units,S04,Eq.20,Ŷ_d = Σ_g Ŷ_gd,跨多个 estimation unit 时，先在各 unit 内估计域总量，再相加。,attribute total,POP_ESTN_UNIT + stratum estimators,multi-EU / State / multi-State,OFFICIAL
9,Multi-estimation-unit variance,variance across independent estimation units,S04,Eq.21,v̂(Ŷ_d)=Σ_g v̂(Ŷ_gd),FIA 把 estimation units 视为独立，总量方差相加；跨 State 亦据此逐 State/单位组合。,attribute^2,per-EU variance,multi-EU,OFFICIAL
10,FIADB live-tree total implementation,number of live trees,S03,"Example 3-3, pp. 3-6–3-7",Σ_tree [TPA_UNADJ × ADJ_FACTOR_j × EXPNS],每棵符合条件的样木先以 TPA_UNADJ 转为每英亩代表树数，再按其实际采样元件乘非响应调整因子，最后乘 EXPNS 变成总体树数贡献，并对树求和。,trees,TREE.TPA_UNADJ; POP_STRATUM.ADJ_FACTOR_{MICR/SUBP/MACR}; POP_STRATUM.EXPNS,tree -> plot/stratum -> population,OFFICIAL
11,FIADB live-tree total implementation,adjustment-factor selection,S03,Example 3-3,j(tree)=MICR if DIA<5; SUBP if >=5 and below macro breakpoint; MACR above macro breakpoint,调整因子取决于该树实际在哪种样地元件上被抽到。冻结的大树对象 >=5 in 通常使用 SUBP，但有 macroplot 的更大树需使用 MACR。,dimensionless,TREE.DIA; PLOT.MACRO_BREAKPOINT_DIA,tree,OFFICIAL
12,FIADB expansion,area expansion factor,S03,Chapter 3 p.3-1,EXPNS ≈ stratum area / sampled plots in stratum,EXPNS 是一个 sampled unit（通常为 plot）代表的面积；其设计语义是层面积除以该层样地数。,acres per sampled unit,POP_STRATUM.EXPNS,stratum/evaluation,OFFICIAL
13,Ratio per forest acre,tree density on forest land,S04,"Eq.10–13, 24–26",R̂ = Ŷ_d / X̂_d′,每森林英亩树数是“树总数估计 / 森林面积估计”的 ratio estimator；分母是随机量，方差需包含协方差。,trees per forest acre,tree total + forest area total,population/domain,OFFICIAL
14,Per total-land acre mean,tree density on total population area,S04,Eq.22–23 interpretation,Ŷ_d / A_T,若分母是已知的总土地/总体面积，则是总量除以已知面积，不是随机森林面积 ratio。,trees per total acre,known A_T,population/domain,OFFICIAL
15,A/B effective-weight principle,fold-specific total under secondary thinning,S12 + survey-sampling inference,S12 §2.3; not an FIA A/B recipe,"Ω=A_T/n; after effective sample changes, Ω must reflect effective n / inclusion probability",FIA-authored文献明确：sampling weight 是 inclusion probability 的倒数，若有效样本量改变，不能无理由沿用原权重。把 Q1 A/B 随机删去约一半样地视为第二阶段抽样时，需把该额外入样概率/有效层样本量纳入权重。,area per sampled unit,full-sample EXPNS cannot simply be reused unchanged after thinning,fold / stratum,INFERENCE_SUPPORTED_BY_FIA_LITERATURE
16,A/B naive-fold expectation,expected scale if original expansion weights are retained after independent 50% thinning,general survey-sampling inference; S12 supports weight principle,not an official FIA equation,E[naive fold total] ≈ 0.5 × full-sample total,若每个原样地独立以 0.5 概率保留而原 EXPNS 不变，简单求和的期望约为完整样本总量的一半。这里只是数学推论，不是 FIA 官方 A/B 方法。,trees,original EXPNS + 0.5 thinning,fold,INFERENCE
17,Within-species normalization cancellation,condition under which a missing constant cancels,mathematical inference,not an FIA estimator,(c T_cell)/(Σ_cell c T_cell)=T_cell/Σ_cell T_cell,只有当缺失因子 c 对该物种、该折的所有 cell 完全相同且 cell/support 不因抽样改变时，归一化才会消掉它。随机折的 cell/stratum 实际保留率不同且可能出现零样地，因此不能假定成立；方差也不会被消掉。,dimensionless share,future Q1 normalization,species × fold × cells,INFERENCE