state,observation_regime,orientation,strong_gain_pp,paired_null_gain_pp,separation_pp,strong_geometry_coverage,paired_null_geometry_coverage,separation_mcse_pp,observation_realizations,regime_applicability
E3,O1,AB,11.007567731981185,-0.2234778413422194,11.231045573323405,1.0,0.875,0.0,1,LABEL_ONLY_A2_IS_REGIME_INVARIANT
E3,O1,BA,11.007567731981185,-0.2234778413422194,11.231045573323405,1.0,0.875,0.0,1,LABEL_ONLY_A2_IS_REGIME_INVARIANT
E3,O1,ALL,11.007567731981185,-0.2234778413422194,11.231045573323405,1.0,0.875,0.0,1,LABEL_ONLY_A2_IS_REGIME_INVARIANT
E3,O2,AB,11.007567731981185,-0.2234778413422194,11.231045573323405,1.0,0.875,0.0,1,LABEL_ONLY_A2_IS_REGIME_INVARIANT
E3,O2,BA,11.007567731981185,-0.2234778413422194,11.231045573323405,1.0,0.875,0.0,1,LABEL_ONLY_A2_IS_REGIME_INVARIANT
E3,O2,ALL,11.007567731981185,-0.2234778413422194,11.231045573323405,1.0,0.875,0.0,1,LABEL_ONLY_A2_IS_REGIME_INVARIANT
E3,O3,AB,11.007567731981185,-0.2234778413422194,11.231045573323405,1.0,0.875,0.0,1,LABEL_ONLY_A2_IS_REGIME_INVARIANT
E3,O3,BA,11.007567731981185,-0.2234778413422194,11.231045573323405,1.0,0.875,0.0,1,LABEL_ONLY_A2_IS_REGIME_INVARIANT
E3,O3,ALL,11.007567731981185,-0.2234778413422194,11.231045573323405,1.0,0.875,0.0,1,LABEL_ONLY_A2_IS_REGIME_INVARIANT
