layer,model,observation_regime,orientation,replicate,split_seed,strong_latent_truth_geometry_gain_pct,paired_null_latent_truth_geometry_gain_pct,strong_minus_paired_null_latent_truth_geometry_gain_pct,strong_predictive_set_gain_pct,paired_null_predictive_set_gain_pct,strong_minus_paired_null_predictive_set_gain_pct,strong_observed_map_error_gain_pct,paired_null_observed_map_error_gain_pct,strong_minus_paired_null_observed_map_error_gain_pct,strong_geometry_latent_truth_coverage,paired_null_geometry_latent_truth_coverage,strong_minus_paired_null_geometry_latent_truth_coverage,strong_world0_latent_truth_coverage,paired_null_world0_latent_truth_coverage,strong_minus_paired_null_world0_latent_truth_coverage,strong_geometry_set_diameter,paired_null_geometry_set_diameter,strong_minus_paired_null_geometry_set_diameter,strong_world0_set_diameter,paired_null_world0_set_diameter,strong_minus_paired_null_world0_set_diameter,strong_geometry_latent_truth_error,paired_null_geometry_latent_truth_error,strong_minus_paired_null_geometry_latent_truth_error,strong_world0_latent_truth_error,paired_null_world0_latent_truth_error,strong_minus_paired_null_world0_latent_truth_error
L0,ORACLE,O1,AB,1,9042101,4.992815506781483,-1.0611817430399872,6.05399724982147,6.663636177204197,0.8657599999049954,5.797876177299202,4.992815506781483,-1.0611817430399872,6.05399724982147,0.875,0.875,0.0,1.0,0.875,0.125,67.18970336312086,378.9475570518916,-311.75785368877075,71.98663051700213,382.2569851259549,-310.27035460895274,19.693308744334487,139.22108274756596,-119.52777400323147,20.728231079977082,137.7592071914932,-117.03097611151613
L0,ORACLE,O1,AB,2,9042102,8.065535558467204,0.07903020637063185,7.986505352096572,8.085864583799609,-4.156639385155877,12.242503968955486,8.065535558467204,0.07903020637063185,7.986505352096572,1.0,0.875,0.125,1.0,0.8125,0.1875,85.05497499656845,417.98545132747984,-332.9304763309114,92.53742594806263,401.3046636247847,-308.76723767672206,20.42045531149509,155.14573904860794,-134.72528373711285,22.2119696193823,155.2684480235094,-133.0564784041271
L0,ORACLE,O1,AB,3,9042103,0.20859516314454948,0.00927655422760851,0.19931860891694098,0.07061559824021799,0.8796376374226401,-0.8090220391824221,0.20859516314454948,0.00927655422760851,0.19931860891694098,0.9375,1.0,-0.0625,0.875,1.0,-0.125,84.57758907330678,410.9600245721678,-326.382435498861,84.63735624875655,414.607064357671,-329.96970810891446,22.80869169614091,140.3177104098721,-117.50901871373118,22.856368976295936,140.33072826597768,-117.47435928968174
L0,ORACLE,O1,AB,4,9042104,7.948865328926794,-0.626901413650428,8.575766742577223,8.412697558130626,0.7559535452712589,7.656744012859367,7.948865328926794,-0.626901413650428,8.575766742577223,0.9375,0.9375,0.0,0.9375,0.9375,0.0,84.6648983604778,402.78000204000114,-318.1151036795233,92.44174258130899,405.8480245701526,-313.4062819888436,20.62901733955858,155.41815632299426,-134.7891389834357,22.41038897920417,154.44990766843904,-132.03951868923485
L0,ORACLE,O1,AB,5,9042105,-4.515473056164989,-0.7259338177271845,-3.7895392384378046,14.248770596564457,0.6652237974442362,13.58354679912022,-4.515473056164989,-0.7259338177271845,-3.7895392384378046,0.875,0.9375,-0.0625,1.0,0.9375,0.0625,72.57757351787421,411.8489994996788,-339.2714259818046,84.63735624875655,414.607064357671,-329.96970810891446,19.98283309069899,149.38640722090716,-129.40357413020817,19.119497339844145,148.30977639903102,-129.19027905918688
L0,ORACLE,O1,BA,1,9042101,4.992815506781483,-1.0611817430399872,6.05399724982147,6.663636177204197,0.8657599999049954,5.797876177299202,4.992815506781483,-1.0611817430399872,6.05399724982147,0.875,0.875,0.0,1.0,0.875,0.125,67.18970336312086,378.9475570518916,-311.75785368877075,71.98663051700213,382.2569851259549,-310.27035460895274,19.693308744334487,139.22108274756596,-119.52777400323147,20.728231079977082,137.7592071914932,-117.03097611151613
L0,ORACLE,O1,BA,2,9042102,8.065535558467204,0.07903020637063185,7.986505352096572,8.085864583799609,-4.156639385155877,12.242503968955486,8.065535558467204,0.07903020637063185,7.986505352096572,1.0,0.875,0.125,1.0,0.8125,0.1875,85.05497499656845,417.98545132747984,-332.9304763309114,92.53742594806263,401.3046636247847,-308.76723767672206,20.42045531149509,155.14573904860794,-134.72528373711285,22.2119696193823,155.2684480235094,-133.0564784041271
L0,ORACLE,O1,BA,3,9042103,0.20859516314454948,0.00927655422760851,0.19931860891694098,0.07061559824021799,0.8796376374226401,-0.8090220391824221,0.20859516314454948,0.00927655422760851,0.19931860891694098,0.9375,1.0,-0.0625,0.875,1.0,-0.125,84.57758907330678,410.9600245721678,-326.382435498861,84.63735624875655,414.607064357671,-329.96970810891446,22.80869169614091,140.3177104098721,-117.50901871373118,22.856368976295936,140.33072826597768,-117.47435928968174
L0,ORACLE,O1,BA,4,9042104,7.948865328926794,-0.626901413650428,8.575766742577223,8.412697558130626,0.7559535452712589,7.656744012859367,7.948865328926794,-0.626901413650428,8.575766742577223,0.9375,0.9375,0.0,0.9375,0.9375,0.0,84.6648983604778,402.78000204000114,-318.1151036795233,92.44174258130899,405.8480245701526,-313.4062819888436,20.62901733955858,155.41815632299426,-134.7891389834357,22.41038897920417,154.44990766843904,-132.03951868923485
L0,ORACLE,O1,BA,5,9042105,-4.515473056164989,-0.7259338177271845,-3.7895392384378046,14.248770596564457,0.6652237974442362,13.58354679912022,-4.515473056164989,-0.7259338177271845,-3.7895392384378046,0.875,0.9375,-0.0625,1.0,0.9375,0.0625,72.57757351787421,411.8489994996788,-339.2714259818046,84.63735624875655,414.607064357671,-329.96970810891446,19.98283309069899,149.38640722090716,-129.40357413020817,19.119497339844145,148.30977639903102,-129.19027905918688
L0,ORACLE,O2,AB,1,9042101,4.992815506781483,-1.0611817430399872,6.05399724982147,6.663636177204197,0.8657599999049954,5.797876177299202,4.992815506781483,-1.0611817430399872,6.05399724982147,0.875,0.875,0.0,1.0,0.875,0.125,67.18970336312086,378.9475570518916,-311.75785368877075,71.98663051700213,382.2569851259549,-310.27035460895274,19.693308744334487,139.22108274756596,-119.52777400323147,20.728231079977082,137.7592071914932,-117.03097611151613
L0,ORACLE,O2,AB,2,9042102,8.065535558467204,0.07903020637063185,7.986505352096572,8.085864583799609,-4.156639385155877,12.242503968955486,8.065535558467204,0.07903020637063185,7.986505352096572,1.0,0.875,0.125,1.0,0.8125,0.1875,85.05497499656845,417.98545132747984,-332.9304763309114,92.53742594806263,401.3046636247847,-308.76723767672206,20.42045531149509,155.14573904860794,-134.72528373711285,22.2119696193823,155.2684480235094,-133.0564784041271
L0,ORACLE,O2,AB,3,9042103,0.20859516314454948,0.00927655422760851,0.19931860891694098,0.07061559824021799,0.8796376374226401,-0.8090220391824221,0.20859516314454948,0.00927655422760851,0.19931860891694098,0.9375,1.0,-0.0625,0.875,1.0,-0.125,84.57758907330678,410.9600245721678,-326.382435498861,84.63735624875655,414.607064357671,-329.96970810891446,22.80869169614091,140.3177104098721,-117.50901871373118,22.856368976295936,140.33072826597768,-117.47435928968174
L0,ORACLE,O2,AB,4,9042104,7.948865328926794,-0.626901413650428,8.575766742577223,8.412697558130626,0.7559535452712589,7.656744012859367,7.948865328926794,-0.626901413650428,8.575766742577223,0.9375,0.9375,0.0,0.9375,0.9375,0.0,84.6648983604778,402.78000204000114,-318.1151036795233,92.44174258130899,405.8480245701526,-313.4062819888436,20.62901733955858,155.41815632299426,-134.7891389834357,22.41038897920417,154.44990766843904,-132.03951868923485
L0,ORACLE,O2,AB,5,9042105,-4.515473056164989,-0.7259338177271845,-3.7895392384378046,14.248770596564457,0.6652237974442362,13.58354679912022,-4.515473056164989,-0.7259338177271845,-3.7895392384378046,0.875,0.9375,-0.0625,1.0,0.9375,0.0625,72.57757351787421,411.8489994996788,-339.2714259818046,84.63735624875655,414.607064357671,-329.96970810891446,19.98283309069899,149.38640722090716,-129.40357413020817,19.119497339844145,148.30977639903102,-129.19027905918688
L0,ORACLE,O2,BA,1,9042101,4.992815506781483,-1.0611817430399872,6.05399724982147,6.663636177204197,0.8657599999049954,5.797876177299202,4.992815506781483,-1.0611817430399872,6.05399724982147,0.875,0.875,0.0,1.0,0.875,0.125,67.18970336312086,378.9475570518916,-311.75785368877075,71.98663051700213,382.2569851259549,-310.27035460895274,19.693308744334487,139.22108274756596,-119.52777400323147,20.728231079977082,137.7592071914932,-117.03097611151613
L0,ORACLE,O2,BA,2,9042102,8.065535558467204,0.07903020637063185,7.986505352096572,8.085864583799609,-4.156639385155877,12.242503968955486,8.065535558467204,0.07903020637063185,7.986505352096572,1.0,0.875,0.125,1.0,0.8125,0.1875,85.05497499656845,417.98545132747984,-332.9304763309114,92.53742594806263,401.3046636247847,-308.76723767672206,20.42045531149509,155.14573904860794,-134.72528373711285,22.2119696193823,155.2684480235094,-133.0564784041271
L0,ORACLE,O2,BA,3,9042103,0.20859516314454948,0.00927655422760851,0.19931860891694098,0.07061559824021799,0.8796376374226401,-0.8090220391824221,0.20859516314454948,0.00927655422760851,0.19931860891694098,0.9375,1.0,-0.0625,0.875,1.0,-0.125,84.57758907330678,410.9600245721678,-326.382435498861,84.63735624875655,414.607064357671,-329.96970810891446,22.80869169614091,140.3177104098721,-117.50901871373118,22.856368976295936,140.33072826597768,-117.47435928968174
L0,ORACLE,O2,BA,4,9042104,7.948865328926794,-0.626901413650428,8.575766742577223,8.412697558130626,0.7559535452712589,7.656744012859367,7.948865328926794,-0.626901413650428,8.575766742577223,0.9375,0.9375,0.0,0.9375,0.9375,0.0,84.6648983604778,402.78000204000114,-318.1151036795233,92.44174258130899,405.8480245701526,-313.4062819888436,20.62901733955858,155.41815632299426,-134.7891389834357,22.41038897920417,154.44990766843904,-132.03951868923485
L0,ORACLE,O2,BA,5,9042105,-4.515473056164989,-0.7259338177271845,-3.7895392384378046,14.248770596564457,0.6652237974442362,13.58354679912022,-4.515473056164989,-0.7259338177271845,-3.7895392384378046,0.875,0.9375,-0.0625,1.0,0.9375,0.0625,72.57757351787421,411.8489994996788,-339.2714259818046,84.63735624875655,414.607064357671,-329.96970810891446,19.98283309069899,149.38640722090716,-129.40357413020817,19.119497339844145,148.30977639903102,-129.19027905918688
L0,ORACLE,O3,AB,1,9042101,4.992815506781483,-1.0611817430399872,6.05399724982147,6.663636177204197,0.8657599999049954,5.797876177299202,4.992815506781483,-1.0611817430399872,6.05399724982147,0.875,0.875,0.0,1.0,0.875,0.125,67.18970336312086,378.9475570518916,-311.75785368877075,71.98663051700213,382.2569851259549,-310.27035460895274,19.693308744334487,139.22108274756596,-119.52777400323147,20.728231079977082,137.7592071914932,-117.03097611151613
L0,ORACLE,O3,AB,2,9042102,8.065535558467204,0.07903020637063185,7.986505352096572,8.085864583799609,-4.156639385155877,12.242503968955486,8.065535558467204,0.07903020637063185,7.986505352096572,1.0,0.875,0.125,1.0,0.8125,0.1875,85.05497499656845,417.98545132747984,-332.9304763309114,92.53742594806263,401.3046636247847,-308.76723767672206,20.42045531149509,155.14573904860794,-134.72528373711285,22.2119696193823,155.2684480235094,-133.0564784041271
L0,ORACLE,O3,AB,3,9042103,0.20859516314454948,0.00927655422760851,0.19931860891694098,0.07061559824021799,0.8796376374226401,-0.8090220391824221,0.20859516314454948,0.00927655422760851,0.19931860891694098,0.9375,1.0,-0.0625,0.875,1.0,-0.125,84.57758907330678,410.9600245721678,-326.382435498861,84.63735624875655,414.607064357671,-329.96970810891446,22.80869169614091,140.3177104098721,-117.50901871373118,22.856368976295936,140.33072826597768,-117.47435928968174
L0,ORACLE,O3,AB,4,9042104,7.948865328926794,-0.626901413650428,8.575766742577223,8.412697558130626,0.7559535452712589,7.656744012859367,7.948865328926794,-0.626901413650428,8.575766742577223,0.9375,0.9375,0.0,0.9375,0.9375,0.0,84.6648983604778,402.78000204000114,-318.1151036795233,92.44174258130899,405.8480245701526,-313.4062819888436,20.62901733955858,155.41815632299426,-134.7891389834357,22.41038897920417,154.44990766843904,-132.03951868923485
L0,ORACLE,O3,AB,5,9042105,-4.515473056164989,-0.7259338177271845,-3.7895392384378046,14.248770596564457,0.6652237974442362,13.58354679912022,-4.515473056164989,-0.7259338177271845,-3.7895392384378046,0.875,0.9375,-0.0625,1.0,0.9375,0.0625,72.57757351787421,411.8489994996788,-339.2714259818046,84.63735624875655,414.607064357671,-329.96970810891446,19.98283309069899,149.38640722090716,-129.40357413020817,19.119497339844145,148.30977639903102,-129.19027905918688
L0,ORACLE,O3,BA,1,9042101,4.992815506781483,-1.0611817430399872,6.05399724982147,6.663636177204197,0.8657599999049954,5.797876177299202,4.992815506781483,-1.0611817430399872,6.05399724982147,0.875,0.875,0.0,1.0,0.875,0.125,67.18970336312086,378.9475570518916,-311.75785368877075,71.98663051700213,382.2569851259549,-310.27035460895274,19.693308744334487,139.22108274756596,-119.52777400323147,20.728231079977082,137.7592071914932,-117.03097611151613
L0,ORACLE,O3,BA,2,9042102,8.065535558467204,0.07903020637063185,7.986505352096572,8.085864583799609,-4.156639385155877,12.242503968955486,8.065535558467204,0.07903020637063185,7.986505352096572,1.0,0.875,0.125,1.0,0.8125,0.1875,85.05497499656845,417.98545132747984,-332.9304763309114,92.53742594806263,401.3046636247847,-308.76723767672206,20.42045531149509,155.14573904860794,-134.72528373711285,22.2119696193823,155.2684480235094,-133.0564784041271
L0,ORACLE,O3,BA,3,9042103,0.20859516314454948,0.00927655422760851,0.19931860891694098,0.07061559824021799,0.8796376374226401,-0.8090220391824221,0.20859516314454948,0.00927655422760851,0.19931860891694098,0.9375,1.0,-0.0625,0.875,1.0,-0.125,84.57758907330678,410.9600245721678,-326.382435498861,84.63735624875655,414.607064357671,-329.96970810891446,22.80869169614091,140.3177104098721,-117.50901871373118,22.856368976295936,140.33072826597768,-117.47435928968174
L0,ORACLE,O3,BA,4,9042104,7.948865328926794,-0.626901413650428,8.575766742577223,8.412697558130626,0.7559535452712589,7.656744012859367,7.948865328926794,-0.626901413650428,8.575766742577223,0.9375,0.9375,0.0,0.9375,0.9375,0.0,84.6648983604778,402.78000204000114,-318.1151036795233,92.44174258130899,405.8480245701526,-313.4062819888436,20.62901733955858,155.41815632299426,-134.7891389834357,22.41038897920417,154.44990766843904,-132.03951868923485
L0,ORACLE,O3,BA,5,9042105,-4.515473056164989,-0.7259338177271845,-3.7895392384378046,14.248770596564457,0.6652237974442362,13.58354679912022,-4.515473056164989,-0.7259338177271845,-3.7895392384378046,0.875,0.9375,-0.0625,1.0,0.9375,0.0625,72.57757351787421,411.8489994996788,-339.2714259818046,84.63735624875655,414.607064357671,-329.96970810891446,19.98283309069899,149.38640722090716,-129.40357413020817,19.119497339844145,148.30977639903102,-129.19027905918688
L1,ORACLE,O1,AB,1,9042101,-97.65474754297107,2.769219461119131,-100.4239670040902,-20.88853291195375,-2.1523106396612985,-18.73622227229245,-30.58264963538581,3.8207476776694356,-34.403397313055244,1.0,0.9375,0.0625,1.0,0.9375,0.0625,206.7315987393214,485.71118979437443,-278.979591055053,171.01009811235727,475.47743830064076,-304.4673401882835,40.45349316162826,133.94435241646295,-93.49085925483469,20.466745000816882,137.7592071914932,-117.29246219067632
L1,ORACLE,O1,AB,2,9042102,-104.63993747708798,3.59396616694651,-108.2339036440345,-66.78157031819418,-8.7924373269185,-57.98913299127568,-43.051507453955715,4.777694290783622,-47.829201744739336,1.0,0.75,0.25,1.0,0.75,0.25,153.92568792995166,429.54107322631086,-275.6153852963592,92.29178477950805,394.82622485564036,-302.53444007613234,42.133555555139296,149.68815253360154,-107.55459697846224,20.58911670643795,155.2684480235094,-134.67933131707144
L1,ORACLE,O1,AB,3,9042103,-118.5454572848475,7.525644760284854,-126.07110204513235,-2.9087113545265404,-9.334740630595562,6.426029276069022,-28.41106839124702,7.101256710706834,-35.512325101953856,0.875,1.0,-0.125,1.0,1.0,0.0,129.61315324423674,465.980724311119,-336.36757106688225,125.94964171469589,426.19639615326605,-300.2467544385702,49.95155609795797,129.76993616715956,-79.8183800692016,22.856368976295936,140.33072826597768,-117.47435928968174
L1,ORACLE,O1,AB,4,9042104,-70.09149811188855,2.616545099139082,-72.70804321102764,-13.653656246741583,18.303507862924768,-31.95716410966635,-23.993578715503574,5.0355320166524615,-29.029110732156035,1.0,0.875,0.125,1.0,1.0,0.0,194.35922905583405,421.83683845287584,-227.4776093970418,171.01009811235727,516.3463294667449,-345.3362313543877,35.35668177243045,150.40865617871566,-115.05197440628521,20.78686011053435,154.44990766843904,-133.6630475579047
L1,ORACLE,O1,AB,5,9042105,-108.15563695464326,7.085364935100259,-115.24100188974352,-30.72063338478724,-22.15925380847179,-8.561379576315453,-25.727708954254517,10.310599119004662,-36.03830807325918,0.9375,1.0,-0.0625,1.0,0.9375,0.0625,167.60518312592407,482.31677012380925,-314.7115869978852,128.21631810225708,394.82622485564036,-266.60990675338326,44.06810573801125,137.80148750672848,-93.73338176871724,21.17074818762348,148.30977639903102,-127.13902821140755
L1,ORACLE,O1,BA,1,9042101,-143.8197972923599,1.1477772868491931,-144.9675745792091,-26.42659329754411,-1.606095001551323,-24.820498295992785,-57.132756586354745,1.635034569774674,-58.76779115612942,1.0,0.9375,0.0625,1.0,0.9375,0.0625,270.26660749439446,486.666760868811,-216.40015337441656,213.77354276906274,478.97398365853996,-265.20044088947725,49.90197617333593,136.17803830080572,-86.2760621274698,20.466745000816882,137.7592071914932,-117.29246219067632
L1,ORACLE,O1,BA,2,9042102,-144.20053609472922,3.3428602825614493,-147.54339637729066,-78.69903373721371,7.174272125379627,-85.87330586259334,-66.74837859189786,4.074071156830498,-70.82244974872836,0.9375,0.875,0.0625,1.0,1.0,0.0,186.52914079387332,475.14696521732736,-288.61782442345407,104.38172881682964,511.869905139993,-407.4881763231634,50.27873337429093,150.07804074318193,-99.799307368891,20.58911670643795,155.2684480235094,-134.67933131707144
L1,ORACLE,O1,BA,3,9042103,-155.18462484779047,6.737663048850251,-161.92228789664074,-28.174557234988868,-6.623111727603238,-21.55144550738563,-48.72701149697204,6.39685226827999,-55.12386376525203,0.9375,1.0,-0.0625,1.0,1.0,0.0,151.04724743613954,452.44852695768,-301.40127952154046,117.84495354972596,424.34376527443567,-306.4988117247097,58.325939425987556,130.87571664141845,-72.5497772154309,22.856368976295936,140.33072826597768,-117.47435928968174
L1,ORACLE,O1,BA,4,9042104,-105.71382938437155,3.183541260891803,-108.89737064526335,-21.474507342443843,10.407638139535294,-31.882145481979137,-48.432038754639116,4.466719307683009,-52.89875806232212,1.0,0.875,0.125,1.0,1.0,0.0,259.68035790720745,458.59633766784,-198.91597976063252,213.77354276906274,511.869905139993,-298.09636237093025,42.76144594215262,149.532931130405,-106.77148518825237,20.78686011053435,154.44990766843904,-133.6630475579047
L1,ORACLE,O1,BA,5,9042105,-179.2522257909091,7.281155616475362,-186.53338140738447,-77.32245628906873,-10.014790396284456,-67.30766589278427,-51.733491312853765,9.181284278690619,-60.914775591544384,0.9375,1.0,-0.0625,1.0,0.9375,0.0625,223.35792825833113,466.8409039263717,-243.48297566804058,125.96144500401911,424.34376527443567,-298.3823202704166,59.11978553052712,137.51111078497092,-78.39132525444381,21.17074818762348,148.30977639903102,-127.13902821140755
L1,ORACLE,O2,AB,1,9042101,-97.65474754297107,2.769219461119131,-100.4239670040902,-20.88853291195375,-2.1523106396612985,-18.73622227229245,-30.58264963538581,3.8207476776694356,-34.403397313055244,1.0,0.9375,0.0625,1.0,0.9375,0.0625,206.7315987393214,485.71118979437443,-278.979591055053,171.01009811235727,475.47743830064076,-304.4673401882835,40.45349316162826,133.94435241646295,-93.49085925483469,20.466745000816882,137.7592071914932,-117.29246219067632
L1,ORACLE,O2,AB,2,9042102,-104.63993747708798,3.59396616694651,-108.2339036440345,-66.78157031819418,-8.7924373269185,-57.98913299127568,-43.051507453955715,4.777694290783622,-47.829201744739336,1.0,0.75,0.25,1.0,0.75,0.25,153.92568792995166,429.54107322631086,-275.6153852963592,92.29178477950805,394.82622485564036,-302.53444007613234,42.133555555139296,149.68815253360154,-107.55459697846224,20.58911670643795,155.2684480235094,-134.67933131707144
L1,ORACLE,O2,AB,3,9042103,-118.5454572848475,7.525644760284854,-126.07110204513235,-2.9087113545265404,-9.334740630595562,6.426029276069022,-28.41106839124702,7.101256710706834,-35.512325101953856,0.875,1.0,-0.125,1.0,1.0,0.0,129.61315324423674,465.980724311119,-336.36757106688225,125.94964171469589,426.19639615326605,-300.2467544385702,49.95155609795797,129.76993616715956,-79.8183800692016,22.856368976295936,140.33072826597768,-117.47435928968174
L1,ORACLE,O2,AB,4,9042104,-70.09149811188855,2.616545099139082,-72.70804321102764,-13.653656246741583,18.303507862924768,-31.95716410966635,-23.993578715503574,5.0355320166524615,-29.029110732156035,1.0,0.875,0.125,1.0,1.0,0.0,194.35922905583405,421.83683845287584,-227.4776093970418,171.01009811235727,516.3463294667449,-345.3362313543877,35.35668177243045,150.40865617871566,-115.05197440628521,20.78686011053435,154.44990766843904,-133.6630475579047
L1,ORACLE,O2,AB,5,9042105,-108.15563695464326,7.085364935100259,-115.24100188974352,-30.72063338478724,-22.15925380847179,-8.561379576315453,-25.727708954254517,10.310599119004662,-36.03830807325918,0.9375,1.0,-0.0625,1.0,0.9375,0.0625,167.60518312592407,482.31677012380925,-314.7115869978852,128.21631810225708,394.82622485564036,-266.60990675338326,44.06810573801125,137.80148750672848,-93.73338176871724,21.17074818762348,148.30977639903102,-127.13902821140755
L1,ORACLE,O2,BA,1,9042101,-143.8197972923599,1.1477772868491931,-144.9675745792091,-26.42659329754411,-1.606095001551323,-24.820498295992785,-57.132756586354745,1.635034569774674,-58.76779115612942,1.0,0.9375,0.0625,1.0,0.9375,0.0625,270.26660749439446,486.666760868811,-216.40015337441656,213.77354276906274,478.97398365853996,-265.20044088947725,49.90197617333593,136.17803830080572,-86.2760621274698,20.466745000816882,137.7592071914932,-117.29246219067632
L1,ORACLE,O2,BA,2,9042102,-144.20053609472922,3.3428602825614493,-147.54339637729066,-78.69903373721371,7.174272125379627,-85.87330586259334,-66.74837859189786,4.074071156830498,-70.82244974872836,0.9375,0.875,0.0625,1.0,1.0,0.0,186.52914079387332,475.14696521732736,-288.61782442345407,104.38172881682964,511.869905139993,-407.4881763231634,50.27873337429093,150.07804074318193,-99.799307368891,20.58911670643795,155.2684480235094,-134.67933131707144
L1,ORACLE,O2,BA,3,9042103,-155.18462484779047,6.737663048850251,-161.92228789664074,-28.174557234988868,-6.623111727603238,-21.55144550738563,-48.72701149697204,6.39685226827999,-55.12386376525203,0.9375,1.0,-0.0625,1.0,1.0,0.0,151.04724743613954,452.44852695768,-301.40127952154046,117.84495354972596,424.34376527443567,-306.4988117247097,58.325939425987556,130.87571664141845,-72.5497772154309,22.856368976295936,140.33072826597768,-117.47435928968174
L1,ORACLE,O2,BA,4,9042104,-105.71382938437155,3.183541260891803,-108.89737064526335,-21.474507342443843,10.407638139535294,-31.882145481979137,-48.432038754639116,4.466719307683009,-52.89875806232212,1.0,0.875,0.125,1.0,1.0,0.0,259.68035790720745,458.59633766784,-198.91597976063252,213.77354276906274,511.869905139993,-298.09636237093025,42.76144594215262,149.532931130405,-106.77148518825237,20.78686011053435,154.44990766843904,-133.6630475579047
L1,ORACLE,O2,BA,5,9042105,-179.2522257909091,7.281155616475362,-186.53338140738447,-77.32245628906873,-10.014790396284456,-67.30766589278427,-51.733491312853765,9.181284278690619,-60.914775591544384,0.9375,1.0,-0.0625,1.0,0.9375,0.0625,223.35792825833113,466.8409039263717,-243.48297566804058,125.96144500401911,424.34376527443567,-298.3823202704166,59.11978553052712,137.51111078497092,-78.39132525444381,21.17074818762348,148.30977639903102,-127.13902821140755
L1,ORACLE,O3,AB,1,9042101,-97.65474754297107,2.769219461119131,-100.4239670040902,-20.88853291195375,-2.1523106396612985,-18.73622227229245,-30.58264963538581,3.8207476776694356,-34.403397313055244,1.0,0.9375,0.0625,1.0,0.9375,0.0625,206.7315987393214,485.71118979437443,-278.979591055053,171.01009811235727,475.47743830064076,-304.4673401882835,40.45349316162826,133.94435241646295,-93.49085925483469,20.466745000816882,137.7592071914932,-117.29246219067632
L1,ORACLE,O3,AB,2,9042102,-104.63993747708798,3.59396616694651,-108.2339036440345,-66.78157031819418,-8.7924373269185,-57.98913299127568,-43.051507453955715,4.777694290783622,-47.829201744739336,1.0,0.75,0.25,1.0,0.75,0.25,153.92568792995166,429.54107322631086,-275.6153852963592,92.29178477950805,394.82622485564036,-302.53444007613234,42.133555555139296,149.68815253360154,-107.55459697846224,20.58911670643795,155.2684480235094,-134.67933131707144
L1,ORACLE,O3,AB,3,9042103,-118.5454572848475,7.525644760284854,-126.07110204513235,-2.9087113545265404,-9.334740630595562,6.426029276069022,-28.41106839124702,7.101256710706834,-35.512325101953856,0.875,1.0,-0.125,1.0,1.0,0.0,129.61315324423674,465.980724311119,-336.36757106688225,125.94964171469589,426.19639615326605,-300.2467544385702,49.95155609795797,129.76993616715956,-79.8183800692016,22.856368976295936,140.33072826597768,-117.47435928968174
L1,ORACLE,O3,AB,4,9042104,-70.09149811188855,2.616545099139082,-72.70804321102764,-13.653656246741583,18.303507862924768,-31.95716410966635,-23.993578715503574,5.0355320166524615,-29.029110732156035,1.0,0.875,0.125,1.0,1.0,0.0,194.35922905583405,421.83683845287584,-227.4776093970418,171.01009811235727,516.3463294667449,-345.3362313543877,35.35668177243045,150.40865617871566,-115.05197440628521,20.78686011053435,154.44990766843904,-133.6630475579047
L1,ORACLE,O3,AB,5,9042105,-108.15563695464326,7.085364935100259,-115.24100188974352,-30.72063338478724,-22.15925380847179,-8.561379576315453,-25.727708954254517,10.310599119004662,-36.03830807325918,0.9375,1.0,-0.0625,1.0,0.9375,0.0625,167.60518312592407,482.31677012380925,-314.7115869978852,128.21631810225708,394.82622485564036,-266.60990675338326,44.06810573801125,137.80148750672848,-93.73338176871724,21.17074818762348,148.30977639903102,-127.13902821140755
L1,ORACLE,O3,BA,1,9042101,-143.8197972923599,1.1477772868491931,-144.9675745792091,-26.42659329754411,-1.606095001551323,-24.820498295992785,-57.132756586354745,1.635034569774674,-58.76779115612942,1.0,0.9375,0.0625,1.0,0.9375,0.0625,270.26660749439446,486.666760868811,-216.40015337441656,213.77354276906274,478.97398365853996,-265.20044088947725,49.90197617333593,136.17803830080572,-86.2760621274698,20.466745000816882,137.7592071914932,-117.29246219067632
L1,ORACLE,O3,BA,2,9042102,-144.20053609472922,3.3428602825614493,-147.54339637729066,-78.69903373721371,7.174272125379627,-85.87330586259334,-66.74837859189786,4.074071156830498,-70.82244974872836,0.9375,0.875,0.0625,1.0,1.0,0.0,186.52914079387332,475.14696521732736,-288.61782442345407,104.38172881682964,511.869905139993,-407.4881763231634,50.27873337429093,150.07804074318193,-99.799307368891,20.58911670643795,155.2684480235094,-134.67933131707144
L1,ORACLE,O3,BA,3,9042103,-155.18462484779047,6.737663048850251,-161.92228789664074,-28.174557234988868,-6.623111727603238,-21.55144550738563,-48.72701149697204,6.39685226827999,-55.12386376525203,0.9375,1.0,-0.0625,1.0,1.0,0.0,151.04724743613954,452.44852695768,-301.40127952154046,117.84495354972596,424.34376527443567,-306.4988117247097,58.325939425987556,130.87571664141845,-72.5497772154309,22.856368976295936,140.33072826597768,-117.47435928968174
L1,ORACLE,O3,BA,4,9042104,-105.71382938437155,3.183541260891803,-108.89737064526335,-21.474507342443843,10.407638139535294,-31.882145481979137,-48.432038754639116,4.466719307683009,-52.89875806232212,1.0,0.875,0.125,1.0,1.0,0.0,259.68035790720745,458.59633766784,-198.91597976063252,213.77354276906274,511.869905139993,-298.09636237093025,42.76144594215262,149.532931130405,-106.77148518825237,20.78686011053435,154.44990766843904,-133.6630475579047
L1,ORACLE,O3,BA,5,9042105,-179.2522257909091,7.281155616475362,-186.53338140738447,-77.32245628906873,-10.014790396284456,-67.30766589278427,-51.733491312853765,9.181284278690619,-60.914775591544384,0.9375,1.0,-0.0625,1.0,0.9375,0.0625,223.35792825833113,466.8409039263717,-243.48297566804058,125.96144500401911,424.34376527443567,-298.3823202704166,59.11978553052712,137.51111078497092,-78.39132525444381,21.17074818762348,148.30977639903102,-127.13902821140755
L2,M0,O1,AB,1,9042101,-65.30201143574023,-16.887227485694325,-48.4147839500459,-90.58726297652997,-1.474171712090163,-89.1130912644398,-48.896289557911516,-13.438467252096212,-35.457822305815306,1.0,0.9375,0.0625,1.0,0.9375,0.0625,301.5436819777645,293.72022192621654,7.823460051547954,158.21817117699956,289.4531849538824,-131.23501377688282,51.64181362747065,89.6019528591835,-37.96013923171285,31.240886410838364,76.65675265516052,-45.41586624432215
L2,M0,O1,AB,2,9042102,-40.464773664209076,-3.7090046044519416,-36.755769059757135,-72.86930917607124,-40.69980197505857,-32.16950720101267,-29.953815617107775,1.5190343524980523,-31.47284996960583,0.8125,0.9375,-0.125,0.75,0.75,0.0,179.77691249156675,401.84124839339853,-222.06433590183178,103.99585290669494,285.60185782253745,-181.6060049158425,62.61327763844563,103.20737501202248,-40.59409737357685,44.57578651579013,99.51631047434822,-54.94052395855809
L2,M0,O1,AB,3,9042103,-47.21463689912975,-8.977380656254022,-38.23725624287573,-54.061497162170944,7.306012223938481,-61.367509386109425,-10.518925729010864,-0.3887501122321293,-10.130175616778734,0.8125,0.75,0.0625,0.75,0.9375,-0.1875,160.3677780279394,264.74492909095784,-104.37715106301843,104.09335296743886,285.6117591256862,-181.51840615824733,63.460326094939845,98.38992160918713,-34.92959551424728,43.10734817654194,90.28471873400703,-47.17737055746509
L2,M0,O1,AB,4,9042104,-35.99011491980477,11.247228804736537,-47.237343724541304,-90.60568960794474,-72.87048491889941,-17.735204689045332,-0.4523316373591685,8.781257228855225,-9.233588866214394,1.0,1.0,0.0,1.0,0.75,0.25,301.57283625699847,413.6243421354163,-112.05150587841786,158.21817117699956,239.26834145774762,-81.05017028074806,42.25579984994938,81.75552249086144,-39.499722640912054,31.072699567073833,92.11602228283385,-61.04332271576002
L2,M0,O1,AB,5,9042105,-73.35641012013866,10.310043512491932,-83.66645363263059,-72.35068485975165,-33.497094483593685,-38.85359037615797,-23.37299860097832,10.302037127896789,-33.67503572887511,0.9375,1.0,-0.0625,0.875,1.0,-0.125,238.6899437657332,373.44737611100084,-134.75743234526763,138.4908588903864,279.74195060619553,-141.25109171580914,64.07180822130891,80.45964398723075,-16.387835765921835,36.959584117429614,89.70864424316795,-52.74906012573834
L2,M0,O1,BA,1,9042101,-54.568199193794435,0.4711742173057862,-55.03937341110022,-4.541620249690858,-7.125306735134683,2.583686485443825,-33.797219870527385,4.430852301093045,-38.22807217162043,0.875,1.0,-0.125,1.0,0.875,0.125,144.06725128910935,325.77475246819614,-181.7075011790868,137.80851200221892,304.1062493978833,-166.29773739566437,46.25826496460596,86.08756908945196,-39.829304124846004,29.927414051455884,86.49511175527263,-56.56769770381675
L2,M0,O1,BA,2,9042102,-42.93437087117365,-3.7694692054184555,-39.164901665755195,-59.93771761189841,-21.559119941067607,-38.3785976708308,-46.50626420327613,5.855733696473133,-52.36199789974926,0.875,0.6875,0.1875,0.9375,0.6875,0.25,212.83383626493261,291.37192127695636,-78.53808501202374,133.0729482969057,239.69564884824334,-106.62270055133763,61.09787178939652,110.56280766521587,-49.46493587581935,42.74540225490191,106.5465676097365,-63.80116535483459
L2,M0,O1,BA,3,9042103,-59.378594379176114,-15.843648719893459,-43.534945659282656,-43.74167471076683,1.5581118932323674,-45.299786603999195,-42.460714140168314,-0.35828817489646747,-42.10242596527185,0.75,0.75,0.0,0.8125,0.9375,-0.125,145.8732606500493,300.7095791378717,-154.83631848782238,101.48292827641781,305.469129982279,-203.98620170586122,62.681849884860554,106.83304770165621,-44.15119781679566,39.32890117962438,92.22175655048244,-52.89285537085806
L2,M0,O1,BA,4,9042104,-63.945791196532,8.701793695193082,-72.64758489172507,-24.349641842989797,-25.93160046181847,1.581958618828672,-45.79270645908149,9.530432725071291,-55.32313918415278,1.0,1.0,0.0,1.0,0.875,0.125,283.5945514976455,325.4897115680125,-41.89516007036701,228.06221818935873,258.4654767940463,-30.40325860468758,48.460854622226584,91.0238822560746,-42.563027633848016,29.55907209849233,99.69952964046581,-70.14045754197349
L2,M0,O1,BA,5,9042105,-51.645835060300975,-7.6062622441756975,-44.03957281612528,45.52471135339931,-17.101547566584298,62.62625891998361,-62.388164242578334,0.25678359709520276,-62.644947839673534,0.6875,0.8125,-0.125,1.0,0.875,0.125,124.23755165249344,302.66707325117903,-178.4295215986856,228.06221818935873,258.4654767940463,-30.40325860468758,60.86174958532982,104.18200982201384,-43.32026023668402,40.13413857434894,96.81779447520286,-56.68365590085392
L2,M0,O2,AB,1,9042101,-50.63405208009762,-4.28268961125594,-46.35136246884168,-174.27029057610577,27.986415006471855,-202.2567055825776,-32.141921204380736,1.6484385065553693,-33.79035971093611,1.0,0.6875,0.3125,0.75,1.0,-0.25,409.01202386749276,289.3849412664619,119.62708260103085,149.12735280527886,401.84770872394273,-252.72035591866387,84.88985569850658,109.6376869886116,-24.747831290105026,56.35502366580934,105.13507792838675,-48.78005426257741
L2,M0,O2,AB,2,9042102,-50.44038217244992,-16.83332360161919,-33.60705857083073,-56.10169815180283,-50.557847855412604,-5.543850296390225,-54.54164363595813,-15.928629579472663,-38.61301405648547,1.0,0.75,0.25,0.9375,0.6875,0.25,392.4484903395732,403.17802862177246,-10.729538282199258,251.40565092247255,267.7894472887008,-16.38379636622824,89.89262896577424,152.43517881578887,-62.54254985001464,59.75299162875713,130.4723465161067,-70.71935488734958
L2,M0,O2,AB,3,9042103,-57.362928215747424,-11.411481149316383,-45.951447066431044,-38.42637026215927,-34.86192627464701,-3.5644439875122558,-53.53451188062805,-0.8146474084285042,-52.719864472199546,0.625,1.0,-0.375,0.6875,0.9375,-0.25,235.41837423501852,541.9395606756419,-306.5211864406234,170.06757728976828,401.84770872394273,-231.78013143417445,114.93756565026558,119.7886261206912,-4.851060470425622,73.03979847952759,107.51910385263398,-34.479305373106385
L2,M0,O2,AB,4,9042104,-37.618470447490836,1.1806676850067577,-38.799138132497596,-66.55089828145144,-35.38681831052357,-31.164079970927865,-26.0949405171733,3.3319776029606745,-29.426918120133973,0.875,0.875,0.0,0.875,0.8125,0.0625,418.71836994170815,422.48551994968506,-3.767150007976909,251.40565092247255,312.05809045653996,-60.65243953406741,100.4050644209818,128.77915672085535,-28.374092299873553,72.95900331873835,130.3177765969549,-57.358773278216546
L2,M0,O2,AB,5,9042105,-59.17490024701273,-3.685489272499668,-55.48941097451306,-73.07421409686295,-32.511260743634615,-40.56295335322833,-34.71523311443421,0.9565996303811686,-35.67183274481538,0.9375,0.875,0.0625,1.0,0.9375,0.0625,529.5701434319296,440.347768236008,89.22237519592164,305.97864979213466,332.3096963720955,-26.331046579960855,100.64856646964928,124.86668667199784,-24.218120202348558,63.231430529222635,120.42831407568622,-57.19688354646358
L2,M0,O2,BA,1,9042101,-71.72153262371913,-5.886387427634303,-65.83514519608482,-114.25015258683581,1.46561510128573,-115.71576768812155,-53.82563857454647,-0.9954786430039632,-52.830159931542504,0.875,0.875,0.0,0.875,1.0,-0.125,322.6705254414506,387.2946273116252,-64.62410187017463,150.60457206006978,393.0553052213541,-242.45073316128432,95.06356131442524,113.49880037238601,-18.43523905796077,55.3591386368133,107.18922717989057,-51.83008854307727
L2,M0,O2,BA,2,9042102,-42.92083067481943,-13.14589899776331,-29.774931677056117,-53.303657457251965,-28.545468874899115,-24.75818858235285,-44.99819059400859,-8.492751805860898,-36.50543878814769,0.8125,0.8125,0.0,0.875,0.6875,0.1875,272.0038539137469,382.95451373625207,-110.95065982250514,177.4281569176482,297.91366205909964,-120.48550514145143,86.49852894170112,143.07532307920013,-56.57679413749901,60.52198866553391,126.45206264349756,-65.93007397796364
L2,M0,O2,BA,3,9042103,-39.69263551882243,2.4606245864593155,-42.153260105281745,-58.85044126617608,-40.05561922067756,-18.794822045498513,-27.0763193807718,18.787444829425826,-45.86376421019763,0.875,1.0,-0.125,0.8125,0.9375,-0.125,331.13309179554864,588.646562927099,-257.5134711315504,208.45588413612836,420.2948558598014,-211.838971723673,97.9154204825449,109.0588296643904,-11.143409181845499,70.0934735169712,111.81005537713393,-41.716581860162734
L2,M0,O2,BA,4,9042104,-37.59234035866962,-12.323996763584534,-25.268343595085085,-137.72175547241207,-1.5064698786798358,-136.21528559373223,-22.912592718492746,-5.441517960547619,-17.471074757945125,0.875,0.75,0.125,0.875,0.8125,0.0625,358.0198325229117,371.2886236743054,-13.268791151393714,150.60457206006978,365.77828400304753,-215.17371194297775,78.02532445695093,154.12394945697048,-76.09862500001955,56.70760759905527,137.21373339426745,-80.50612579521217
L2,M0,O2,BA,5,9042105,-35.14871097530828,-6.613158796416699,-28.535552178891585,-92.93990732469786,-37.02364490129728,-55.916262423400575,-9.990731490253777,-0.6101471520680548,-9.380584338185722,1.0,1.0,0.0,0.9375,1.0,-0.0625,475.21716271881485,637.5798959868065,-162.36273326799164,246.30319839382614,465.30647790465406,-219.00327951082792,85.99596759736662,134.94664609458286,-48.950678497216245,63.63062361214685,126.57597581577187,-62.94535220362502
L2,M0,O3,AB,1,9042101,-68.9852331066636,-19.250640789291236,-49.73459231737236,-150.1488555392404,-38.9813861255689,-111.1674694136715,-55.63330170032406,-7.7431014903506705,-47.89020020997339,1.0,1.0,0.0,1.0,1.0,0.0,392.9929271041536,550.8797963037844,-157.88686919963078,157.10362786069413,396.36947915173874,-239.2658512910446,79.39581064978177,123.15075540593098,-43.754944756149214,46.98387497543473,103.2705187920382,-56.28664381660347
L2,M0,O3,AB,2,9042102,-45.59009734339716,-24.921818937463733,-20.668278405933428,-143.84749203816165,-13.817343130871045,-130.0301489072906,-48.7140137911625,-20.62183122233225,-28.09218256883025,0.8125,0.625,0.1875,0.625,0.6875,-0.0625,288.5009361516543,388.3142896110837,-99.81335345942944,118.31203747074194,341.1732157238873,-222.8611782531454,83.38772849133456,167.4367478076763,-84.04901931634176,57.27568702330865,134.03322912828838,-76.75754210497973
L2,M0,O3,AB,3,9042103,-27.21756106520131,-9.810104530093094,-17.407456535108217,-61.35327223854004,-6.1221165714481875,-55.231155667091855,-12.198155119420772,5.633611332758964,-17.831766452179735,0.8125,0.9375,-0.125,0.75,0.9375,-0.1875,252.3813802924234,387.61374736023066,-135.23236706780727,156.4154087431893,365.2525598650912,-208.8371511219019,95.84465223839244,125.71749037114316,-29.872838132750715,75.33916814304459,114.48626782491651,-39.14709968187192
L2,M0,O3,AB,4,9042104,-19.18309415266746,-15.140121424512243,-4.042972728155219,-126.4602088214301,-57.57708523426403,-68.88312358716607,3.8625458008636233,-18.208178971917846,22.070724772781467,1.0,0.9375,0.0625,0.9375,0.875,0.0625,373.25151833953953,586.6157179898815,-213.36419965034202,164.81991263809982,372.27222290460674,-207.4523102665069,57.71939927464365,137.7204917468349,-80.00109247219126,48.42918342152457,119.61120940551268,-71.18202598398811
L2,M0,O3,AB,5,9042105,-10.468399191482666,0.4391044978317241,-10.90750368931439,-100.60871351314938,-16.431427169727606,-84.17728634342177,18.449952619092738,8.061067416790141,10.388885202302596,1.0,0.9375,0.0625,0.875,0.875,0.0,340.58828673238145,420.9976915672711,-80.40940483488964,169.7774143345258,361.58424044185494,-191.80682610732916,65.45211358031118,117.78922949814455,-52.33711591783337,59.24962619115935,118.3087284460788,-59.05910225491945
L2,M0,O3,BA,1,9042101,-55.41758766297965,-9.83796243546663,-45.57962522751302,-51.58661068425437,-38.99467232189672,-12.591938362357645,-40.40276236885165,-2.432088156482105,-37.970674212369545,1.0,1.0,0.0,1.0,0.875,0.125,332.4561870691432,506.21025706964537,-173.75407000050217,219.31764657079714,364.1940001105343,-144.87635353973718,75.62925457988796,124.08261073711864,-48.45335615723069,48.661966587648166,112.96878418517751,-64.30681759752935
L2,M0,O3,BA,2,9042102,-41.81168691275361,-11.723649165716166,-30.08803774703744,-2.1174232621464624,-29.524369500023322,27.40694623787686,-53.14440391104997,-4.827333135743761,-48.317070775306206,0.75,0.6875,0.0625,0.9375,0.6875,0.25,249.5378475293844,434.00628355487765,-184.46843602549325,244.36363507605728,335.07693203231497,-90.7132969562577,84.48732205186397,149.2754347355356,-64.78811268367164,59.577122232417175,133.61131313757937,-74.0341909051622
L2,M0,O3,BA,3,9042103,-33.33597507544048,-2.133882334491146,-31.202092740949332,-49.41898569046307,-3.7982634518298046,-45.62072223863326,-26.230421694571017,16.602914095152304,-42.83333578972332,0.6875,0.9375,-0.25,0.75,0.9375,-0.1875,221.83021934107472,421.70237629022836,-199.87215694915363,148.46186936419113,406.27112850103697,-257.80925913684587,103.37537559274026,117.55484753144844,-14.17947193870819,77.52999558765086,115.09877510232425,-37.568779514673395
L2,M0,O3,BA,4,9042104,-24.0993651367731,1.177910146766767,-25.277275283539865,-71.6588490009933,-71.67280310897831,0.01395410798501473,-3.303091493392709,8.69772340419278,-12.000814897585489,1.0,1.0,0.0,0.9375,0.875,0.0625,376.47814775949684,569.2466763772542,-192.76852861775734,219.31764657079714,331.5881526183824,-112.27050604758529,57.49328425074164,123.93018520293998,-66.43690095219834,46.32842737541551,125.4073713549231,-79.07894397950759
L2,M0,O3,BA,5,9042105,-45.09643995224248,-9.536488950032457,-35.55995100221002,-11.383510239134644,-26.394061359748893,15.010551120614249,-25.31150322079085,-1.7671134948857679,-23.544389725905084,0.9375,0.9375,0.0,1.0,0.875,0.125,272.18079449566187,432.0864980890238,-159.90570359336192,244.36363507605728,341.85664535234633,-97.49301027628906,77.20207271152867,132.31669637909425,-55.11462366756558,53.20742034535046,120.79691219558215,-67.5894918502317
L2,M1,O1,AB,1,9042101,64.54770592322832,64.61050681926363,-0.0628008960353128,47.23653322264674,68.43349065890584,-21.196957436259098,70.17750334415564,69.99037623725201,0.1871271069036311,1.0,0.875,0.125,1.0,1.0,0.0,306.16535285742884,269.25758650284376,36.90776635458508,580.2601147293052,852.9849898617609,-272.72487513245574,57.93019153257711,88.48190863654526,-30.551717103968144,163.4032240822828,250.02310201127375,-86.61987792899095
L2,M1,O1,AB,2,9042102,57.93923278280671,56.95607888426114,0.9831538985455737,67.06332778138743,70.80572184301674,-3.7423940616293123,67.60172729128738,66.35379963056336,1.2479276607240166,0.75,0.75,0.0,1.0,1.0,0.0,185.02519574771475,284.7602616346768,-99.73506588696205,561.7604429483215,975.3975080440969,-413.63706509577537,64.84290522000012,104.75302270033315,-39.91011748033303,154.16481797672517,243.36310444085117,-89.198286464126
L2,M1,O1,AB,3,9042103,55.33040857180184,69.13711681724656,-13.806708245444725,72.81181141361789,80.2645300074706,-7.452718593852708,66.49754558422315,76.27380226710136,-9.776256682878213,0.75,0.8125,-0.0625,1.0,0.9375,0.0625,155.10429924807124,241.14336842613716,-86.03906917806592,570.4841231157236,1221.8780121143232,-651.3938889985996,72.36753782772239,96.8275126074787,-24.45997477975631,162.00626760610933,313.7345011939362,-151.72823358782685
L2,M1,O1,AB,4,9042104,71.73188371702162,69.81295944123002,1.9189242757915963,37.10875747236842,57.26147298607192,-20.152715513703505,77.07902727612408,70.9918833558005,6.087143920323584,1.0,0.9375,0.0625,0.875,0.8125,0.0625,306.80408547739825,336.6600370635959,-29.855951586197648,487.83276199798775,787.7202622212076,-299.88750022321983,47.091580537041146,88.62307541527812,-41.53149487823698,166.58902937015756,293.5798732662822,-126.99084389612466
L2,M1,O1,AB,5,9042105,55.42630587625807,67.13826019483139,-11.71195431857332,67.00354726733906,66.36153852516573,0.6420087421733314,69.3059326628309,71.86195753443077,-2.556024871599874,0.8125,0.9375,-0.125,1.0,1.0,0.0,190.03024634503237,295.2785190934779,-105.24827274844552,575.911137735525,877.8003099647785,-301.8891722292535,70.14729241244098,86.2261600502874,-16.07886763784643,157.37374653692302,262.39073330111836,-105.01698676419534
L2,M1,O1,BA,1,9042101,66.1546130460213,62.45393330129959,3.700679744721704,60.312274068360786,66.35150568324515,-6.039231614884365,73.12662021155572,66.80066332968734,6.325956881868379,1.0,1.0,0.0,0.9375,1.0,-0.0625,205.4737948902727,328.0853595033108,-122.61156461303813,517.726299673089,975.0372673880534,-457.31096771496436,51.60414643660942,88.23252966824784,-36.628383231638416,152.470250988054,234.9980635156701,-82.5278125276161
L2,M1,O1,BA,2,9042102,56.06037630328727,45.94775899120196,10.112617312085312,70.45196109722781,69.18939555575325,1.262565541474558,62.63651676267725,56.192969512075294,6.443547250601959,0.6875,0.6875,0.0,0.9375,1.0,-0.0625,146.4397872626533,282.22185622412326,-135.78206896146995,495.5990065686365,915.9893527399541,-420.3903461713176,62.78997731550469,115.21152709277249,-52.42154977726779,142.9005804621905,213.14847440649055,-70.24789394430005
L2,M1,O1,BA,3,9042103,53.7623416118095,54.477968929636894,-0.7156273178273977,71.34916025104414,71.91600078381026,-0.5668405327661219,61.26362795797621,62.800080640976056,-1.536452682999844,0.8125,0.875,-0.0625,1.0,1.0,0.0,159.43663391478398,303.56380604103407,-144.1271721262501,556.4815388023468,1080.9137391872484,-524.4322003849016,65.54522468892577,111.2247106997412,-45.679486010815424,141.75723203506038,244.3316084201557,-102.57437638509532
L2,M1,O1,BA,4,9042104,47.807319200568635,63.740810765149604,-15.933491564580969,10.691709920282706,60.964603144938316,-50.27289322465561,53.15748107403408,65.37666182728815,-12.219180753254065,1.0,0.9375,0.0625,0.8125,0.8125,0.0,253.0347988680423,300.63205412390664,-47.597255255864354,283.32733572905875,770.152421506441,-486.82508577738224,52.420229568281,95.99449930538941,-43.57426973710841,100.43597831221598,264.74529996695196,-164.30932165473598
L2,M1,O1,BA,5,9042105,35.237260828810875,54.625675327497845,-19.38841449868697,68.51473432195023,72.95061290404783,-4.435878582097601,48.1972557031293,61.61644666753936,-13.419190964410056,0.5,0.8125,-0.3125,1.0,1.0,0.0,124.49233339271625,295.33748023389364,-170.84514684117738,395.39870701966856,1091.8453685706236,-696.446661550955,67.12398394662134,108.50177547764046,-41.37779153101913,103.6459927508481,239.12592916979528,-135.4799364189472
L2,M1,O2,AB,1,9042101,70.44267422812389,70.36154766443616,0.0811265636877323,70.04084912104643,77.2933731269275,-7.252524005881071,75.04124721537056,74.75680886091246,0.2844383544581035,0.9375,0.6875,0.25,1.0,1.0,0.0,336.26643751911524,327.7017982367126,8.564639282402652,1122.4164492437064,1443.1989395365904,-320.78249029288395,90.56822524090019,117.12126833462747,-26.553043093727283,306.4154921859546,395.16661331904646,-88.75112113309189
L2,M1,O2,AB,2,9042102,66.8781118700007,58.28213302450047,8.595978845500227,71.52963453435237,73.24585346967817,-1.7162189353257986,73.73948433283562,64.79336459191595,8.94611974091967,0.8125,0.75,0.0625,1.0,0.9375,0.0625,271.35634281515837,346.0250299047759,-74.66868708961755,953.1185791857049,1293.351030699515,-340.23245151381,94.20503940623217,156.00851310137892,-61.80347369514675,284.41929106362863,373.96090551082364,-89.541614447195
L2,M1,O2,AB,3,9042103,64.42626190737167,68.70375749603063,-4.277495588658965,73.00015418270425,64.86267589500893,8.137478287695316,68.84193485814897,74.93807292267753,-6.09613806452856,0.6875,1.0,-0.3125,0.9375,1.0,-0.0625,261.3780073049005,502.5070019208536,-241.1289946159531,968.0722218697454,1430.1231374914948,-462.0509156217495,113.60378153237936,122.64279695332775,-9.039015420948388,319.34732649285615,391.87706619340247,-72.52973970054632
L2,M1,O2,AB,4,9042104,65.82634564759388,65.95690573617885,-0.13056008858497137,56.68185807734758,65.56937517737911,-8.887517100031538,67.90038661261198,69.51967158790225,-1.6192849752902703,0.875,0.8125,0.0625,0.9375,0.9375,0.0,380.64673879954853,424.6123940667804,-43.96565526723185,878.723606103004,1233.240454549667,-354.51684844666295,108.00817734906255,141.86130607707287,-33.85312872801032,316.0568554807129,416.7109633974551,-100.65410791674219
L2,M1,O2,AB,5,9042105,67.45846601493534,69.47462631319615,-2.0161602982608144,43.87477843098335,69.49997328417977,-25.625194853196426,71.96610236101972,74.5542481480423,-2.588145787022583,1.0,0.9375,0.0625,0.9375,1.0,-0.0625,520.6800044028703,442.0205997030316,78.65940469983866,927.7112674960134,1449.246598442347,-521.5353309463336,98.43047586529269,125.28266416739689,-26.852188302104196,302.47644720887644,410.4213938634165,-107.94494665454005
L2,M1,O2,BA,1,9042101,66.41696971371198,68.58158678664913,-2.1646170729371477,59.25582360276632,70.29393122080486,-11.038107618038545,71.54292045534821,72.78165151207675,-1.2387310567285397,1.0,0.875,0.125,1.0,1.0,0.0,400.45622642938395,415.8469888614818,-15.390762432097858,982.8551263992979,1399.8721673758573,-417.01704097655943,101.3336070777519,114.5373184901576,-13.203711412405696,301.7405106504832,364.5547523752292,-62.81424172474601
L2,M1,O2,BA,2,9042102,56.44109786142762,53.77647199320465,2.66462586822297,57.85939912671137,61.768685133810635,-3.9092860070992685,63.7675696166806,62.05979321538844,1.7077764012921648,0.875,0.875,0.0,1.0,0.9375,0.0625,302.3116088720243,425.016164320684,-122.70455544865973,717.3879883227969,1111.6964347374717,-394.3084464146748,90.29905659875757,145.93774066694152,-55.63868406818395,207.30333448600794,315.72176975649097,-108.41843527048303
L2,M1,O2,BA,3,9042103,63.53254878609259,68.80643522186725,-5.273886435774656,64.5771421012902,62.25307764339135,2.3240644578988565,70.49420242180739,75.82822018351115,-5.3340177617037625,0.875,0.9375,-0.0625,0.9375,1.0,-0.0625,326.805533673833,499.3101540391899,-172.5046203653569,922.5837582284296,1322.7837473000545,-400.19998907162494,104.17981059002265,110.83914437355331,-6.659333783530656,285.67889205893323,355.32695657552273,-69.6480645165895
L2,M1,O2,BA,4,9042104,69.44304157909994,59.63358133115393,9.809460247946014,52.791244167824146,66.40261472641441,-13.611370558590266,72.39515785065691,63.835088004771784,8.560069845885131,0.875,0.6875,0.1875,0.9375,0.9375,0.0,386.91940685719794,378.5489114373582,8.370495419839756,819.5924676190832,1126.7213455892802,-307.128877970197,86.25768995681952,152.26657925784852,-66.008889301029,282.2849341504546,377.2110191567838,-94.92608500632917
L2,M1,O2,BA,5,9042105,58.41621098105442,61.71096546862933,-3.294754487574913,46.025197962048786,55.93407537999899,-9.908877417950201,66.20722629226805,67.03280249387616,-0.825576201608115,0.875,1.0,-0.125,1.0,1.0,0.0,414.2533092370984,601.2433016884,-186.98999245130165,767.4938926979762,1364.4177601472652,-596.923867449289,90.09899358110931,140.19778251629543,-50.09878893518612,216.66855211308473,366.1564837876225,-149.48793167453778
L2,M1,O3,AB,1,9042101,69.65488695193618,67.8750977363312,1.7797892156049784,53.183668216279315,62.27864032829558,-9.094972112016265,72.12726492296065,73.59481870742634,-1.467553784465693,1.0,0.875,0.125,0.9375,1.0,-0.0625,385.21186936535935,482.0596805643109,-96.84781119895155,822.8151473826235,1277.9488458522187,-455.1336984695952,84.03967441022589,125.13567600290095,-41.096001592675066,276.94632172605475,389.528581210413,-112.58225948435825
L2,M1,O3,AB,2,9042102,67.96181625643044,53.32232759945432,14.63948865697612,75.15758524324923,60.94642968275671,14.211155560492521,72.866778238082,61.6533605500153,11.213417688066706,0.8125,0.625,0.1875,1.0,0.9375,0.0625,273.71257053363166,424.56399845744136,-150.8514279238097,1101.7953496620212,1087.1323543752517,14.662995286769501,88.29077523403706,167.8363551370128,-79.54557990297573,275.57983917161994,359.5645337599368,-83.98469458831687
L2,M1,O3,AB,3,9042103,69.90681954948924,69.73674458203375,0.17007496745549133,72.21791551089864,66.46600926704413,5.751906243854506,74.390372051337,77.05568991037977,-2.665317859042773,0.9375,0.9375,0.0,0.9375,1.0,-0.0625,306.00386531263234,469.89471663645077,-163.89085132381842,1101.4431456094467,1401.2490203698212,-299.80587476037454,98.82276732885117,119.55165107180878,-20.728883742957606,328.38924251083574,395.038965308521,-66.64972279768529
L2,M1,O3,AB,4,9042104,77.26420548093,65.42624976139776,11.837955719532246,57.44727229413945,51.681994532277955,5.765277761861498,79.40935354850386,68.45316923101788,10.956184317485977,1.0,0.9375,0.0625,1.0,0.9375,0.0625,384.7179668872016,524.3321648775881,-139.61419799038646,904.0970758596437,1085.1693065597638,-181.07223070012003,68.25158267482281,137.61411166464376,-69.36252898982094,300.1944032242892,398.03061778063926,-97.83621455635006
L2,M1,O3,AB,5,9042105,69.91418622275442,64.12876312608519,5.785423096669234,70.00155301748812,62.043286821629685,7.958266195858435,75.15874087807727,69.63648104417669,5.522259833900577,1.0,0.9375,0.0625,1.0,1.0,0.0,335.97110370766256,484.2875217362342,-148.31641802857166,1119.961656360154,1275.894252119296,-155.93259575914203,73.04977276563648,133.10157821423053,-60.05180544859405,242.8047095767285,371.0537740364916,-128.24906445976308
L2,M1,O3,BA,1,9042101,59.482050515016404,65.66181178135842,-6.17976126634202,47.62463034466262,65.70902670976888,-18.084396365106258,65.7667427079155,70.51236381921306,-4.745621111297567,0.9375,0.875,0.0625,0.9375,1.0,-0.0625,339.4128219063866,437.7930480870523,-98.38022618066566,648.0390002780598,1276.7005601785345,-628.6615599004747,86.81323212566477,125.91566608996845,-39.102433964303685,214.2587007218584,366.6928065284793,-152.43410580662092
L2,M1,O3,BA,2,9042102,54.69825706366218,45.30115935899301,9.397097704669171,49.29476065392878,62.02780630605166,-12.733045652122875,62.79767573544992,55.129233105898315,7.668442629551606,1.0,0.6875,0.3125,1.0,1.0,0.0,383.52197900826286,439.19815160486996,-55.6761725966071,756.3754435526182,1156.6309682942162,-400.25552474159804,85.22664236264718,151.16868475142982,-65.94204238878264,188.13104494106443,276.3654274567945,-88.23438251573009
L2,M1,O3,BA,3,9042103,47.10669134175703,65.69041677789829,-18.583725436141265,64.68983620740826,63.447628594893,1.2422076125152657,55.76274423778235,74.89516189952937,-19.13241766174702,0.625,0.9375,-0.3125,0.9375,0.9375,0.0,259.6310319527977,428.4101007413573,-168.77906878855964,735.2869657525339,1172.044615090284,-436.7576493377501,114.26423395302672,118.31671351709203,-4.052479564065308,216.02776769234987,344.85033744412897,-128.8225697517791
L2,M1,O3,BA,4,9042104,65.35475057764214,65.11853654427635,0.2362140333657834,40.25244404459767,54.98872923911104,-14.736285194513371,70.15291215315773,69.64905865750208,0.5038534956556475,1.0,0.9375,0.0625,1.0,0.9375,0.0625,429.81576072037274,447.6251158126308,-17.809355092258045,719.3863478553035,994.4734024296415,-275.087054574338,69.86680026144941,123.76550174784825,-53.898701486398835,201.66343561193062,354.81740009259767,-153.15396448066704
L2,M1,O3,BA,5,9042105,58.66252609595713,56.37141552249136,2.2911105734657724,48.081058184971184,51.23359338227874,-3.1525351973075573,69.10308111834969,61.7636197302078,7.339461388141892,1.0,0.9375,0.0625,1.0,1.0,0.0,407.60080505062024,446.8990194783752,-39.29821442775494,785.0714802754961,916.4075241007736,-131.33604382527744,87.70844778175169,133.17918239206534,-45.470734610313656,212.17660272456482,305.2567118255274,-93.0801091009626
L2,M2,O1,AB,1,9042101,-7.510399018452451,48.73256576178855,-56.242964780241,-3.304359881093749,51.253025139061315,-54.55738502015507,5.379049644727689,57.15532656230167,-51.77627691757398,1.0,1.0,0.0,1.0,1.0,0.0,250.8084722690595,342.1724982786569,-91.36402600959741,242.7859507166466,701.9358621838137,-459.1499114671671,48.497746596040614,84.82373996084706,-36.32599336480645,45.10981917918168,165.45345251084342,-120.34363333166175
L2,M2,O1,AB,2,9042102,-12.382748825810033,34.92625087361272,-47.308999699422756,-0.1564661921663759,53.34301398771313,-53.499480179879505,-5.000040353651935,45.91862265537514,-50.91866300902707,0.875,0.8125,0.0625,0.9375,1.0,-0.0625,194.1152017530718,341.83226519500363,-147.71706344193183,193.811951572483,732.6496938850355,-538.8377423125526,55.63133404763597,115.36049746620866,-59.72916341857269,49.50166696301663,177.2765500911184,-127.77488312810176
L2,M2,O1,AB,3,9042103,-33.6614121638605,44.395275954738615,-78.05668811859911,4.66102111377532,49.926433501716105,-45.265412387940785,-5.36171654900146,53.104160701273884,-58.46587725027534,0.6875,0.875,-0.1875,0.875,0.9375,-0.0625,169.48817591263258,365.138717059841,-195.6505411472084,177.7742722783887,729.2045336382319,-551.4302613598431,66.41819569681616,103.995034164151,-37.57683846733484,49.69137660717786,187.02553775736868,-137.33416115019082
L2,M2,O1,AB,4,9042104,1.7892328182246924,55.07095284520696,-53.28172002698227,1.6975977161836509,54.088357581195616,-52.390759865011965,23.077454450219065,54.99132124218426,-31.913866791965198,1.0,0.8125,0.1875,1.0,0.875,0.125,232.10201670746793,305.05417920255934,-72.95216249509141,236.11021838240384,664.4375220120985,-428.32730362969465,44.425574452297006,95.08121716489848,-50.65564271260147,45.23493271371261,211.6252695885521,-166.39033687483948
L2,M2,O1,AB,5,9042105,-28.407369138340925,47.847177015122284,-76.25454615346321,-11.882070264213088,48.209658528127385,-60.091728792340476,7.3448409745041365,53.08080726165162,-45.735966287147484,0.9375,1.0,-0.0625,0.9375,1.0,-0.0625,209.45471586418802,364.35030421339025,-154.89558834920223,187.2102610986318,703.5101408073729,-516.2998797087411,56.51787992823206,89.69816180911747,-33.1802818808854,44.01451435964082,171.99100005598245,-127.97648569634163
L2,M2,O1,BA,1,9042101,-1.828984166979577,48.177098722192284,-50.006082889171864,-35.861700435726995,49.317875608056575,-85.17957604378357,15.78568324225777,53.25404160655689,-37.46835836429912,1.0,1.0,0.0,1.0,1.0,0.0,252.07463859211302,358.96813262317886,-106.89349403106584,185.53767381364673,708.2736505817059,-522.7359767680591,38.706259843066924,88.65625610263552,-49.9499962595686,38.011043868999266,171.0754394613585,-133.06439559235923
L2,M2,O1,BA,2,9042102,-19.195241388390464,26.745218995924567,-45.94046038431503,-10.497221080853071,32.716974268799895,-43.21419534965297,-11.565062597996457,34.83134362624603,-46.39640622424249,0.875,0.875,0.0,0.9375,1.0,-0.0625,196.98352516111035,389.1609318336571,-192.17740667254677,178.27011687196503,578.3939226936366,-400.12380582167157,52.67300376903849,119.27629422744131,-66.60329045840282,44.190525691715074,162.82390390438206,-118.633378212667
L2,M2,O1,BA,3,9042103,-31.048374548954577,42.803149812641855,-73.85152436159643,-12.102749359837052,56.787264530873806,-68.89001389071086,-5.80493133897547,47.541575116332986,-53.34650645530846,0.8125,0.9375,-0.125,0.9375,0.9375,0.0,181.54732411775154,386.4485171967019,-204.90119307895037,161.94725388492063,894.2931129014137,-732.345859016493,51.482449654443634,101.65055751298131,-50.168107858537674,39.28507303630217,177.72055135904753,-138.43547832274535
L2,M2,O1,BA,4,9042104,-17.884707866091816,40.95359172719936,-58.838299593291175,-29.999436484843756,33.300796090089236,-63.30023257493299,8.152616354389824,44.48105861445402,-36.32844226006419,1.0,0.8125,0.1875,1.0,0.8125,0.1875,234.2829395274722,373.1151090471954,-138.8321695197232,180.21842698894048,559.3996437366093,-379.1812167476688,43.76836957282026,115.54162730790563,-71.77325773508537,37.128114719118486,195.6793489861248,-158.55123426700632
L2,M2,O1,BA,5,9042105,-46.489298381773416,43.360001419823185,-89.8492998015966,-15.86714966893992,57.60891638316138,-73.4760660521013,-4.894319585487141,50.61558241644421,-55.50990200193135,0.875,1.0,-0.125,1.0,1.0,0.0,199.53779231402592,378.18365274765546,-178.64586043362954,172.2125666197477,892.1301851256123,-719.9176185058647,55.25886916125495,94.73571263344468,-39.47684347218973,37.72212016282713,167.25938384221786,-129.53726367939072
L2,M2,O2,AB,1,9042101,43.694880328093944,56.16469134785003,-12.469811019756087,32.324526606917736,56.23904324836142,-23.914516641443683,53.789201051689965,61.854301349683944,-8.065100297993979,0.9375,0.9375,0.0,1.0,1.0,0.0,278.63378375638723,431.0348297039341,-152.4010459475469,411.72047979330273,984.9757905208378,-573.2553107275351,59.74259815476848,116.21457896529301,-56.471980810524535,106.10509044806734,265.1163697454497,-159.01127929738232
L2,M2,O2,AB,2,9042102,39.01401204784826,34.37422580676279,4.639786241085474,25.03663825140196,50.451155276385705,-25.414517024983745,48.29781272181233,41.444932155864656,6.852880565947672,0.9375,0.6875,0.25,1.0,0.9375,0.0625,254.64351456459914,377.88400672532396,-123.24049216072481,339.69062836134276,762.6494801910682,-422.9588518297254,57.92341149822448,144.89807758108603,-86.97466608286155,94.97822933305584,220.79446583659183,-125.81623650353599
L2,M2,O2,AB,3,9042103,38.28890076313182,50.519824547301646,-12.230923784169825,7.2015699239631745,42.87632851311837,-35.67475858915519,43.5514830528639,58.4234785188803,-14.8719954660164,0.875,1.0,-0.125,0.9375,1.0,-0.0625,296.79258156008956,563.0243000794219,-266.23171851933233,319.825002768802,985.6234472056292,-665.7984444368271,64.15167143552998,126.26474913703888,-62.1130777015089,103.9548350764164,255.1825008335801,-151.2276657571637
L2,M2,O2,AB,4,9042104,52.70121761294922,38.42860849041653,14.272609122532693,9.752617621423063,48.10120844752413,-38.348590826101066,58.28054183435736,41.97903773087196,16.3015041034854,1.0,0.6875,0.3125,0.6875,0.875,-0.1875,306.2486471643041,406.88876351800843,-100.64011635370434,339.3435234272256,784.0043117508725,-444.6607883236469,55.47332394259539,157.64224616551581,-102.16892222292043,117.28277376920934,256.0316444057937,-138.74887063658437
L2,M2,O2,AB,5,9042105,39.89986300661281,44.10213632321153,-4.2022733165987205,30.53095235285672,37.027029696965336,-6.496077344108617,50.21740905915298,49.85067320426519,0.3667358548877857,1.0,1.0,0.0,1.0,1.0,0.0,285.1408797261523,534.7105881648247,-249.56970843867236,410.457447429651,849.1112704255861,-438.6538229959351,58.242641535459605,131.50858366473955,-73.26594212927995,96.90933240612752,235.2658492015829,-138.35651679545538
L2,M2,O2,BA,1,9042101,7.083867442324837,57.236796053380374,-50.152928611055536,-42.35191366086894,65.16833543575245,-107.5202490966214,19.74991857126396,63.08458512476288,-43.33466655349892,1.0,0.8125,0.1875,1.0,1.0,0.0,336.6273841674016,334.20136973921626,2.42601442818534,236.4754891664916,959.4757354268173,-723.0002462603258,59.85037327083556,106.7826610882747,-46.93228781743913,64.41332804471287,249.70687701877804,-185.29354897406517
L2,M2,O2,BA,2,9042102,0.07823936424513055,31.41739927013693,-31.339159905891798,12.706400528429992,46.00582181936327,-33.29942129093328,8.426698565006468,41.71064212097983,-33.28394355597336,0.75,0.8125,-0.0625,0.875,0.9375,-0.0625,197.94779638108082,387.14391625059,-189.19611986950918,226.76095106554627,717.0104801954865,-490.24952912994024,67.31273254457183,135.36669387456055,-68.05396132998872,67.36543883563778,197.3776036982767,-130.0121648626389
L2,M2,O2,BA,3,9042103,24.011288549720586,51.49743381889776,-27.486145269177175,40.540854199840076,50.25772666720742,-9.716872467367345,38.14507717959719,58.99794027118953,-20.85286309159234,0.75,0.9375,-0.1875,0.9375,1.0,-0.0625,182.77566114397592,515.4720396932884,-332.69637854931244,307.3970516802889,1036.2856483148782,-728.8885966345894,74.56402051418559,118.95198897530932,-44.387968461123734,98.12512818166942,245.24885658865583,-147.1237284069864
L2,M2,O2,BA,4,9042104,18.9552860303753,45.72385470773048,-26.76856867735518,-55.920888153933085,48.837758801625306,-104.75864695555839,26.785777769546627,48.828272494237716,-22.04249472469109,1.0,0.75,0.25,0.875,0.875,0.0,332.85303370476277,388.84229748706383,-55.989263782301066,213.47558857935263,760.0181078451592,-546.5425192658065,51.91756408511098,146.94590994429336,-95.02834585918238,64.06039523388228,270.7375572694229,-206.67716203554062
L2,M2,O2,BA,5,9042105,-2.4722559108378825,43.421989098726016,-45.894245009563896,-58.908065826290375,53.89844614551822,-112.80651197180859,12.911325375398116,48.25404769437267,-35.34272231897456,0.9375,0.9375,0.0,0.9375,1.0,-0.0625,376.08752406256895,432.0925231406802,-56.00499907811127,236.66987708080677,937.2623849178008,-700.592507836994,64.26033716413404,126.53171884551378,-62.27138168137974,62.70998583269953,223.64115816355897,-160.93117233085945
L2,M2,O3,AB,1,9042101,38.899792858747986,43.60321446554852,-4.703421606800532,16.41386888231763,41.035509589224404,-24.621640706906774,45.91227012218151,47.816799968657584,-1.9045298464760734,1.0,0.9375,0.0625,0.9375,1.0,-0.0625,264.4606172999037,475.2336545658673,-210.77303726596364,316.3929395506594,805.9658469956347,-489.5729074449753,60.01093227375256,116.45469495123406,-56.4437626774815,98.21723212004625,206.4917243910907,-108.27449227104447
L2,M2,O3,AB,2,9042102,31.326177300015203,29.786557233603272,1.5396200664119313,16.496402371682837,28.94286439377927,-12.446462022096433,42.910701274743964,38.53412123333755,4.376580041406413,0.875,0.875,0.0,0.9375,0.875,0.0625,261.60378954725576,488.5412538275376,-226.93746428028186,313.28445357729413,687.53299673505,-374.2485431577559,67.63070621612192,154.04387725467876,-86.41317103855684,98.48105661975461,219.39371035713154,-120.91265373737693
L2,M2,O3,AB,3,9042103,17.821331144104036,39.14632110935082,-21.324989965246786,43.438335535142436,39.39419694595137,4.044138589191064,28.58951576093062,46.36755804328019,-17.77804228234957,0.5625,0.9375,-0.375,0.875,0.9375,-0.0625,205.88702608466468,531.2238357224533,-325.3368096377886,364.00453917438153,876.5230538216028,-512.5185146472213,100.86900659012325,140.9244692798204,-40.055462689697166,122.74353916221452,231.57921073770115,-108.83567157548663
L2,M2,O3,AB,4,9042104,57.43683650663536,45.07261084593381,12.36422566070155,2.4428415313858816,28.684149468564556,-26.241307937178675,63.473450657400456,48.242525804526636,15.23092485287382,1.0,0.875,0.125,0.9375,0.8125,0.125,279.0204753174622,455.2068276425854,-176.18635232512315,286.00717743047846,638.2968502099459,-352.2896727794674,40.03707409606247,135.1813193022635,-95.14424520620102,94.06508071775262,246.10912949656594,-152.0440487788133
L2,M2,O3,AB,5,9042105,37.08504377292894,47.45380499082118,-10.368761217892242,29.10840353841802,41.90413982660338,-12.795736288185356,54.27909168638109,53.80671061609797,0.47238107028312015,1.0,1.0,0.0,1.0,1.0,0.0,256.02148431457624,512.5747119470504,-256.5532276324742,361.14503988257763,882.2912861900782,-521.1462463075005,60.42544923216156,113.19893402135469,-52.77348478919313,96.04306011765401,215.4274614966526,-119.38440137899859
L2,M2,O3,BA,1,9042101,9.27003301950771,50.127320050852255,-40.85728703134454,-4.817170068746234,44.79261215842596,-49.6097822271722,23.788636756491126,55.25784670956624,-31.46920995307511,0.9375,1.0,-0.0625,0.9375,1.0,-0.0625,238.91321846494768,462.9092807798827,-223.99606231493502,227.93328450696782,838.4915477404419,-610.558263233474,58.30761851563651,112.6717823473751,-54.36416383173859,64.26500577055555,225.91884467058907,-161.65383890003352
L2,M2,O3,BA,2,9042102,7.012966924073176,28.502738835693556,-21.48977191162038,-0.42279594334797355,34.11022415715858,-34.53302010050655,17.291994293425834,37.63620286839028,-20.344208574964444,0.875,0.75,0.125,0.875,0.875,0.0,216.50529944363257,419.7903032430403,-203.28500379940772,215.59377769741724,637.1099277136914,-421.51615001627414,59.03818125094119,147.89544072119378,-88.85725947025259,63.49076779633852,206.85469389004732,-143.3639260937088
L2,M2,O3,BA,3,9042103,3.36553834263999,39.7780234482881,-36.412485105648116,-19.94104411728122,38.53064692487592,-58.47169104215713,10.997419254917036,48.074287156284925,-37.07686790136789,0.875,1.0,-0.125,0.6875,1.0,-0.3125,243.29799827332897,547.7370086887785,-304.4390104154495,202.84799091412475,891.0733256284116,-688.2253347142869,74.34216657115567,126.19332649171864,-51.851159920562964,76.93131963083019,209.54696892646479,-132.6156492956346
L2,M2,O3,BA,4,9042104,28.17450128028891,41.16646510699851,-12.991963826709597,23.979018733630053,33.17640651481121,-9.19738778118116,35.70061444281302,46.49716499041421,-10.796550547601193,1.0,0.8125,0.1875,1.0,0.875,0.125,255.74281554922476,441.18753693216166,-185.4447213829369,336.4108319690421,660.2271950998105,-323.8163631307684,45.70279317015491,135.9489015058076,-90.2461083356527,63.63031790214731,231.0738284773355,-167.44351057518818
L2,M2,O3,BA,5,9042105,7.992372269300008,46.45569500150224,-38.463322732202236,6.351302650289066,49.63071451818385,-43.27941186789479,22.016696229625147,53.297467330834706,-31.28077110120956,0.8125,1.0,-0.1875,0.875,1.0,-0.125,234.78053811825447,460.9609846696201,-226.1804465513656,250.70347454115353,915.1628423159426,-664.4593677747891,61.41897501642282,120.38045957169814,-58.96148455527532,66.75422085241883,224.82402110752125,-158.06980025510242
