TASK_ID,ENTRY_TYPE,AUTHORITY_IDENTITY,COMMIT_OR_VERSION,LOCAL_PATH_OR_URL,SHA256,BYTES,TASK_STATUS,SCIENTIFIC_OUTPUT_CHANGED,PUBLICATION_CANDIDATE,ROLE,NOTES
D08C2_TALLY_PROTOCOL_APPLICABILITY_CLOSURE_v01,INPUT_AUTHORITY,FIA_NFI_FIELD_GUIDE_V9_5,v9.5 September 2025,C:\range_paper\03_doc\FIA\v9-5_sep2025_fg_nfi_natl.pdf,09279b80db8b4d516599f621b7bda851fcf727825eeecfe93bc65d6071a2d1e7,NOT_REREAD_LOCAL,INPUT_BLOCKED_REQUIRED_OFFICIAL_ASSET_MISSING,NO,YES,Methods/QC,Frozen pre-existing authority; not modified or redownloaded.
D08C2_TALLY_PROTOCOL_APPLICABILITY_CLOSURE_v01,INPUT_AUTHORITY,FIADB_DATABASE_GUIDE_V9_4,v9.4 August 2025,C:\range_paper\03_doc\FIA\wo-v9-4_Aug2025_UG_FIADB_database_description_NFI.pdf,ec735ead3852ba6dbb65cb7257b4f8e0795d4c641be4d625ed81ce64eeba2833,NOT_REREAD_LOCAL,INPUT_BLOCKED_REQUIRED_OFFICIAL_ASSET_MISSING,NO,YES,Methods/QC,Frozen pre-existing authority; not modified or redownloaded.
D08C2_TALLY_PROTOCOL_APPLICABILITY_CLOSURE_v01,OFFICIAL_WEB_AUTHORITY,FIA_DATAMART_TREE_SPECIES_LIST_ROUTE,current,https://research.fs.usda.gov/products/dataandtools/fia-datamart,,N/A,INPUT_BLOCKED_REQUIRED_OFFICIAL_ASSET_MISSING,NO,YES,Methods/Data,Official route located; no raw Box asset promoted as canonical input in this task.
D08C2_TALLY_PROTOCOL_APPLICABILITY_CLOSURE_v01,MISSING_REQUIRED_AUTHORITY,VERSION_MATCHED_HISTORICAL_TALLY_LISTS,PLOT.MANUAL-specific,official historical Field Guides / species-list snapshots,,N/A,INPUT_BLOCKED_REQUIRED_OFFICIAL_ASSET_MISSING,NO,YES,Methods/Data,Needed because exclusion list changed across versions.
D08C2_TALLY_PROTOCOL_APPLICABILITY_CLOSURE_v01,MISSING_REQUIRED_AUTHORITY,VISIT_LEVEL_NFS_EXCLUSION_REGION,plot-visit specific,official office-assigned code or deterministic public crosswalk,,N/A,INPUT_BLOCKED_REQUIRED_OFFICIAL_ASSET_MISSING,NO,YES,Methods/Data,State and SURVEY.RSCD are insufficient substitutes.
D08C2_TALLY_PROTOCOL_APPLICABILITY_CLOSURE_v01,DERIVED_OUTPUT,Q1_FIA_TALLY_PROTOCOL_APPLICABILITY_v01,v01,outputs/Q1_FIA_TALLY_PROTOCOL_APPLICABILITY_v01.csv,,see SHA256SUMS,INPUT_BLOCKED_REQUIRED_OFFICIAL_ASSET_MISSING,NO,YES,Methods/Data/QC,Rule authority; not species-outcome data.
D08C2_TALLY_PROTOCOL_APPLICABILITY_CLOSURE_v01,DERIVED_OUTPUT,Q1_FIA_TALLY_PROTOCOL_AUTHORITY_LEDGER_v01,v01,evidence/Q1_FIA_TALLY_PROTOCOL_AUTHORITY_LEDGER_v01.csv,,see SHA256SUMS,INPUT_BLOCKED_REQUIRED_OFFICIAL_ASSET_MISSING,NO,YES,Methods/QC,Official-source evidence ledger.
D08C2_TALLY_PROTOCOL_APPLICABILITY_CLOSURE_v01,DERIVED_OUTPUT,Q1_FIA_TALLY_PROTOCOL_CROSSWALK_RULES_v01,v01,outputs/Q1_FIA_TALLY_PROTOCOL_CROSSWALK_RULES_v01.md,,see SHA256SUMS,INPUT_BLOCKED_REQUIRED_OFFICIAL_ASSET_MISSING,NO,YES,Methods,Protocol rules and blocker.
D08C2_TALLY_PROTOCOL_APPLICABILITY_CLOSURE_v01,DERIVED_OUTPUT,Q1_FIA_TALLY_PROTOCOL_QC_v01,v01,qc/Q1_FIA_TALLY_PROTOCOL_QC_v01.csv,,see SHA256SUMS,INPUT_BLOCKED_REQUIRED_OFFICIAL_ASSET_MISSING,NO,YES,QC,Boundary and blocker audit.
