analysis_species_id,analysis_species_name,component_fia_codes,component_fia_names,dbh_component_code_count,drc_component_code_count,diameter_basis_composition,diameter_measurement_bases,woodland_indicators,dia_threshold_inches,official_large_tree_subplot_ge5_flag,main_analysis_candidate_retained_flag,dbh_only_sensitivity_flag,regional_manual_exception_status,drc_scientific_inclusion_status
6364,Alnus glutinosa,355,Alnus glutinosa,1,0,DBH_ONLY,DBH_BREAST_HEIGHT,N,5.0,1,1,1,PRESERVE_PROTOCOL_VARIABLES_NO_REINTERPRETATION,RETAINED_AS_PRIMARY_CANDIDATE_PER_D08B
6544,Alnus oblongifolia,353,Alnus oblongifolia,1,0,DBH_ONLY,DBH_BREAST_HEIGHT,N,5.0,1,1,1,PRESERVE_PROTOCOL_VARIABLES_NO_REINTERPRETATION,RETAINED_AS_PRIMARY_CANDIDATE_PER_D08B
6578,Alnus rhombifolia,352,Alnus rhombifolia,1,0,DBH_ONLY,DBH_BREAST_HEIGHT,N,5.0,1,1,1,PRESERVE_PROTOCOL_VARIABLES_NO_REINTERPRETATION,RETAINED_AS_PRIMARY_CANDIDATE_PER_D08B
6584,Alnus rubra,351,Alnus rubra,1,0,DBH_ONLY,DBH_BREAST_HEIGHT,N,5.0,1,1,1,PRESERVE_PROTOCOL_VARIABLES_NO_REINTERPRETATION,RETAINED_AS_PRIMARY_CANDIDATE_PER_D08B
18443,Avicennia germinans,986,Avicennia germinans,1,0,DBH_ONLY,DBH_BREAST_HEIGHT,N,5.0,1,1,1,PRESERVE_PROTOCOL_VARIABLES_NO_REINTERPRETATION,RETAINED_AS_PRIMARY_CANDIDATE_PER_D08B
21135,Betula alleghaniensis,371,Betula alleghaniensis,1,0,DBH_ONLY,DBH_BREAST_HEIGHT,N,5.0,1,1,1,PRESERVE_PROTOCOL_VARIABLES_NO_REINTERPRETATION,RETAINED_AS_PRIMARY_CANDIDATE_PER_D08B
21527,Betula nigra,373,Betula nigra,1,0,DBH_ONLY,DBH_BREAST_HEIGHT,N,5.0,1,1,1,PRESERVE_PROTOCOL_VARIABLES_NO_REINTERPRETATION,RETAINED_AS_PRIMARY_CANDIDATE_PER_D08B
21535,Betula occidentalis,374,Betula occidentalis,1,0,DBH_ONLY,DBH_BREAST_HEIGHT,N,5.0,1,1,1,PRESERVE_PROTOCOL_VARIABLES_NO_REINTERPRETATION,RETAINED_AS_PRIMARY_CANDIDATE_PER_D08B
21557,Betula papyrifera,375,Betula papyrifera,1,0,DBH_ONLY,DBH_BREAST_HEIGHT,N,5.0,1,1,1,PRESERVE_PROTOCOL_VARIABLES_NO_REINTERPRETATION,RETAINED_AS_PRIMARY_CANDIDATE_PER_D08B
21620,Betula populifolia,379,Betula populifolia,1,0,DBH_ONLY,DBH_BREAST_HEIGHT,N,5.0,1,1,1,PRESERVE_PROTOCOL_VARIABLES_NO_REINTERPRETATION,RETAINED_AS_PRIMARY_CANDIDATE_PER_D08B
34302,Carpinus caroliniana,391,Carpinus caroliniana,1,0,DBH_ONLY,DBH_BREAST_HEIGHT,N,5.0,1,1,1,PRESERVE_PROTOCOL_VARIABLES_NO_REINTERPRETATION,RETAINED_AS_PRIMARY_CANDIDATE_PER_D08B
34965,Castanea dentata,421,Castanea dentata,1,0,DBH_ONLY,DBH_BREAST_HEIGHT,N,5.0,1,1,1,PRESERVE_PROTOCOL_VARIABLES_NO_REINTERPRETATION,RETAINED_AS_PRIMARY_CANDIDATE_PER_D08B
35016,Castanea mollissima,424,Castanea mollissima,1,0,DBH_ONLY,DBH_BREAST_HEIGHT,N,5.0,1,1,1,PRESERVE_PROTOCOL_VARIABLES_NO_REINTERPRETATION,RETAINED_AS_PRIMARY_CANDIDATE_PER_D08B
35021,Castanea ozarkensis,423,Castanea pumila var. ozarkensis,1,0,DBH_ONLY,DBH_BREAST_HEIGHT,N,5.0,1,1,1,PRESERVE_PROTOCOL_VARIABLES_NO_REINTERPRETATION,RETAINED_AS_PRIMARY_CANDIDATE_PER_D08B
35028,Castanea pumila,422,Castanea pumila,1,0,DBH_ONLY,DBH_BREAST_HEIGHT,N,5.0,1,1,1,PRESERVE_PROTOCOL_VARIABLES_NO_REINTERPRETATION,RETAINED_AS_PRIMARY_CANDIDATE_PER_D08B
39927,Chrysolepis chrysophylla,431,Chrysolepis chrysophylla var. chrysophylla,1,0,DBH_ONLY,DBH_BREAST_HEIGHT,N,5.0,1,1,1,PRESERVE_PROTOCOL_VARIABLES_NO_REINTERPRETATION,RETAINED_AS_PRIMARY_CANDIDATE_PER_D08B
47363,Cornus florida,491,Cornus florida,1,0,DBH_ONLY,DBH_BREAST_HEIGHT,N,5.0,1,1,1,PRESERVE_PROTOCOL_VARIABLES_NO_REINTERPRETATION,RETAINED_AS_PRIMARY_CANDIDATE_PER_D08B
47451,Cornus nuttallii,492,Cornus nuttallii,1,0,DBH_ONLY,DBH_BREAST_HEIGHT,N,5.0,1,1,1,PRESERVE_PROTOCOL_VARIABLES_NO_REINTERPRETATION,RETAINED_AS_PRIMARY_CANDIDATE_PER_D08B
73008,Eucalyptus globulus,511,Eucalyptus globulus,1,0,DBH_ONLY,DBH_BREAST_HEIGHT,N,5.0,1,1,1,PRESERVE_PROTOCOL_VARIABLES_NO_REINTERPRETATION,RETAINED_AS_PRIMARY_CANDIDATE_PER_D08B
73044,Eucalyptus grandis,513,Eucalyptus grandis,1,0,DBH_ONLY,DBH_BREAST_HEIGHT,N,5.0,1,1,1,PRESERVE_PROTOCOL_VARIABLES_NO_REINTERPRETATION,RETAINED_AS_PRIMARY_CANDIDATE_PER_D08B
83824,Fagus grandifolia,531,Fagus grandifolia,1,0,DBH_ONLY,DBH_BREAST_HEIGHT,N,5.0,1,1,1,PRESERVE_PROTOCOL_VARIABLES_NO_REINTERPRETATION,RETAINED_AS_PRIMARY_CANDIDATE_PER_D08B
113859,Liriodendron tulipifera,621,Liriodendron tulipifera,1,0,DBH_ONLY,DBH_BREAST_HEIGHT,N,5.0,1,1,1,PRESERVE_PROTOCOL_VARIABLES_NO_REINTERPRETATION,RETAINED_AS_PRIMARY_CANDIDATE_PER_D08B
117423,Magnolia acuminata,651,Magnolia acuminata,1,0,DBH_ONLY,DBH_BREAST_HEIGHT,N,5.0,1,1,1,PRESERVE_PROTOCOL_VARIABLES_NO_REINTERPRETATION,RETAINED_AS_PRIMARY_CANDIDATE_PER_D08B
117583,Magnolia fraseri,655,Magnolia fraseri,1,0,DBH_ONLY,DBH_BREAST_HEIGHT,N,5.0,1,1,1,PRESERVE_PROTOCOL_VARIABLES_NO_REINTERPRETATION,RETAINED_AS_PRIMARY_CANDIDATE_PER_D08B
117615,Magnolia grandiflora,652,Magnolia grandiflora,1,0,DBH_ONLY,DBH_BREAST_HEIGHT,N,5.0,1,1,1,PRESERVE_PROTOCOL_VARIABLES_NO_REINTERPRETATION,RETAINED_AS_PRIMARY_CANDIDATE_PER_D08B
117698,Magnolia macrophylla,654,Magnolia macrophylla,1,0,DBH_ONLY,DBH_BREAST_HEIGHT,N,5.0,1,1,1,PRESERVE_PROTOCOL_VARIABLES_NO_REINTERPRETATION,RETAINED_AS_PRIMARY_CANDIDATE_PER_D08B
117869,Magnolia tripetala,658,Magnolia tripetala,1,0,DBH_ONLY,DBH_BREAST_HEIGHT,N,5.0,1,1,1,PRESERVE_PROTOCOL_VARIABLES_NO_REINTERPRETATION,RETAINED_AS_PRIMARY_CANDIDATE_PER_D08B
117883,Magnolia virginiana,653,Magnolia virginiana,1,0,DBH_ONLY,DBH_BREAST_HEIGHT,N,5.0,1,1,1,PRESERVE_PROTOCOL_VARIABLES_NO_REINTERPRETATION,RETAINED_AS_PRIMARY_CANDIDATE_PER_D08B
123857,Melaleuca quinquenervia,992,Melaleuca quinquenervia,1,0,DBH_ONLY,DBH_BREAST_HEIGHT,N,5.0,1,1,1,PRESERVE_PROTOCOL_VARIABLES_NO_REINTERPRETATION,RETAINED_AS_PRIMARY_CANDIDATE_PER_D08B
136188,Nyssa aquatica,691,Nyssa aquatica,1,0,DBH_ONLY,DBH_BREAST_HEIGHT,N,5.0,1,1,1,PRESERVE_PROTOCOL_VARIABLES_NO_REINTERPRETATION,RETAINED_AS_PRIMARY_CANDIDATE_PER_D08B
136191,Nyssa biflora,694,Nyssa biflora,1,0,DBH_ONLY,DBH_BREAST_HEIGHT,N,5.0,1,1,1,PRESERVE_PROTOCOL_VARIABLES_NO_REINTERPRETATION,RETAINED_AS_PRIMARY_CANDIDATE_PER_D08B
136212,Nyssa ogeche,692,Nyssa ogeche,1,0,DBH_ONLY,DBH_BREAST_HEIGHT,N,5.0,1,1,1,PRESERVE_PROTOCOL_VARIABLES_NO_REINTERPRETATION,RETAINED_AS_PRIMARY_CANDIDATE_PER_D08B
136221,Nyssa sylvatica,693,Nyssa sylvatica,1,0,DBH_ONLY,DBH_BREAST_HEIGHT,N,5.0,1,1,1,PRESERVE_PROTOCOL_VARIABLES_NO_REINTERPRETATION,RETAINED_AS_PRIMARY_CANDIDATE_PER_D08B
144637,Ostrya virginiana,701,Ostrya virginiana,1,0,DBH_ONLY,DBH_BREAST_HEIGHT,N,5.0,1,1,1,PRESERVE_PROTOCOL_VARIABLES_NO_REINTERPRETATION,RETAINED_AS_PRIMARY_CANDIDATE_PER_D08B
171430,Quercus acutissima,8427,Quercus acutissima,1,0,DBH_ONLY,DBH_BREAST_HEIGHT,N,5.0,1,1,1,PRESERVE_PROTOCOL_VARIABLES_NO_REINTERPRETATION,RETAINED_AS_PRIMARY_CANDIDATE_PER_D08B
171483,Quercus agrifolia,801,Quercus agrifolia,1,0,DBH_ONLY,DBH_BREAST_HEIGHT,N,5.0,1,1,1,PRESERVE_PROTOCOL_VARIABLES_NO_REINTERPRETATION,RETAINED_AS_PRIMARY_CANDIDATE_PER_D08B
171499,Quercus alba,802,Quercus alba,1,0,DBH_ONLY,DBH_BREAST_HEIGHT,N,5.0,1,1,1,PRESERVE_PROTOCOL_VARIABLES_NO_REINTERPRETATION,RETAINED_AS_PRIMARY_CANDIDATE_PER_D08B
171655,Quercus arizonica,803,Quercus arizonica,0,1,DRC_ONLY,DRC_ROOT_COLLAR,Y,5.0,1,1,0,PRESERVE_PROTOCOL_VARIABLES_NO_REINTERPRETATION,RETAINED_AS_PRIMARY_CANDIDATE_PER_D08B
171657,Quercus arkansana,6768,Quercus arkansana,1,0,DBH_ONLY,DBH_BREAST_HEIGHT,N,5.0,1,1,1,PRESERVE_PROTOCOL_VARIABLES_NO_REINTERPRETATION,RETAINED_AS_PRIMARY_CANDIDATE_PER_D08B
171779,Quercus bicolor,804,Quercus bicolor,1,0,DBH_ONLY,DBH_BREAST_HEIGHT,N,5.0,1,1,1,PRESERVE_PROTOCOL_VARIABLES_NO_REINTERPRETATION,RETAINED_AS_PRIMARY_CANDIDATE_PER_D08B
171890,Quercus buckleyi,8513,Quercus buckleyi,1,0,DBH_ONLY,DBH_BREAST_HEIGHT,N,5.0,1,1,1,PRESERVE_PROTOCOL_VARIABLES_NO_REINTERPRETATION,RETAINED_AS_PRIMARY_CANDIDATE_PER_D08B
172147,Quercus chrysolepis,805,Quercus chrysolepis,1,0,DBH_ONLY,DBH_BREAST_HEIGHT,N,5.0,1,1,1,PRESERVE_PROTOCOL_VARIABLES_NO_REINTERPRETATION,RETAINED_AS_PRIMARY_CANDIDATE_PER_D08B
172244,Quercus coccinea,806,Quercus coccinea,1,0,DBH_ONLY,DBH_BREAST_HEIGHT,N,5.0,1,1,1,PRESERVE_PROTOCOL_VARIABLES_NO_REINTERPRETATION,RETAINED_AS_PRIMARY_CANDIDATE_PER_D08B
172538,Quercus douglasii,807,Quercus douglasii,1,0,DBH_ONLY,DBH_BREAST_HEIGHT,N,5.0,1,1,1,PRESERVE_PROTOCOL_VARIABLES_NO_REINTERPRETATION,RETAINED_AS_PRIMARY_CANDIDATE_PER_D08B
172621,Quercus ellipsoidalis,809,Quercus ellipsoidalis,1,0,DBH_ONLY,DBH_BREAST_HEIGHT,N,5.0,1,1,1,PRESERVE_PROTOCOL_VARIABLES_NO_REINTERPRETATION,RETAINED_AS_PRIMARY_CANDIDATE_PER_D08B
172635,Quercus emoryi,810,Quercus emoryi,0,1,DRC_ONLY,DRC_ROOT_COLLAR,Y,5.0,1,1,0,PRESERVE_PROTOCOL_VARIABLES_NO_REINTERPRETATION,RETAINED_AS_PRIMARY_CANDIDATE_PER_D08B
172644,Quercus engelmannii,811,Quercus engelmannii,1,0,DBH_ONLY,DBH_BREAST_HEIGHT,N,5.0,1,1,1,PRESERVE_PROTOCOL_VARIABLES_NO_REINTERPRETATION,RETAINED_AS_PRIMARY_CANDIDATE_PER_D08B
172729,Quercus falcata,812,Quercus falcata,1,0,DBH_ONLY,DBH_BREAST_HEIGHT,N,5.0,1,1,1,PRESERVE_PROTOCOL_VARIABLES_NO_REINTERPRETATION,RETAINED_AS_PRIMARY_CANDIDATE_PER_D08B
172843,Quercus gambelii,814,Quercus gambelii,0,1,DRC_ONLY,DRC_ROOT_COLLAR,Y,5.0,1,1,0,PRESERVE_PROTOCOL_VARIABLES_NO_REINTERPRETATION,RETAINED_AS_PRIMARY_CANDIDATE_PER_D08B
172855,Quercus garryana,815,Quercus garryana,1,0,DBH_ONLY,DBH_BREAST_HEIGHT,N,5.0,1,1,1,PRESERVE_PROTOCOL_VARIABLES_NO_REINTERPRETATION,RETAINED_AS_PRIMARY_CANDIDATE_PER_D08B
172866,Quercus geminata,8441,Quercus geminata,1,0,DBH_ONLY,DBH_BREAST_HEIGHT,N,5.0,1,1,1,PRESERVE_PROTOCOL_VARIABLES_NO_REINTERPRETATION,RETAINED_AS_PRIMARY_CANDIDATE_PER_D08B
172875,Quercus georgiana,6782,Quercus georgiana,1,0,DBH_ONLY,DBH_BREAST_HEIGHT,N,5.0,1,1,1,PRESERVE_PROTOCOL_VARIABLES_NO_REINTERPRETATION,RETAINED_AS_PRIMARY_CANDIDATE_PER_D08B
172964,Quercus graciliformis,851,Quercus graciliformis,1,0,DBH_ONLY,DBH_BREAST_HEIGHT,N,5.0,1,1,1,PRESERVE_PROTOCOL_VARIABLES_NO_REINTERPRETATION,RETAINED_AS_PRIMARY_CANDIDATE_PER_D08B
172990,Quercus gravesii,8511,Quercus gravesii,1,0,DBH_ONLY,DBH_BREAST_HEIGHT,N,5.0,1,1,1,PRESERVE_PROTOCOL_VARIABLES_NO_REINTERPRETATION,RETAINED_AS_PRIMARY_CANDIDATE_PER_D08B
172998,Quercus grisea,846,Quercus grisea,0,1,DRC_ONLY,DRC_ROOT_COLLAR,Y,5.0,1,1,0,PRESERVE_PROTOCOL_VARIABLES_NO_REINTERPRETATION,RETAINED_AS_PRIMARY_CANDIDATE_PER_D08B
173053,Quercus hemisphaerica,8449,Quercus hemisphaerica,1,0,DBH_ONLY,DBH_BREAST_HEIGHT,N,5.0,1,1,1,PRESERVE_PROTOCOL_VARIABLES_NO_REINTERPRETATION,RETAINED_AS_PRIMARY_CANDIDATE_PER_D08B
173145,Quercus hypoleucoides,843,Quercus hypoleucoides,0,1,DRC_ONLY,DRC_ROOT_COLLAR,Y,5.0,1,1,0,PRESERVE_PROTOCOL_VARIABLES_NO_REINTERPRETATION,RETAINED_AS_PRIMARY_CANDIDATE_PER_D08B
173293,Quercus ilicifolia,816,Quercus ilicifolia,1,0,DBH_ONLY,DBH_BREAST_HEIGHT,N,5.0,1,1,1,PRESERVE_PROTOCOL_VARIABLES_NO_REINTERPRETATION,RETAINED_AS_PRIMARY_CANDIDATE_PER_D08B
173302,Quercus imbricaria,817,Quercus imbricaria,1,0,DBH_ONLY,DBH_BREAST_HEIGHT,N,5.0,1,1,1,PRESERVE_PROTOCOL_VARIABLES_NO_REINTERPRETATION,RETAINED_AS_PRIMARY_CANDIDATE_PER_D08B
173316,Quercus incana,842,Quercus incana,1,0,DBH_ONLY,DBH_BREAST_HEIGHT,N,5.0,1,1,1,PRESERVE_PROTOCOL_VARIABLES_NO_REINTERPRETATION,RETAINED_AS_PRIMARY_CANDIDATE_PER_D08B
173428,Quercus kelloggii,818,Quercus kelloggii,1,0,DBH_ONLY,DBH_BREAST_HEIGHT,N,5.0,1,1,1,PRESERVE_PROTOCOL_VARIABLES_NO_REINTERPRETATION,RETAINED_AS_PRIMARY_CANDIDATE_PER_D08B
173471,Quercus laceyi,8514,Quercus laceyi,1,0,DBH_ONLY,DBH_BREAST_HEIGHT,N,5.0,1,1,1,PRESERVE_PROTOCOL_VARIABLES_NO_REINTERPRETATION,RETAINED_AS_PRIMARY_CANDIDATE_PER_D08B
173479,Quercus laevis,819,Quercus laevis,1,0,DBH_ONLY,DBH_BREAST_HEIGHT,N,5.0,1,1,1,PRESERVE_PROTOCOL_VARIABLES_NO_REINTERPRETATION,RETAINED_AS_PRIMARY_CANDIDATE_PER_D08B
173674,Quercus lobata,821,Quercus lobata,1,0,DBH_ONLY,DBH_BREAST_HEIGHT,N,5.0,1,1,1,PRESERVE_PROTOCOL_VARIABLES_NO_REINTERPRETATION,RETAINED_AS_PRIMARY_CANDIDATE_PER_D08B
173817,Quercus macrocarpa,823,Quercus macrocarpa,1,0,DBH_ONLY,DBH_BREAST_HEIGHT,N,5.0,1,1,1,PRESERVE_PROTOCOL_VARIABLES_NO_REINTERPRETATION,RETAINED_AS_PRIMARY_CANDIDATE_PER_D08B
173871,Quercus marilandica,824,Quercus marilandica,1,0,DBH_ONLY,DBH_BREAST_HEIGHT,N,5.0,1,1,1,PRESERVE_PROTOCOL_VARIABLES_NO_REINTERPRETATION,RETAINED_AS_PRIMARY_CANDIDATE_PER_D08B
173929,Quercus michauxii,825;832,Quercus michauxii;Quercus prinus,2,0,DBH_ONLY,DBH_BREAST_HEIGHT,N,5.0,1,1,1,PRESERVE_PROTOCOL_VARIABLES_NO_REINTERPRETATION,RETAINED_AS_PRIMARY_CANDIDATE_PER_D08B
173948,Quercus minima,841,Quercus minima,1,0,DBH_ONLY,DBH_BREAST_HEIGHT,N,5.0,1,1,1,PRESERVE_PROTOCOL_VARIABLES_NO_REINTERPRETATION,RETAINED_AS_PRIMARY_CANDIDATE_PER_D08B
174020,Quercus muehlenbergii,826,Quercus muehlenbergii,1,0,DBH_ONLY,DBH_BREAST_HEIGHT,N,5.0,1,1,1,PRESERVE_PROTOCOL_VARIABLES_NO_REINTERPRETATION,RETAINED_AS_PRIMARY_CANDIDATE_PER_D08B
174037,Quercus myrtifolia,6791,Quercus myrtifolia,1,0,DBH_ONLY,DBH_BREAST_HEIGHT,N,5.0,1,1,1,PRESERVE_PROTOCOL_VARIABLES_NO_REINTERPRETATION,RETAINED_AS_PRIMARY_CANDIDATE_PER_D08B
174075,Quercus nigra,827,Quercus nigra,1,0,DBH_ONLY,DBH_BREAST_HEIGHT,N,5.0,1,1,1,PRESERVE_PROTOCOL_VARIABLES_NO_REINTERPRETATION,RETAINED_AS_PRIMARY_CANDIDATE_PER_D08B
174136,Quercus oblongifolia,829,Quercus oblongifolia,0,1,DRC_ONLY,DRC_ROOT_COLLAR,Y,5.0,1,1,0,PRESERVE_PROTOCOL_VARIABLES_NO_REINTERPRETATION,RETAINED_AS_PRIMARY_CANDIDATE_PER_D08B
174176,Quercus oglethorpensis,844,Quercus oglethorpensis,1,0,DBH_ONLY,DBH_BREAST_HEIGHT,N,5.0,1,1,1,PRESERVE_PROTOCOL_VARIABLES_NO_REINTERPRETATION,RETAINED_AS_PRIMARY_CANDIDATE_PER_D08B
174226,Quercus pagoda,813,Quercus pagoda,1,0,DBH_ONLY,DBH_BREAST_HEIGHT,N,5.0,1,1,1,PRESERVE_PROTOCOL_VARIABLES_NO_REINTERPRETATION,RETAINED_AS_PRIMARY_CANDIDATE_PER_D08B
174242,Quercus palustris,830,Quercus palustris,1,0,DBH_ONLY,DBH_BREAST_HEIGHT,N,5.0,1,1,1,PRESERVE_PROTOCOL_VARIABLES_NO_REINTERPRETATION,RETAINED_AS_PRIMARY_CANDIDATE_PER_D08B
174411,Quercus phellos,831,Quercus phellos,1,0,DBH_ONLY,DBH_BREAST_HEIGHT,N,5.0,1,1,1,PRESERVE_PROTOCOL_VARIABLES_NO_REINTERPRETATION,RETAINED_AS_PRIMARY_CANDIDATE_PER_D08B
174518,Quercus prinoides,845,Quercus prinoides,1,0,DBH_ONLY,DBH_BREAST_HEIGHT,N,5.0,1,1,1,PRESERVE_PROTOCOL_VARIABLES_NO_REINTERPRETATION,RETAINED_AS_PRIMARY_CANDIDATE_PER_D08B
174902,Quercus rubra,833,Quercus rubra,1,0,DBH_ONLY,DBH_BREAST_HEIGHT,N,5.0,1,1,1,PRESERVE_PROTOCOL_VARIABLES_NO_REINTERPRETATION,RETAINED_AS_PRIMARY_CANDIDATE_PER_D08B
174935,Quercus rugosa,847,Quercus rugosa,0,1,DRC_ONLY,DRC_ROOT_COLLAR,Y,5.0,1,1,0,PRESERVE_PROTOCOL_VARIABLES_NO_REINTERPRETATION,RETAINED_AS_PRIMARY_CANDIDATE_PER_D08B
175148,Quercus shumardii,834,Quercus shumardii,1,0,DBH_ONLY,DBH_BREAST_HEIGHT,N,5.0,1,1,1,PRESERVE_PROTOCOL_VARIABLES_NO_REINTERPRETATION,RETAINED_AS_PRIMARY_CANDIDATE_PER_D08B
175172,Quercus similis,836,Quercus similis,1,0,DBH_ONLY,DBH_BREAST_HEIGHT,N,5.0,1,1,1,PRESERVE_PROTOCOL_VARIABLES_NO_REINTERPRETATION,RETAINED_AS_PRIMARY_CANDIDATE_PER_D08B
175179,Quercus sinuata,808;6799;8487,Quercus sinuata;Quercus sinuata var. breviloba;Quercus sinuata var. sinuata,3,0,DBH_ONLY,DBH_BREAST_HEIGHT,N,5.0,1,1,1,PRESERVE_PROTOCOL_VARIABLES_NO_REINTERPRETATION,RETAINED_AS_PRIMARY_CANDIDATE_PER_D08B
175243,Quercus stellata,835,Quercus stellata,1,0,DBH_ONLY,DBH_BREAST_HEIGHT,N,5.0,1,1,1,PRESERVE_PROTOCOL_VARIABLES_NO_REINTERPRETATION,RETAINED_AS_PRIMARY_CANDIDATE_PER_D08B
175464,Quercus texana,828,Quercus texana,1,0,DBH_ONLY,DBH_BREAST_HEIGHT,N,5.0,1,1,1,PRESERVE_PROTOCOL_VARIABLES_NO_REINTERPRETATION,RETAINED_AS_PRIMARY_CANDIDATE_PER_D08B
175672,Quercus velutina,837,Quercus velutina,1,0,DBH_ONLY,DBH_BREAST_HEIGHT,N,5.0,1,1,1,PRESERVE_PROTOCOL_VARIABLES_NO_REINTERPRETATION,RETAINED_AS_PRIMARY_CANDIDATE_PER_D08B
175726,Quercus virginiana,838,Quercus virginiana,1,0,DBH_ONLY,DBH_BREAST_HEIGHT,N,5.0,1,1,1,PRESERVE_PROTOCOL_VARIABLES_NO_REINTERPRETATION,RETAINED_AS_PRIMARY_CANDIDATE_PER_D08B
175769,Quercus wislizeni,839,Quercus wislizeni,1,0,DBH_ONLY,DBH_BREAST_HEIGHT,N,5.0,1,1,1,PRESERVE_PROTOCOL_VARIABLES_NO_REINTERPRETATION,RETAINED_AS_PRIMARY_CANDIDATE_PER_D08B
181053,Sabal palmetto,912,Sabal palmetto,1,0,DBH_ONLY,DBH_BREAST_HEIGHT,N,5.0,1,1,1,PRESERVE_PROTOCOL_VARIABLES_NO_REINTERPRETATION,RETAINED_AS_PRIMARY_CANDIDATE_PER_D08B
191834,Sideroxylon celastrinum,8612,Sideroxylon celastrinum,1,0,DBH_ONLY,DBH_BREAST_HEIGHT,N,5.0,1,1,1,PRESERVE_PROTOCOL_VARIABLES_NO_REINTERPRETATION,RETAINED_AS_PRIMARY_CANDIDATE_PER_D08B
191965,Sideroxylon lanuginosum,381,Sideroxylon lanuginosum ssp. lanuginosum,1,0,DBH_ONLY,DBH_BREAST_HEIGHT,N,5.0,1,1,1,PRESERVE_PROTOCOL_VARIABLES_NO_REINTERPRETATION,RETAINED_AS_PRIMARY_CANDIDATE_PER_D08B
207675,Triadica sebifera,994,Triadica sebifera,1,0,DBH_ONLY,DBH_BREAST_HEIGHT,N,5.0,1,1,1,PRESERVE_PROTOCOL_VARIABLES_NO_REINTERPRETATION,RETAINED_AS_PRIMARY_CANDIDATE_PER_D08B
212845,Vernicia fordii,995,Vernicia fordii,1,0,DBH_ONLY,DBH_BREAST_HEIGHT,N,5.0,1,1,1,PRESERVE_PROTOCOL_VARIABLES_NO_REINTERPRETATION,RETAINED_AS_PRIMARY_CANDIDATE_PER_D08B
320352,Catalpa bignonioides,451,Catalpa bignonioides,1,0,DBH_ONLY,DBH_BREAST_HEIGHT,N,5.0,1,1,1,PRESERVE_PROTOCOL_VARIABLES_NO_REINTERPRETATION,RETAINED_AS_PRIMARY_CANDIDATE_PER_D08B
320410,Catalpa speciosa,452,Catalpa speciosa,1,0,DBH_ONLY,DBH_BREAST_HEIGHT,N,5.0,1,1,1,PRESERVE_PROTOCOL_VARIABLES_NO_REINTERPRETATION,RETAINED_AS_PRIMARY_CANDIDATE_PER_D08B
334053,Ginkgo biloba,561,Ginkgo biloba,1,0,DBH_ONLY,DBH_BREAST_HEIGHT,N,5.0,1,1,1,PRESERVE_PROTOCOL_VARIABLES_NO_REINTERPRETATION,RETAINED_AS_PRIMARY_CANDIDATE_PER_D08B
351387,Leucothrinax morrisii,913,Thrinax morrisii,1,0,DBH_ONLY,DBH_BREAST_HEIGHT,N,5.0,1,1,1,PRESERVE_PROTOCOL_VARIABLES_NO_REINTERPRETATION,RETAINED_AS_PRIMARY_CANDIDATE_PER_D08B
354176,Ligustrum japonicum,7577,Ligustrum japonicum,0,1,DRC_ONLY,DRC_ROOT_COLLAR,Y,5.0,1,1,0,PRESERVE_PROTOCOL_VARIABLES_NO_REINTERPRETATION,RETAINED_AS_PRIMARY_CANDIDATE_PER_D08B
354188,Ligustrum lucidum,7578,Ligustrum lucidum,0,1,DRC_ONLY,DRC_ROOT_COLLAR,Y,5.0,1,1,0,PRESERVE_PROTOCOL_VARIABLES_NO_REINTERPRETATION,RETAINED_AS_PRIMARY_CANDIDATE_PER_D08B
369466,Fraxinus albicans,549,Fraxinus texensis,1,0,DBH_ONLY,DBH_BREAST_HEIGHT,N,5.0,1,1,1,PRESERVE_PROTOCOL_VARIABLES_NO_REINTERPRETATION,RETAINED_AS_PRIMARY_CANDIDATE_PER_D08B
369468,Fraxinus americana,541,Fraxinus americana,1,0,DBH_ONLY,DBH_BREAST_HEIGHT,N,5.0,1,1,1,PRESERVE_PROTOCOL_VARIABLES_NO_REINTERPRETATION,RETAINED_AS_PRIMARY_CANDIDATE_PER_D08B
369564,Fraxinus berlandieriana,5491,Fraxinus berlandieriana,1,0,DBH_ONLY,DBH_BREAST_HEIGHT,N,5.0,1,1,1,PRESERVE_PROTOCOL_VARIABLES_NO_REINTERPRETATION,RETAINED_AS_PRIMARY_CANDIDATE_PER_D08B
369591,Fraxinus caroliniana,548,Fraxinus caroliniana,1,0,DBH_ONLY,DBH_BREAST_HEIGHT,N,5.0,1,1,1,PRESERVE_PROTOCOL_VARIABLES_NO_REINTERPRETATION,RETAINED_AS_PRIMARY_CANDIDATE_PER_D08B
369836,Fraxinus latifolia,542,Fraxinus latifolia,1,0,DBH_ONLY,DBH_BREAST_HEIGHT,N,5.0,1,1,1,PRESERVE_PROTOCOL_VARIABLES_NO_REINTERPRETATION,RETAINED_AS_PRIMARY_CANDIDATE_PER_D08B
369888,Fraxinus nigra,543,Fraxinus nigra,1,0,DBH_ONLY,DBH_BREAST_HEIGHT,N,5.0,1,1,1,PRESERVE_PROTOCOL_VARIABLES_NO_REINTERPRETATION,RETAINED_AS_PRIMARY_CANDIDATE_PER_D08B
370006,Fraxinus pennsylvanica,544,Fraxinus pennsylvanica,1,0,DBH_ONLY,DBH_BREAST_HEIGHT,N,5.0,1,1,1,PRESERVE_PROTOCOL_VARIABLES_NO_REINTERPRETATION,RETAINED_AS_PRIMARY_CANDIDATE_PER_D08B
370051,Fraxinus profunda,545,Fraxinus profunda,1,0,DBH_ONLY,DBH_BREAST_HEIGHT,N,5.0,1,1,1,PRESERVE_PROTOCOL_VARIABLES_NO_REINTERPRETATION,RETAINED_AS_PRIMARY_CANDIDATE_PER_D08B
370075,Fraxinus quadrangulata,546,Fraxinus quadrangulata,1,0,DBH_ONLY,DBH_BREAST_HEIGHT,N,5.0,1,1,1,PRESERVE_PROTOCOL_VARIABLES_NO_REINTERPRETATION,RETAINED_AS_PRIMARY_CANDIDATE_PER_D08B
370195,Fraxinus velutina,547,Fraxinus velutina,1,0,DBH_ONLY,DBH_BREAST_HEIGHT,N,5.0,1,1,1,PRESERVE_PROTOCOL_VARIABLES_NO_REINTERPRETATION,RETAINED_AS_PRIMARY_CANDIDATE_PER_D08B
377287,Juniperus virginiana,67;68,Juniperus virginiana;Juniperus virginiana var. silicicola,2,0,DBH_ONLY,DBH_BREAST_HEIGHT,N,5.0,1,1,1,PRESERVE_PROTOCOL_VARIABLES_NO_REINTERPRETATION,RETAINED_AS_PRIMARY_CANDIDATE_PER_D08B
377330,Juniperus scopulorum,66,Juniperus scopulorum,0,1,DRC_ONLY,DRC_ROOT_COLLAR,Y,5.0,1,1,0,PRESERVE_PROTOCOL_VARIABLES_NO_REINTERPRETATION,RETAINED_AS_PRIMARY_CANDIDATE_PER_D08B
377371,Juniperus deppeana,63,Juniperus deppeana,0,1,DRC_ONLY,DRC_ROOT_COLLAR,Y,5.0,1,1,0,PRESERVE_PROTOCOL_VARIABLES_NO_REINTERPRETATION,RETAINED_AS_PRIMARY_CANDIDATE_PER_D08B
377397,Juniperus flaccida,60,Juniperus flaccida,0,1,DRC_ONLY,DRC_ROOT_COLLAR,Y,5.0,1,1,0,PRESERVE_PROTOCOL_VARIABLES_NO_REINTERPRETATION,RETAINED_AS_PRIMARY_CANDIDATE_PER_D08B
377454,Juniperus ashei,61,Juniperus ashei,0,1,DRC_ONLY,DRC_ROOT_COLLAR,Y,5.0,1,1,0,PRESERVE_PROTOCOL_VARIABLES_NO_REINTERPRETATION,RETAINED_AS_PRIMARY_CANDIDATE_PER_D08B
377511,Juniperus coahuilensis,59,Juniperus coahuilensis,0,1,DRC_ONLY,DRC_ROOT_COLLAR,Y,5.0,1,1,0,PRESERVE_PROTOCOL_VARIABLES_NO_REINTERPRETATION,RETAINED_AS_PRIMARY_CANDIDATE_PER_D08B
377520,Juniperus californica,62,Juniperus californica,0,1,DRC_ONLY,DRC_ROOT_COLLAR,Y,5.0,1,1,0,PRESERVE_PROTOCOL_VARIABLES_NO_REINTERPRETATION,RETAINED_AS_PRIMARY_CANDIDATE_PER_D08B
377543,Juniperus monosperma,69,Juniperus monosperma,0,1,DRC_ONLY,DRC_ROOT_COLLAR,Y,5.0,1,1,0,PRESERVE_PROTOCOL_VARIABLES_NO_REINTERPRETATION,RETAINED_AS_PRIMARY_CANDIDATE_PER_D08B
377592,Juniperus occidentalis,64,Juniperus occidentalis,1,0,DBH_ONLY,DBH_BREAST_HEIGHT,N,5.0,1,1,1,PRESERVE_PROTOCOL_VARIABLES_NO_REINTERPRETATION,RETAINED_AS_PRIMARY_CANDIDATE_PER_D08B
377597,Juniperus osteosperma,65,Juniperus osteosperma,0,1,DRC_ONLY,DRC_ROOT_COLLAR,Y,5.0,1,1,0,PRESERVE_PROTOCOL_VARIABLES_NO_REINTERPRETATION,RETAINED_AS_PRIMARY_CANDIDATE_PER_D08B
377678,Juniperus pinchotii,58,Juniperus pinchotii,0,1,DRC_ONLY,DRC_ROOT_COLLAR,Y,5.0,1,1,0,PRESERVE_PROTOCOL_VARIABLES_NO_REINTERPRETATION,RETAINED_AS_PRIMARY_CANDIDATE_PER_D08B
378313,Pseudotsuga macrocarpa,201,Pseudotsuga macrocarpa,1,0,DBH_ONLY,DBH_BREAST_HEIGHT,N,5.0,1,1,1,PRESERVE_PROTOCOL_VARIABLES_NO_REINTERPRETATION,RETAINED_AS_PRIMARY_CANDIDATE_PER_D08B
378542,Thuja occidentalis,241,Thuja occidentalis,1,0,DBH_ONLY,DBH_BREAST_HEIGHT,N,5.0,1,1,1,PRESERVE_PROTOCOL_VARIABLES_NO_REINTERPRETATION,RETAINED_AS_PRIMARY_CANDIDATE_PER_D08B
378546,Thuja plicata,242,Thuja plicata,1,0,DBH_ONLY,DBH_BREAST_HEIGHT,N,5.0,1,1,1,PRESERVE_PROTOCOL_VARIABLES_NO_REINTERPRETATION,RETAINED_AS_PRIMARY_CANDIDATE_PER_D08B
378596,Taxodium distichum,221;222,Taxodium ascendens;Taxodium distichum,2,0,DBH_ONLY,DBH_BREAST_HEIGHT,N,5.0,1,1,1,PRESERVE_PROTOCOL_VARIABLES_NO_REINTERPRETATION,RETAINED_AS_PRIMARY_CANDIDATE_PER_D08B
378623,Taxus brevifolia,231,Taxus brevifolia,1,0,DBH_ONLY,DBH_BREAST_HEIGHT,N,5.0,1,1,1,PRESERVE_PROTOCOL_VARIABLES_NO_REINTERPRETATION,RETAINED_AS_PRIMARY_CANDIDATE_PER_D08B
378636,Torreya californica,251,Torreya californica,1,0,DBH_ONLY,DBH_BREAST_HEIGHT,N,5.0,1,1,1,PRESERVE_PROTOCOL_VARIABLES_NO_REINTERPRETATION,RETAINED_AS_PRIMARY_CANDIDATE_PER_D08B
378988,Sequoia sempervirens,211,Sequoia sempervirens,1,0,DBH_ONLY,DBH_BREAST_HEIGHT,N,5.0,1,1,1,PRESERVE_PROTOCOL_VARIABLES_NO_REINTERPRETATION,RETAINED_AS_PRIMARY_CANDIDATE_PER_D08B
379072,Larix laricina,71,Larix laricina,1,0,DBH_ONLY,DBH_BREAST_HEIGHT,N,5.0,1,1,1,PRESERVE_PROTOCOL_VARIABLES_NO_REINTERPRETATION,RETAINED_AS_PRIMARY_CANDIDATE_PER_D08B
379089,Larix lyallii,72,Larix lyallii,1,0,DBH_ONLY,DBH_BREAST_HEIGHT,N,5.0,1,1,1,PRESERVE_PROTOCOL_VARIABLES_NO_REINTERPRETATION,RETAINED_AS_PRIMARY_CANDIDATE_PER_D08B
379096,Larix occidentalis,73,Larix occidentalis,1,0,DBH_ONLY,DBH_BREAST_HEIGHT,N,5.0,1,1,1,PRESERVE_PROTOCOL_VARIABLES_NO_REINTERPRETATION,RETAINED_AS_PRIMARY_CANDIDATE_PER_D08B
379363,Tsuga canadensis,261,Tsuga canadensis,1,0,DBH_ONLY,DBH_BREAST_HEIGHT,N,5.0,1,1,1,PRESERVE_PROTOCOL_VARIABLES_NO_REINTERPRETATION,RETAINED_AS_PRIMARY_CANDIDATE_PER_D08B
379383,Tsuga caroliniana,262,Tsuga caroliniana,1,0,DBH_ONLY,DBH_BREAST_HEIGHT,N,5.0,1,1,1,PRESERVE_PROTOCOL_VARIABLES_NO_REINTERPRETATION,RETAINED_AS_PRIMARY_CANDIDATE_PER_D08B
379395,Tsuga heterophylla,263,Tsuga heterophylla,1,0,DBH_ONLY,DBH_BREAST_HEIGHT,N,5.0,1,1,1,PRESERVE_PROTOCOL_VARIABLES_NO_REINTERPRETATION,RETAINED_AS_PRIMARY_CANDIDATE_PER_D08B
379433,Tsuga mertensiana,264,Tsuga mertensiana,1,0,DBH_ONLY,DBH_BREAST_HEIGHT,N,5.0,1,1,1,PRESERVE_PROTOCOL_VARIABLES_NO_REINTERPRETATION,RETAINED_AS_PRIMARY_CANDIDATE_PER_D08B
379633,Pseudotsuga menziesii,202,Pseudotsuga menziesii,1,0,DBH_ONLY,DBH_BREAST_HEIGHT,N,5.0,1,1,1,PRESERVE_PROTOCOL_VARIABLES_NO_REINTERPRETATION,RETAINED_AS_PRIMARY_CANDIDATE_PER_D08B
379703,Pinus lambertiana,117,Pinus lambertiana,1,0,DBH_ONLY,DBH_BREAST_HEIGHT,N,5.0,1,1,1,PRESERVE_PROTOCOL_VARIABLES_NO_REINTERPRETATION,RETAINED_AS_PRIMARY_CANDIDATE_PER_D08B
379708,Pinus jeffreyi,116,Pinus jeffreyi,1,0,DBH_ONLY,DBH_BREAST_HEIGHT,N,5.0,1,1,1,PRESERVE_PROTOCOL_VARIABLES_NO_REINTERPRETATION,RETAINED_AS_PRIMARY_CANDIDATE_PER_D08B
379762,Pinus longaeva,142,Pinus longaeva,1,0,DBH_ONLY,DBH_BREAST_HEIGHT,N,5.0,1,1,1,PRESERVE_PROTOCOL_VARIABLES_NO_REINTERPRETATION,RETAINED_AS_PRIMARY_CANDIDATE_PER_D08B
379770,Pinus leiophylla,118,Pinus leiophylla,1,0,DBH_ONLY,DBH_BREAST_HEIGHT,N,5.0,1,1,1,PRESERVE_PROTOCOL_VARIABLES_NO_REINTERPRETATION,RETAINED_AS_PRIMARY_CANDIDATE_PER_D08B
379818,Pinus echinata,110,Pinus echinata,1,0,DBH_ONLY,DBH_BREAST_HEIGHT,N,5.0,1,1,1,PRESERVE_PROTOCOL_VARIABLES_NO_REINTERPRETATION,RETAINED_AS_PRIMARY_CANDIDATE_PER_D08B
379820,Pinus edulis,106,Pinus edulis,0,1,DRC_ONLY,DRC_ROOT_COLLAR,Y,5.0,1,1,0,PRESERVE_PROTOCOL_VARIABLES_NO_REINTERPRETATION,RETAINED_AS_PRIMARY_CANDIDATE_PER_D08B
379837,Pinus discolor,134,Pinus discolor,0,1,DRC_ONLY,DRC_ROOT_COLLAR,Y,5.0,1,1,0,PRESERVE_PROTOCOL_VARIABLES_NO_REINTERPRETATION,RETAINED_AS_PRIMARY_CANDIDATE_PER_D08B
379843,Pinus contorta,108,Pinus contorta,1,0,DBH_ONLY,DBH_BREAST_HEIGHT,N,5.0,1,1,1,PRESERVE_PROTOCOL_VARIABLES_NO_REINTERPRETATION,RETAINED_AS_PRIMARY_CANDIDATE_PER_D08B
379852,Pinus coulteri,109,Pinus coulteri,1,0,DBH_ONLY,DBH_BREAST_HEIGHT,N,5.0,1,1,1,PRESERVE_PROTOCOL_VARIABLES_NO_REINTERPRETATION,RETAINED_AS_PRIMARY_CANDIDATE_PER_D08B
379871,Pinus clausa,107,Pinus clausa,1,0,DBH_ONLY,DBH_BREAST_HEIGHT,N,5.0,1,1,1,PRESERVE_PROTOCOL_VARIABLES_NO_REINTERPRETATION,RETAINED_AS_PRIMARY_CANDIDATE_PER_D08B
379943,Pinus elliottii,111,Pinus elliottii,1,0,DBH_ONLY,DBH_BREAST_HEIGHT,N,5.0,1,1,1,PRESERVE_PROTOCOL_VARIABLES_NO_REINTERPRETATION,RETAINED_AS_PRIMARY_CANDIDATE_PER_D08B
379946,Pinus engelmannii,112,Pinus engelmannii,1,0,DBH_ONLY,DBH_BREAST_HEIGHT,N,5.0,1,1,1,PRESERVE_PROTOCOL_VARIABLES_NO_REINTERPRETATION,RETAINED_AS_PRIMARY_CANDIDATE_PER_D08B
379966,Pinus glabra,115,Pinus glabra,1,0,DBH_ONLY,DBH_BREAST_HEIGHT,N,5.0,1,1,1,PRESERVE_PROTOCOL_VARIABLES_NO_REINTERPRETATION,RETAINED_AS_PRIMARY_CANDIDATE_PER_D08B
379971,Pinus flexilis,113,Pinus flexilis,1,0,DBH_ONLY,DBH_BREAST_HEIGHT,N,5.0,1,1,1,PRESERVE_PROTOCOL_VARIABLES_NO_REINTERPRETATION,RETAINED_AS_PRIMARY_CANDIDATE_PER_D08B
379991,Pinus serotina,128,Pinus serotina,1,0,DBH_ONLY,DBH_BREAST_HEIGHT,N,5.0,1,1,1,PRESERVE_PROTOCOL_VARIABLES_NO_REINTERPRETATION,RETAINED_AS_PRIMARY_CANDIDATE_PER_D08B
380011,Pinus sabiniana,127,Pinus sabiniana,1,0,DBH_ONLY,DBH_BREAST_HEIGHT,N,5.0,1,1,1,PRESERVE_PROTOCOL_VARIABLES_NO_REINTERPRETATION,RETAINED_AS_PRIMARY_CANDIDATE_PER_D08B
380012,Pinus strobiformis,114,Pinus strobiformis,1,0,DBH_ONLY,DBH_BREAST_HEIGHT,N,5.0,1,1,1,PRESERVE_PROTOCOL_VARIABLES_NO_REINTERPRETATION,RETAINED_AS_PRIMARY_CANDIDATE_PER_D08B
380022,Pinus strobus,129,Pinus strobus,1,0,DBH_ONLY,DBH_BREAST_HEIGHT,N,5.0,1,1,1,PRESERVE_PROTOCOL_VARIABLES_NO_REINTERPRETATION,RETAINED_AS_PRIMARY_CANDIDATE_PER_D08B
380091,Pinus virginiana,132,Pinus virginiana,1,0,DBH_ONLY,DBH_BREAST_HEIGHT,N,5.0,1,1,1,PRESERVE_PROTOCOL_VARIABLES_NO_REINTERPRETATION,RETAINED_AS_PRIMARY_CANDIDATE_PER_D08B
380126,Pinus sylvestris,130,Pinus sylvestris,1,0,DBH_ONLY,DBH_BREAST_HEIGHT,N,5.0,1,1,1,PRESERVE_PROTOCOL_VARIABLES_NO_REINTERPRETATION,RETAINED_AS_PRIMARY_CANDIDATE_PER_D08B
380129,Pinus taeda,131,Pinus taeda,1,0,DBH_ONLY,DBH_BREAST_HEIGHT,N,5.0,1,1,1,PRESERVE_PROTOCOL_VARIABLES_NO_REINTERPRETATION,RETAINED_AS_PRIMARY_CANDIDATE_PER_D08B
380171,Pinus nigra,136,Pinus nigra,1,0,DBH_ONLY,DBH_BREAST_HEIGHT,N,5.0,1,1,1,PRESERVE_PROTOCOL_VARIABLES_NO_REINTERPRETATION,RETAINED_AS_PRIMARY_CANDIDATE_PER_D08B
380231,Pinus monophylla,133,Pinus monophylla,0,1,DRC_ONLY,DRC_ROOT_COLLAR,Y,5.0,1,1,0,PRESERVE_PROTOCOL_VARIABLES_NO_REINTERPRETATION,RETAINED_AS_PRIMARY_CANDIDATE_PER_D08B
380239,Pinus muricata,120,Pinus muricata,1,0,DBH_ONLY,DBH_BREAST_HEIGHT,N,5.0,1,1,1,PRESERVE_PROTOCOL_VARIABLES_NO_REINTERPRETATION,RETAINED_AS_PRIMARY_CANDIDATE_PER_D08B
380255,Pinus monticola,119,Pinus monticola,1,0,DBH_ONLY,DBH_BREAST_HEIGHT,N,5.0,1,1,1,PRESERVE_PROTOCOL_VARIABLES_NO_REINTERPRETATION,RETAINED_AS_PRIMARY_CANDIDATE_PER_D08B
380268,Pinus palustris,121,Pinus palustris,1,0,DBH_ONLY,DBH_BREAST_HEIGHT,N,5.0,1,1,1,PRESERVE_PROTOCOL_VARIABLES_NO_REINTERPRETATION,RETAINED_AS_PRIMARY_CANDIDATE_PER_D08B
380272,Pinus pungens,123,Pinus pungens,1,0,DBH_ONLY,DBH_BREAST_HEIGHT,N,5.0,1,1,1,PRESERVE_PROTOCOL_VARIABLES_NO_REINTERPRETATION,RETAINED_AS_PRIMARY_CANDIDATE_PER_D08B
380293,Pinus rigida,126,Pinus rigida,1,0,DBH_ONLY,DBH_BREAST_HEIGHT,N,5.0,1,1,1,PRESERVE_PROTOCOL_VARIABLES_NO_REINTERPRETATION,RETAINED_AS_PRIMARY_CANDIDATE_PER_D08B
380297,Pinus radiata,124,Pinus radiata,1,0,DBH_ONLY,DBH_BREAST_HEIGHT,N,5.0,1,1,1,PRESERVE_PROTOCOL_VARIABLES_NO_REINTERPRETATION,RETAINED_AS_PRIMARY_CANDIDATE_PER_D08B
380302,Pinus resinosa,125,Pinus resinosa,1,0,DBH_ONLY,DBH_BREAST_HEIGHT,N,5.0,1,1,1,PRESERVE_PROTOCOL_VARIABLES_NO_REINTERPRETATION,RETAINED_AS_PRIMARY_CANDIDATE_PER_D08B
380317,Pinus remota,141,Pinus remota,0,1,DRC_ONLY,DRC_ROOT_COLLAR,Y,5.0,1,1,0,PRESERVE_PROTOCOL_VARIABLES_NO_REINTERPRETATION,RETAINED_AS_PRIMARY_CANDIDATE_PER_D08B
380358,Pinus ponderosa,122;137,Pinus ponderosa;Pinus washoensis,2,0,DBH_ONLY,DBH_BREAST_HEIGHT,N,5.0,1,1,1,PRESERVE_PROTOCOL_VARIABLES_NO_REINTERPRETATION,RETAINED_AS_PRIMARY_CANDIDATE_PER_D08B
380406,Picea abies,91,Picea abies,1,0,DBH_ONLY,DBH_BREAST_HEIGHT,N,5.0,1,1,1,PRESERVE_PROTOCOL_VARIABLES_NO_REINTERPRETATION,RETAINED_AS_PRIMARY_CANDIDATE_PER_D08B
380484,Pinus cembroides,140,Pinus cembroides,0,1,DRC_ONLY,DRC_ROOT_COLLAR,Y,5.0,1,1,0,PRESERVE_PROTOCOL_VARIABLES_NO_REINTERPRETATION,RETAINED_AS_PRIMARY_CANDIDATE_PER_D08B
380503,Pinus arizonica,135,Pinus arizonica,1,0,DBH_ONLY,DBH_BREAST_HEIGHT,N,5.0,1,1,1,PRESERVE_PROTOCOL_VARIABLES_NO_REINTERPRETATION,RETAINED_AS_PRIMARY_CANDIDATE_PER_D08B
380514,Pinus balfouriana,104,Pinus balfouriana,1,0,DBH_ONLY,DBH_BREAST_HEIGHT,N,5.0,1,1,1,PRESERVE_PROTOCOL_VARIABLES_NO_REINTERPRETATION,RETAINED_AS_PRIMARY_CANDIDATE_PER_D08B
380544,Pinus banksiana,105,Pinus banksiana,1,0,DBH_ONLY,DBH_BREAST_HEIGHT,N,5.0,1,1,1,PRESERVE_PROTOCOL_VARIABLES_NO_REINTERPRETATION,RETAINED_AS_PRIMARY_CANDIDATE_PER_D08B
380589,Picea mariana,95,Picea mariana,1,0,DBH_ONLY,DBH_BREAST_HEIGHT,N,5.0,1,1,1,PRESERVE_PROTOCOL_VARIABLES_NO_REINTERPRETATION,RETAINED_AS_PRIMARY_CANDIDATE_PER_D08B
380614,Picea engelmannii,93,Picea engelmannii,1,0,DBH_ONLY,DBH_BREAST_HEIGHT,N,5.0,1,1,1,PRESERVE_PROTOCOL_VARIABLES_NO_REINTERPRETATION,RETAINED_AS_PRIMARY_CANDIDATE_PER_D08B
380618,Picea breweriana,92,Picea breweriana,1,0,DBH_ONLY,DBH_BREAST_HEIGHT,N,5.0,1,1,1,PRESERVE_PROTOCOL_VARIABLES_NO_REINTERPRETATION,RETAINED_AS_PRIMARY_CANDIDATE_PER_D08B
380705,Pinus albicaulis,101,Pinus albicaulis,1,0,DBH_ONLY,DBH_BREAST_HEIGHT,N,5.0,1,1,1,PRESERVE_PROTOCOL_VARIABLES_NO_REINTERPRETATION,RETAINED_AS_PRIMARY_CANDIDATE_PER_D08B
380719,Picea pungens,96,Picea pungens,1,0,DBH_ONLY,DBH_BREAST_HEIGHT,N,5.0,1,1,1,PRESERVE_PROTOCOL_VARIABLES_NO_REINTERPRETATION,RETAINED_AS_PRIMARY_CANDIDATE_PER_D08B
380723,Pinus aristata,102,Pinus aristata,1,0,DBH_ONLY,DBH_BREAST_HEIGHT,N,5.0,1,1,1,PRESERVE_PROTOCOL_VARIABLES_NO_REINTERPRETATION,RETAINED_AS_PRIMARY_CANDIDATE_PER_D08B
380741,Picea sitchensis,98,Picea sitchensis,1,0,DBH_ONLY,DBH_BREAST_HEIGHT,N,5.0,1,1,1,PRESERVE_PROTOCOL_VARIABLES_NO_REINTERPRETATION,RETAINED_AS_PRIMARY_CANDIDATE_PER_D08B
380751,Picea rubens,97,Picea rubens,1,0,DBH_ONLY,DBH_BREAST_HEIGHT,N,5.0,1,1,1,PRESERVE_PROTOCOL_VARIABLES_NO_REINTERPRETATION,RETAINED_AS_PRIMARY_CANDIDATE_PER_D08B
381057,Pinus attenuata,103,Pinus attenuata,1,0,DBH_ONLY,DBH_BREAST_HEIGHT,N,5.0,1,1,1,PRESERVE_PROTOCOL_VARIABLES_NO_REINTERPRETATION,RETAINED_AS_PRIMARY_CANDIDATE_PER_D08B
381078,Picea laxa,94,Picea glauca,1,0,DBH_ONLY,DBH_BREAST_HEIGHT,N,5.0,1,1,1,PRESERVE_PROTOCOL_VARIABLES_NO_REINTERPRETATION,RETAINED_AS_PRIMARY_CANDIDATE_PER_D08B
381300,Sequoiadendron giganteum,212,Sequoiadendron giganteum,1,0,DBH_ONLY,DBH_BREAST_HEIGHT,N,5.0,1,1,1,PRESERVE_PROTOCOL_VARIABLES_NO_REINTERPRETATION,RETAINED_AS_PRIMARY_CANDIDATE_PER_D08B
381632,Abies amabilis,11,Abies amabilis,1,0,DBH_ONLY,DBH_BREAST_HEIGHT,N,5.0,1,1,1,PRESERVE_PROTOCOL_VARIABLES_NO_REINTERPRETATION,RETAINED_AS_PRIMARY_CANDIDATE_PER_D08B
381647,Abies balsamea,12,Abies balsamea,1,0,DBH_ONLY,DBH_BREAST_HEIGHT,N,5.0,1,1,1,PRESERVE_PROTOCOL_VARIABLES_NO_REINTERPRETATION,RETAINED_AS_PRIMARY_CANDIDATE_PER_D08B
381713,Abies concolor,15,Abies concolor,1,0,DBH_ONLY,DBH_BREAST_HEIGHT,N,5.0,1,1,1,PRESERVE_PROTOCOL_VARIABLES_NO_REINTERPRETATION,RETAINED_AS_PRIMARY_CANDIDATE_PER_D08B
381792,Abies fraseri,16,Abies fraseri,1,0,DBH_ONLY,DBH_BREAST_HEIGHT,N,5.0,1,1,1,PRESERVE_PROTOCOL_VARIABLES_NO_REINTERPRETATION,RETAINED_AS_PRIMARY_CANDIDATE_PER_D08B
381804,Abies grandis,17,Abies grandis,1,0,DBH_ONLY,DBH_BREAST_HEIGHT,N,5.0,1,1,1,PRESERVE_PROTOCOL_VARIABLES_NO_REINTERPRETATION,RETAINED_AS_PRIMARY_CANDIDATE_PER_D08B
381853,Abies lasiocarpa,18;19,Abies lasiocarpa;Abies lasiocarpa var. arizonica,2,0,DBH_ONLY,DBH_BREAST_HEIGHT,N,5.0,1,1,1,PRESERVE_PROTOCOL_VARIABLES_NO_REINTERPRETATION,RETAINED_AS_PRIMARY_CANDIDATE_PER_D08B
381868,Abies magnifica,20;21,Abies magnifica;Abies shastensis,2,0,DBH_ONLY,DBH_BREAST_HEIGHT,N,5.0,1,1,1,PRESERVE_PROTOCOL_VARIABLES_NO_REINTERPRETATION,RETAINED_AS_PRIMARY_CANDIDATE_PER_D08B
381974,Abies procera,22,Abies procera,1,0,DBH_ONLY,DBH_BREAST_HEIGHT,N,5.0,1,1,1,PRESERVE_PROTOCOL_VARIABLES_NO_REINTERPRETATION,RETAINED_AS_PRIMARY_CANDIDATE_PER_D08B
382424,Calocedrus decurrens,81,Calocedrus decurrens,1,0,DBH_ONLY,DBH_BREAST_HEIGHT,N,5.0,1,1,1,PRESERVE_PROTOCOL_VARIABLES_NO_REINTERPRETATION,RETAINED_AS_PRIMARY_CANDIDATE_PER_D08B
382830,Chamaecyparis lawsoniana,41,Chamaecyparis lawsoniana,1,0,DBH_ONLY,DBH_BREAST_HEIGHT,N,5.0,1,1,1,PRESERVE_PROTOCOL_VARIABLES_NO_REINTERPRETATION,RETAINED_AS_PRIMARY_CANDIDATE_PER_D08B
382860,Chamaecyparis thyoides,43,Chamaecyparis thyoides,1,0,DBH_ONLY,DBH_BREAST_HEIGHT,N,5.0,1,1,1,PRESERVE_PROTOCOL_VARIABLES_NO_REINTERPRETATION,RETAINED_AS_PRIMARY_CANDIDATE_PER_D08B
384904,Diospyros texana,522,Diospyros texana,0,1,DRC_ONLY,DRC_ROOT_COLLAR,Y,5.0,1,1,0,PRESERVE_PROTOCOL_VARIABLES_NO_REINTERPRETATION,RETAINED_AS_PRIMARY_CANDIDATE_PER_D08B
385000,Diospyros virginiana,521,Diospyros virginiana,1,0,DBH_ONLY,DBH_BREAST_HEIGHT,N,5.0,1,1,1,PRESERVE_PROTOCOL_VARIABLES_NO_REINTERPRETATION,RETAINED_AS_PRIMARY_CANDIDATE_PER_D08B
456789,Callitropsis nootkatensis,42,Chamaecyparis nootkatensis,1,0,DBH_ONLY,DBH_BREAST_HEIGHT,N,5.0,1,1,1,PRESERVE_PROTOCOL_VARIABLES_NO_REINTERPRETATION,RETAINED_AS_PRIMARY_CANDIDATE_PER_D08B
457902,Hesperocyparis arizonica,51,Cupressus arizonica,1,0,DBH_ONLY,DBH_BREAST_HEIGHT,N,5.0,1,1,1,PRESERVE_PROTOCOL_VARIABLES_NO_REINTERPRETATION,RETAINED_AS_PRIMARY_CANDIDATE_PER_D08B
457903,Hesperocyparis bakeri,52,Cupressus bakeri,1,0,DBH_ONLY,DBH_BREAST_HEIGHT,N,5.0,1,1,1,PRESERVE_PROTOCOL_VARIABLES_NO_REINTERPRETATION,RETAINED_AS_PRIMARY_CANDIDATE_PER_D08B
457913,Hesperocyparis macrocarpa,54,Cupressus macrocarpa,1,0,DBH_ONLY,DBH_BREAST_HEIGHT,N,5.0,1,1,1,PRESERVE_PROTOCOL_VARIABLES_NO_REINTERPRETATION,RETAINED_AS_PRIMARY_CANDIDATE_PER_D08B
457918,Hesperocyparis sargentii,55,Cupressus sargentii,1,0,DBH_ONLY,DBH_BREAST_HEIGHT,N,5.0,1,1,1,PRESERVE_PROTOCOL_VARIABLES_NO_REINTERPRETATION,RETAINED_AS_PRIMARY_CANDIDATE_PER_D08B
458543,Notholithocarpus densiflorus,631,Lithocarpus densiflorus,1,0,DBH_ONLY,DBH_BREAST_HEIGHT,N,5.0,1,1,1,PRESERVE_PROTOCOL_VARIABLES_NO_REINTERPRETATION,RETAINED_AS_PRIMARY_CANDIDATE_PER_D08B
500221,Liquidambar styraciflua,611,Liquidambar styraciflua,1,0,DBH_ONLY,DBH_BREAST_HEIGHT,N,5.0,1,1,1,PRESERVE_PROTOCOL_VARIABLES_NO_REINTERPRETATION,RETAINED_AS_PRIMARY_CANDIDATE_PER_D08B
2329229,Juglans hindsii,603,Juglans hindsii,1,0,DBH_ONLY,DBH_BREAST_HEIGHT,N,5.0,1,1,1,PRESERVE_PROTOCOL_VARIABLES_NO_REINTERPRETATION,RETAINED_AS_PRIMARY_CANDIDATE_PER_D08B
2331793,Juglans cinerea,601,Juglans cinerea,1,0,DBH_ONLY,DBH_BREAST_HEIGHT,N,5.0,1,1,1,PRESERVE_PROTOCOL_VARIABLES_NO_REINTERPRETATION,RETAINED_AS_PRIMARY_CANDIDATE_PER_D08B
2331814,Juglans major,606,Juglans major,1,0,DBH_ONLY,DBH_BREAST_HEIGHT,N,5.0,1,1,1,PRESERVE_PROTOCOL_VARIABLES_NO_REINTERPRETATION,RETAINED_AS_PRIMARY_CANDIDATE_PER_D08B
2331825,Juglans californica,604,Juglans californica,1,0,DBH_ONLY,DBH_BREAST_HEIGHT,N,5.0,1,1,1,PRESERVE_PROTOCOL_VARIABLES_NO_REINTERPRETATION,RETAINED_AS_PRIMARY_CANDIDATE_PER_D08B
2331834,Juglans nigra,602,Juglans nigra,1,0,DBH_ONLY,DBH_BREAST_HEIGHT,N,5.0,1,1,1,PRESERVE_PROTOCOL_VARIABLES_NO_REINTERPRETATION,RETAINED_AS_PRIMARY_CANDIDATE_PER_D08B
2331862,Juglans microcarpa,605,Juglans microcarpa,1,0,DBH_ONLY,DBH_BREAST_HEIGHT,N,5.0,1,1,1,PRESERVE_PROTOCOL_VARIABLES_NO_REINTERPRETATION,RETAINED_AS_PRIMARY_CANDIDATE_PER_D08B
2338852,Laguncularia racemosa,988,Laguncularia racemosa,1,0,DBH_ONLY,DBH_BREAST_HEIGHT,N,5.0,1,1,1,PRESERVE_PROTOCOL_VARIABLES_NO_REINTERPRETATION,RETAINED_AS_PRIMARY_CANDIDATE_PER_D08B
2346347,Leucaena leucocephala,7565,Leucaena leucocephala,1,0,DBH_ONLY,DBH_BREAST_HEIGHT,N,5.0,1,1,1,PRESERVE_PROTOCOL_VARIABLES_NO_REINTERPRETATION,RETAINED_AS_PRIMARY_CANDIDATE_PER_D08B
2346415,Leucaena pulverulenta,869,Leucaena pulverulenta,1,0,DBH_ONLY,DBH_BREAST_HEIGHT,N,5.0,1,1,1,PRESERVE_PROTOCOL_VARIABLES_NO_REINTERPRETATION,RETAINED_AS_PRIMARY_CANDIDATE_PER_D08B
2364578,Metopium toxiferum,886,Metopium toxiferum,1,0,DBH_ONLY,DBH_BREAST_HEIGHT,N,5.0,1,1,1,PRESERVE_PROTOCOL_VARIABLES_NO_REINTERPRETATION,RETAINED_AS_PRIMARY_CANDIDATE_PER_D08B
2383853,Neltuma glandulosa,756,Prosopis glandulosa,0,1,DRC_ONLY,DRC_ROOT_COLLAR,Y,5.0,1,1,0,PRESERVE_PROTOCOL_VARIABLES_NO_REINTERPRETATION,RETAINED_AS_PRIMARY_CANDIDATE_PER_D08B
2383876,Neltuma velutina,757,Prosopis velutina,0,1,DRC_ONLY,DRC_ROOT_COLLAR,Y,5.0,1,1,0,PRESERVE_PROTOCOL_VARIABLES_NO_REINTERPRETATION,RETAINED_AS_PRIMARY_CANDIDATE_PER_D08B
2387656,Oxydendrum arboreum,711,Oxydendrum arboreum,1,0,DBH_ONLY,DBH_BREAST_HEIGHT,N,5.0,1,1,1,PRESERVE_PROTOCOL_VARIABLES_NO_REINTERPRETATION,RETAINED_AS_PRIMARY_CANDIDATE_PER_D08B
2389100,Olneya tesota,990,Olneya tesota,0,1,DRC_ONLY,DRC_ROOT_COLLAR,Y,5.0,1,1,0,PRESERVE_PROTOCOL_VARIABLES_NO_REINTERPRETATION,RETAINED_AS_PRIMARY_CANDIDATE_PER_D08B
2428246,Robinia pseudoacacia,901,Robinia pseudoacacia,1,0,DBH_ONLY,DBH_BREAST_HEIGHT,N,5.0,1,1,1,PRESERVE_PROTOCOL_VARIABLES_NO_REINTERPRETATION,RETAINED_AS_PRIMARY_CANDIDATE_PER_D08B
2444682,Tamarindus indica,897,Tamarindus indica,1,0,DBH_ONLY,DBH_BREAST_HEIGHT,N,5.0,1,1,1,PRESERVE_PROTOCOL_VARIABLES_NO_REINTERPRETATION,RETAINED_AS_PRIMARY_CANDIDATE_PER_D08B
2446614,Umbellularia californica,981,Umbellularia californica,1,0,DBH_ONLY,DBH_BREAST_HEIGHT,N,5.0,1,1,1,PRESERVE_PROTOCOL_VARIABLES_NO_REINTERPRETATION,RETAINED_AS_PRIMARY_CANDIDATE_PER_D08B
2448661,Ulmus parvifolia,8851,Ulmus parvifolia,1,0,DBH_ONLY,DBH_BREAST_HEIGHT,N,5.0,1,1,1,PRESERVE_PROTOCOL_VARIABLES_NO_REINTERPRETATION,RETAINED_AS_PRIMARY_CANDIDATE_PER_D08B
2448805,Ulmus rubra,975,Ulmus rubra,1,0,DBH_ONLY,DBH_BREAST_HEIGHT,N,5.0,1,1,1,PRESERVE_PROTOCOL_VARIABLES_NO_REINTERPRETATION,RETAINED_AS_PRIMARY_CANDIDATE_PER_D08B
2448824,Ulmus pumila,974,Ulmus pumila,1,0,DBH_ONLY,DBH_BREAST_HEIGHT,N,5.0,1,1,1,PRESERVE_PROTOCOL_VARIABLES_NO_REINTERPRETATION,RETAINED_AS_PRIMARY_CANDIDATE_PER_D08B
2448843,Ulmus thomasii,977,Ulmus thomasii,1,0,DBH_ONLY,DBH_BREAST_HEIGHT,N,5.0,1,1,1,PRESERVE_PROTOCOL_VARIABLES_NO_REINTERPRETATION,RETAINED_AS_PRIMARY_CANDIDATE_PER_D08B
2448857,Ulmus serotina,976,Ulmus serotina,1,0,DBH_ONLY,DBH_BREAST_HEIGHT,N,5.0,1,1,1,PRESERVE_PROTOCOL_VARIABLES_NO_REINTERPRETATION,RETAINED_AS_PRIMARY_CANDIDATE_PER_D08B
2449976,Ulmus crassifolia,973,Ulmus crassifolia,1,0,DBH_ONLY,DBH_BREAST_HEIGHT,N,5.0,1,1,1,PRESERVE_PROTOCOL_VARIABLES_NO_REINTERPRETATION,RETAINED_AS_PRIMARY_CANDIDATE_PER_D08B
2450008,Ulmus alata,971,Ulmus alata,1,0,DBH_ONLY,DBH_BREAST_HEIGHT,N,5.0,1,1,1,PRESERVE_PROTOCOL_VARIABLES_NO_REINTERPRETATION,RETAINED_AS_PRIMARY_CANDIDATE_PER_D08B
2450019,Ulmus americana,972,Ulmus americana,1,0,DBH_ONLY,DBH_BREAST_HEIGHT,N,5.0,1,1,1,PRESERVE_PROTOCOL_VARIABLES_NO_REINTERPRETATION,RETAINED_AS_PRIMARY_CANDIDATE_PER_D08B
2452405,Vachellia farnesiana,303,Acacia farnesiana,0,1,DRC_ONLY,DRC_ROOT_COLLAR,Y,5.0,1,1,0,PRESERVE_PROTOCOL_VARIABLES_NO_REINTERPRETATION,RETAINED_AS_PRIMARY_CANDIDATE_PER_D08B
2458798,Vaccinium arboreum,8860,Vaccinium arboreum,1,0,DBH_ONLY,DBH_BREAST_HEIGHT,N,5.0,1,1,1,PRESERVE_PROTOCOL_VARIABLES_NO_REINTERPRETATION,RETAINED_AS_PRIMARY_CANDIDATE_PER_D08B
2469375,Zanthoxylum clava-herculis,8944,Zanthoxylum clava-herculis,1,0,DBH_ONLY,DBH_BREAST_HEIGHT,N,5.0,1,1,1,PRESERVE_PROTOCOL_VARIABLES_NO_REINTERPRETATION,RETAINED_AS_PRIMARY_CANDIDATE_PER_D08B
2500717,Myrica cerifera,7845,Morella cerifera,1,0,DBH_ONLY,DBH_BREAST_HEIGHT,N,5.0,1,1,1,PRESERVE_PROTOCOL_VARIABLES_NO_REINTERPRETATION,RETAINED_AS_PRIMARY_CANDIDATE_PER_D08B
2501306,Maclura pomifera,641,Maclura pomifera,1,0,DBH_ONLY,DBH_BREAST_HEIGHT,N,5.0,1,1,1,PRESERVE_PROTOCOL_VARIABLES_NO_REINTERPRETATION,RETAINED_AS_PRIMARY_CANDIDATE_PER_D08B
2501381,Morus alba,681,Morus alba,1,0,DBH_ONLY,DBH_BREAST_HEIGHT,N,5.0,1,1,1,PRESERVE_PROTOCOL_VARIABLES_NO_REINTERPRETATION,RETAINED_AS_PRIMARY_CANDIDATE_PER_D08B
2501836,Morus microphylla,683,Morus microphylla,1,0,DBH_ONLY,DBH_BREAST_HEIGHT,N,5.0,1,1,1,PRESERVE_PROTOCOL_VARIABLES_NO_REINTERPRETATION,RETAINED_AS_PRIMARY_CANDIDATE_PER_D08B
2501906,Morus rubra,682,Morus rubra,1,0,DBH_ONLY,DBH_BREAST_HEIGHT,N,5.0,1,1,1,PRESERVE_PROTOCOL_VARIABLES_NO_REINTERPRETATION,RETAINED_AS_PRIMARY_CANDIDATE_PER_D08B
2505106,Melia azedarach,993,Melia azedarach,1,0,DBH_ONLY,DBH_BREAST_HEIGHT,N,5.0,1,1,1,PRESERVE_PROTOCOL_VARIABLES_NO_REINTERPRETATION,RETAINED_AS_PRIMARY_CANDIDATE_PER_D08B
2518181,Tilia cordata,8813,Tilia cordata,1,0,DBH_ONLY,DBH_BREAST_HEIGHT,N,5.0,1,1,1,PRESERVE_PROTOCOL_VARIABLES_NO_REINTERPRETATION,RETAINED_AS_PRIMARY_CANDIDATE_PER_D08B
2518218,Tilia americana,951;952;953,Tilia americana;Tilia americana var. caroliniana;Tilia americana var. heterophylla,3,0,DBH_ONLY,DBH_BREAST_HEIGHT,N,5.0,1,1,1,PRESERVE_PROTOCOL_VARIABLES_NO_REINTERPRETATION,RETAINED_AS_PRIMARY_CANDIDATE_PER_D08B
2523018,Rhamnus cathartica,6918,Rhamnus cathartica,1,0,DBH_ONLY,DBH_BREAST_HEIGHT,N,5.0,1,1,1,PRESERVE_PROTOCOL_VARIABLES_NO_REINTERPRETATION,RETAINED_AS_PRIMARY_CANDIDATE_PER_D08B
2523199,Rhizophora mangle,989,Rhizophora mangle,1,0,DBH_ONLY,DBH_BREAST_HEIGHT,N,5.0,1,1,1,PRESERVE_PROTOCOL_VARIABLES_NO_REINTERPRETATION,RETAINED_AS_PRIMARY_CANDIDATE_PER_D08B
2529931,Persea borbonia,721,Persea borbonia,1,0,DBH_ONLY,DBH_BREAST_HEIGHT,N,5.0,1,1,1,PRESERVE_PROTOCOL_VARIABLES_NO_REINTERPRETATION,RETAINED_AS_PRIMARY_CANDIDATE_PER_D08B
2540278,Piscidia piscipula,887,Piscidia piscipula,1,0,DBH_ONLY,DBH_BREAST_HEIGHT,N,5.0,1,1,1,PRESERVE_PROTOCOL_VARIABLES_NO_REINTERPRETATION,RETAINED_AS_PRIMARY_CANDIDATE_PER_D08B
2541602,Phellodendron amurense,6516,Phellodendron amurense,1,0,DBH_ONLY,DBH_BREAST_HEIGHT,N,5.0,1,1,1,PRESERVE_PROTOCOL_VARIABLES_NO_REINTERPRETATION,RETAINED_AS_PRIMARY_CANDIDATE_PER_D08B
2542391,Paulownia tomentosa,712,Paulownia tomentosa,1,0,DBH_ONLY,DBH_BREAST_HEIGHT,N,5.0,1,1,1,PRESERVE_PROTOCOL_VARIABLES_NO_REINTERPRETATION,RETAINED_AS_PRIMARY_CANDIDATE_PER_D08B
2551587,Planera aquatica,722,Planera aquatica,1,0,DBH_ONLY,DBH_BREAST_HEIGHT,N,5.0,1,1,1,PRESERVE_PROTOCOL_VARIABLES_NO_REINTERPRETATION,RETAINED_AS_PRIMARY_CANDIDATE_PER_D08B
2570450,Platanus wrightii,732,Platanus wrightii,1,0,DBH_ONLY,DBH_BREAST_HEIGHT,N,5.0,1,1,1,PRESERVE_PROTOCOL_VARIABLES_NO_REINTERPRETATION,RETAINED_AS_PRIMARY_CANDIDATE_PER_D08B
2570459,Platanus occidentalis,731,Platanus occidentalis,1,0,DBH_ONLY,DBH_BREAST_HEIGHT,N,5.0,1,1,1,PRESERVE_PROTOCOL_VARIABLES_NO_REINTERPRETATION,RETAINED_AS_PRIMARY_CANDIDATE_PER_D08B
2570467,Platanus racemosa,730,Platanus racemosa,1,0,DBH_ONLY,DBH_BREAST_HEIGHT,N,5.0,1,1,1,PRESERVE_PROTOCOL_VARIABLES_NO_REINTERPRETATION,RETAINED_AS_PRIMARY_CANDIDATE_PER_D08B
2582296,Sapindus drummondii,919,Sapindus saponaria var. drummondii,1,0,DBH_ONLY,DBH_BREAST_HEIGHT,N,5.0,1,1,1,PRESERVE_PROTOCOL_VARIABLES_NO_REINTERPRETATION,RETAINED_AS_PRIMARY_CANDIDATE_PER_D08B
2591964,Sassafras albidum,931,Sassafras albidum,1,0,DBH_ONLY,DBH_BREAST_HEIGHT,N,5.0,1,1,1,PRESERVE_PROTOCOL_VARIABLES_NO_REINTERPRETATION,RETAINED_AS_PRIMARY_CANDIDATE_PER_D08B
2596955,Strombocarpa pubescens,758,Prosopis pubescens,0,1,DRC_ONLY,DRC_ROOT_COLLAR,Y,5.0,1,1,0,PRESERVE_PROTOCOL_VARIABLES_NO_REINTERPRETATION,RETAINED_AS_PRIMARY_CANDIDATE_PER_D08B
2598500,Styphnolobium affine,870,Sophora affinis,1,0,DBH_ONLY,DBH_BREAST_HEIGHT,N,5.0,1,1,1,PRESERVE_PROTOCOL_VARIABLES_NO_REINTERPRETATION,RETAINED_AS_PRIMARY_CANDIDATE_PER_D08B
2601502,Swietenia mahagoni,940,Swietenia mahagoni,1,0,DBH_ONLY,DBH_BREAST_HEIGHT,N,5.0,1,1,1,PRESERVE_PROTOCOL_VARIABLES_NO_REINTERPRETATION,RETAINED_AS_PRIMARY_CANDIDATE_PER_D08B
2615689,Acer grandidentatum,322,Acer grandidentatum,0,1,DRC_ONLY,DRC_ROOT_COLLAR,Y,5.0,1,1,0,PRESERVE_PROTOCOL_VARIABLES_NO_REINTERPRETATION,RETAINED_AS_PRIMARY_CANDIDATE_PER_D08B
2615862,Acer leucoderme,323,Acer leucoderme,1,0,DBH_ONLY,DBH_BREAST_HEIGHT,N,5.0,1,1,1,PRESERVE_PROTOCOL_VARIABLES_NO_REINTERPRETATION,RETAINED_AS_PRIMARY_CANDIDATE_PER_D08B
2615900,Acer macrophyllum,312,Acer macrophyllum,1,0,DBH_ONLY,DBH_BREAST_HEIGHT,N,5.0,1,1,1,PRESERVE_PROTOCOL_VARIABLES_NO_REINTERPRETATION,RETAINED_AS_PRIMARY_CANDIDATE_PER_D08B
2616024,Acer negundo,313,Acer negundo,1,0,DBH_ONLY,DBH_BREAST_HEIGHT,N,5.0,1,1,1,PRESERVE_PROTOCOL_VARIABLES_NO_REINTERPRETATION,RETAINED_AS_PRIMARY_CANDIDATE_PER_D08B
2616060,Acer nigrum,314,Acer nigrum,1,0,DBH_ONLY,DBH_BREAST_HEIGHT,N,5.0,1,1,1,PRESERVE_PROTOCOL_VARIABLES_NO_REINTERPRETATION,RETAINED_AS_PRIMARY_CANDIDATE_PER_D08B
2616210,Acer pensylvanicum,315,Acer pensylvanicum,1,0,DBH_ONLY,DBH_BREAST_HEIGHT,N,5.0,1,1,1,PRESERVE_PROTOCOL_VARIABLES_NO_REINTERPRETATION,RETAINED_AS_PRIMARY_CANDIDATE_PER_D08B
2616254,Acer platanoides,320,Acer platanoides,1,0,DBH_ONLY,DBH_BREAST_HEIGHT,N,5.0,1,1,1,PRESERVE_PROTOCOL_VARIABLES_NO_REINTERPRETATION,RETAINED_AS_PRIMARY_CANDIDATE_PER_D08B
2616276,Acer pseudoplatanus,5151,Acer pseudoplatanus,1,0,DBH_ONLY,DBH_BREAST_HEIGHT,N,5.0,1,1,1,PRESERVE_PROTOCOL_VARIABLES_NO_REINTERPRETATION,RETAINED_AS_PRIMARY_CANDIDATE_PER_D08B
2616329,Acer rubrum,316,Acer rubrum,1,0,DBH_ONLY,DBH_BREAST_HEIGHT,N,5.0,1,1,1,PRESERVE_PROTOCOL_VARIABLES_NO_REINTERPRETATION,RETAINED_AS_PRIMARY_CANDIDATE_PER_D08B
2616367,Acer saccharinum,317,Acer saccharinum,1,0,DBH_ONLY,DBH_BREAST_HEIGHT,N,5.0,1,1,1,PRESERVE_PROTOCOL_VARIABLES_NO_REINTERPRETATION,RETAINED_AS_PRIMARY_CANDIDATE_PER_D08B
2616387,Acer saccharum,311;318,Acer barbatum;Acer saccharum,2,0,DBH_ONLY,DBH_BREAST_HEIGHT,N,5.0,1,1,1,PRESERVE_PROTOCOL_VARIABLES_NO_REINTERPRETATION,RETAINED_AS_PRIMARY_CANDIDATE_PER_D08B
2616481,Acer spicatum,319,Acer spicatum,1,0,DBH_ONLY,DBH_BREAST_HEIGHT,N,5.0,1,1,1,PRESERVE_PROTOCOL_VARIABLES_NO_REINTERPRETATION,RETAINED_AS_PRIMARY_CANDIDATE_PER_D08B
2616524,Acer tataricum,5147,Acer ginnala,1,0,DBH_ONLY,DBH_BREAST_HEIGHT,N,5.0,1,1,1,PRESERVE_PROTOCOL_VARIABLES_NO_REINTERPRETATION,RETAINED_AS_PRIMARY_CANDIDATE_PER_D08B
2624481,Aesculus californica,333,Aesculus californica,1,0,DBH_ONLY,DBH_BREAST_HEIGHT,N,5.0,1,1,1,PRESERVE_PROTOCOL_VARIABLES_NO_REINTERPRETATION,RETAINED_AS_PRIMARY_CANDIDATE_PER_D08B
2624500,Aesculus flava,332,Aesculus flava,1,0,DBH_ONLY,DBH_BREAST_HEIGHT,N,5.0,1,1,1,PRESERVE_PROTOCOL_VARIABLES_NO_REINTERPRETATION,RETAINED_AS_PRIMARY_CANDIDATE_PER_D08B
2624506,Aesculus glabra,331;334,Aesculus glabra;Aesculus glabra var. arguta,2,0,DBH_ONLY,DBH_BREAST_HEIGHT,N,5.0,1,1,1,PRESERVE_PROTOCOL_VARIABLES_NO_REINTERPRETATION,RETAINED_AS_PRIMARY_CANDIDATE_PER_D08B
2626815,Ailanthus altissima,341,Ailanthus altissima,1,0,DBH_ONLY,DBH_BREAST_HEIGHT,N,5.0,1,1,1,PRESERVE_PROTOCOL_VARIABLES_NO_REINTERPRETATION,RETAINED_AS_PRIMARY_CANDIDATE_PER_D08B
2627374,Albizia julibrissin,345,Albizia julibrissin,1,0,DBH_ONLY,DBH_BREAST_HEIGHT,N,5.0,1,1,1,PRESERVE_PROTOCOL_VARIABLES_NO_REINTERPRETATION,RETAINED_AS_PRIMARY_CANDIDATE_PER_D08B
2640872,Annona glabra,853,Annona glabra,1,0,DBH_ONLY,DBH_BREAST_HEIGHT,N,5.0,1,1,1,PRESERVE_PROTOCOL_VARIABLES_NO_REINTERPRETATION,RETAINED_AS_PRIMARY_CANDIDATE_PER_D08B
2646656,Arbutus arizonica,362,Arbutus arizonica,1,0,DBH_ONLY,DBH_BREAST_HEIGHT,N,5.0,1,1,1,PRESERVE_PROTOCOL_VARIABLES_NO_REINTERPRETATION,RETAINED_AS_PRIMARY_CANDIDATE_PER_D08B
2646696,Arbutus menziesii,361,Arbutus menziesii,1,0,DBH_ONLY,DBH_BREAST_HEIGHT,N,5.0,1,1,1,PRESERVE_PROTOCOL_VARIABLES_NO_REINTERPRETATION,RETAINED_AS_PRIMARY_CANDIDATE_PER_D08B
2655435,Asimina triloba,367,Asimina triloba,1,0,DBH_ONLY,DBH_BREAST_HEIGHT,N,5.0,1,1,1,PRESERVE_PROTOCOL_VARIABLES_NO_REINTERPRETATION,RETAINED_AS_PRIMARY_CANDIDATE_PER_D08B
2683772,Broussonetia papyrifera,6262,Broussonetia papyrifera,1,0,DBH_ONLY,DBH_BREAST_HEIGHT,N,5.0,1,1,1,PRESERVE_PROTOCOL_VARIABLES_NO_REINTERPRETATION,RETAINED_AS_PRIMARY_CANDIDATE_PER_D08B
2687649,Bursera simaruba,854,Bursera simaruba,1,0,DBH_ONLY,DBH_BREAST_HEIGHT,N,5.0,1,1,1,PRESERVE_PROTOCOL_VARIABLES_NO_REINTERPRETATION,RETAINED_AS_PRIMARY_CANDIDATE_PER_D08B
2695178,Camphora officinarum,858,Cinnamomum camphora,1,0,DBH_ONLY,DBH_BREAST_HEIGHT,N,5.0,1,1,1,PRESERVE_PROTOCOL_VARIABLES_NO_REINTERPRETATION,RETAINED_AS_PRIMARY_CANDIDATE_PER_D08B
2701748,Carya aquatica,401,Carya aquatica,1,0,DBH_ONLY,DBH_BREAST_HEIGHT,N,5.0,1,1,1,PRESERVE_PROTOCOL_VARIABLES_NO_REINTERPRETATION,RETAINED_AS_PRIMARY_CANDIDATE_PER_D08B
2701766,Carya cordiformis,402,Carya cordiformis,1,0,DBH_ONLY,DBH_BREAST_HEIGHT,N,5.0,1,1,1,PRESERVE_PROTOCOL_VARIABLES_NO_REINTERPRETATION,RETAINED_AS_PRIMARY_CANDIDATE_PER_D08B
2701774,Carya floridana,411,Carya floridana,1,0,DBH_ONLY,DBH_BREAST_HEIGHT,N,5.0,1,1,1,PRESERVE_PROTOCOL_VARIABLES_NO_REINTERPRETATION,RETAINED_AS_PRIMARY_CANDIDATE_PER_D08B
2701775,Carya glabra,403;412,Carya glabra;Carya ovalis,2,0,DBH_ONLY,DBH_BREAST_HEIGHT,N,5.0,1,1,1,PRESERVE_PROTOCOL_VARIABLES_NO_REINTERPRETATION,RETAINED_AS_PRIMARY_CANDIDATE_PER_D08B
2701784,Carya illinoinensis,404,Carya illinoinensis,1,0,DBH_ONLY,DBH_BREAST_HEIGHT,N,5.0,1,1,1,PRESERVE_PROTOCOL_VARIABLES_NO_REINTERPRETATION,RETAINED_AS_PRIMARY_CANDIDATE_PER_D08B
2701789,Carya laciniosa,405,Carya laciniosa,1,0,DBH_ONLY,DBH_BREAST_HEIGHT,N,5.0,1,1,1,PRESERVE_PROTOCOL_VARIABLES_NO_REINTERPRETATION,RETAINED_AS_PRIMARY_CANDIDATE_PER_D08B
2701803,Carya myristiciformis,406,Carya myristiciformis,1,0,DBH_ONLY,DBH_BREAST_HEIGHT,N,5.0,1,1,1,PRESERVE_PROTOCOL_VARIABLES_NO_REINTERPRETATION,RETAINED_AS_PRIMARY_CANDIDATE_PER_D08B
2701831,Carya ovata,407;413,Carya carolinae-septentrionalis;Carya ovata,2,0,DBH_ONLY,DBH_BREAST_HEIGHT,N,5.0,1,1,1,PRESERVE_PROTOCOL_VARIABLES_NO_REINTERPRETATION,RETAINED_AS_PRIMARY_CANDIDATE_PER_D08B
2701846,Carya pallida,410,Carya pallida,1,0,DBH_ONLY,DBH_BREAST_HEIGHT,N,5.0,1,1,1,PRESERVE_PROTOCOL_VARIABLES_NO_REINTERPRETATION,RETAINED_AS_PRIMARY_CANDIDATE_PER_D08B
2701863,Carya texana,408,Carya texana,1,0,DBH_ONLY,DBH_BREAST_HEIGHT,N,5.0,1,1,1,PRESERVE_PROTOCOL_VARIABLES_NO_REINTERPRETATION,RETAINED_AS_PRIMARY_CANDIDATE_PER_D08B
2701867,Carya tomentosa,409,Carya alba,1,0,DBH_ONLY,DBH_BREAST_HEIGHT,N,5.0,1,1,1,PRESERVE_PROTOCOL_VARIABLES_NO_REINTERPRETATION,RETAINED_AS_PRIMARY_CANDIDATE_PER_D08B
2708323,Celtis laevigata,461,Celtis laevigata,1,0,DBH_ONLY,DBH_BREAST_HEIGHT,N,5.0,1,1,1,PRESERVE_PROTOCOL_VARIABLES_NO_REINTERPRETATION,RETAINED_AS_PRIMARY_CANDIDATE_PER_D08B
2708380,Celtis occidentalis,462,Celtis occidentalis,1,0,DBH_ONLY,DBH_BREAST_HEIGHT,N,5.0,1,1,1,PRESERVE_PROTOCOL_VARIABLES_NO_REINTERPRETATION,RETAINED_AS_PRIMARY_CANDIDATE_PER_D08B
2708432,Celtis reticulata,463,Celtis laevigata var. reticulata,1,0,DBH_ONLY,DBH_BREAST_HEIGHT,N,5.0,1,1,1,PRESERVE_PROTOCOL_VARIABLES_NO_REINTERPRETATION,RETAINED_AS_PRIMARY_CANDIDATE_PER_D08B
2711403,Cercis canadensis,471,Cercis canadensis,1,0,DBH_ONLY,DBH_BREAST_HEIGHT,N,5.0,1,1,1,PRESERVE_PROTOCOL_VARIABLES_NO_REINTERPRETATION,RETAINED_AS_PRIMARY_CANDIDATE_PER_D08B
2724586,Cladrastis kentukea,481,Cladrastis kentukea,1,0,DBH_ONLY,DBH_BREAST_HEIGHT,N,5.0,1,1,1,PRESERVE_PROTOCOL_VARIABLES_NO_REINTERPRETATION,RETAINED_AS_PRIMARY_CANDIDATE_PER_D08B
2729242,Coccoloba diversifolia,863,Coccoloba diversifolia,1,0,DBH_ONLY,DBH_BREAST_HEIGHT,N,5.0,1,1,1,PRESERVE_PROTOCOL_VARIABLES_NO_REINTERPRETATION,RETAINED_AS_PRIMARY_CANDIDATE_PER_D08B
2733979,Condalia hookeri,867,Condalia hookeri,0,1,DRC_ONLY,DRC_ROOT_COLLAR,Y,5.0,1,1,0,PRESERVE_PROTOCOL_VARIABLES_NO_REINTERPRETATION,RETAINED_AS_PRIMARY_CANDIDATE_PER_D08B
2734516,Conocarpus erectus,987,Conocarpus erectus,1,0,DBH_ONLY,DBH_BREAST_HEIGHT,N,5.0,1,1,1,PRESERVE_PROTOCOL_VARIABLES_NO_REINTERPRETATION,RETAINED_AS_PRIMARY_CANDIDATE_PER_D08B
2736585,Cordia boissieri,8651,Cordia boissieri,1,0,DBH_ONLY,DBH_BREAST_HEIGHT,N,5.0,1,1,1,PRESERVE_PROTOCOL_VARIABLES_NO_REINTERPRETATION,RETAINED_AS_PRIMARY_CANDIDATE_PER_D08B
2740014,Cotinus obovatus,996,Cotinus obovatus,1,0,DBH_ONLY,DBH_BREAST_HEIGHT,N,5.0,1,1,1,PRESERVE_PROTOCOL_VARIABLES_NO_REINTERPRETATION,RETAINED_AS_PRIMARY_CANDIDATE_PER_D08B
2780305,Ebenopsis ebano,868,Ebenopsis ebano,1,0,DBH_ONLY,DBH_BREAST_HEIGHT,N,5.0,1,1,1,PRESERVE_PROTOCOL_VARIABLES_NO_REINTERPRETATION,RETAINED_AS_PRIMARY_CANDIDATE_PER_D08B
2784654,Ehretia anacua,523,Ehretia anacua,0,1,DRC_ONLY,DRC_ROOT_COLLAR,Y,5.0,1,1,0,PRESERVE_PROTOCOL_VARIABLES_NO_REINTERPRETATION,RETAINED_AS_PRIMARY_CANDIDATE_PER_D08B
2784980,Elaeagnus angustifolia,997,Elaeagnus angustifolia,1,0,DBH_ONLY,DBH_BREAST_HEIGHT,N,5.0,1,1,1,PRESERVE_PROTOCOL_VARIABLES_NO_REINTERPRETATION,RETAINED_AS_PRIMARY_CANDIDATE_PER_D08B
2809576,Ficus aurea,876,Ficus aurea,1,0,DBH_ONLY,DBH_BREAST_HEIGHT,N,5.0,1,1,1,PRESERVE_PROTOCOL_VARIABLES_NO_REINTERPRETATION,RETAINED_AS_PRIMARY_CANDIDATE_PER_D08B
2809827,Ficus carica,7151,Ficus carica,1,0,DBH_ONLY,DBH_BREAST_HEIGHT,N,5.0,1,1,1,PRESERVE_PROTOCOL_VARIABLES_NO_REINTERPRETATION,RETAINED_AS_PRIMARY_CANDIDATE_PER_D08B
2813006,Firmiana simplex,7181,Firmiana simplex,1,0,DBH_ONLY,DBH_BREAST_HEIGHT,N,5.0,1,1,1,PRESERVE_PROTOCOL_VARIABLES_NO_REINTERPRETATION,RETAINED_AS_PRIMARY_CANDIDATE_PER_D08B
2826455,Gleditsia aquatica,551,Gleditsia aquatica,1,0,DBH_ONLY,DBH_BREAST_HEIGHT,N,5.0,1,1,1,PRESERVE_PROTOCOL_VARIABLES_NO_REINTERPRETATION,RETAINED_AS_PRIMARY_CANDIDATE_PER_D08B
2826513,Gleditsia triacanthos,552,Gleditsia triacanthos,1,0,DBH_ONLY,DBH_BREAST_HEIGHT,N,5.0,1,1,1,PRESERVE_PROTOCOL_VARIABLES_NO_REINTERPRETATION,RETAINED_AS_PRIMARY_CANDIDATE_PER_D08B
2830846,Gordonia lasianthus,555,Gordonia lasianthus,1,0,DBH_ONLY,DBH_BREAST_HEIGHT,N,5.0,1,1,1,PRESERVE_PROTOCOL_VARIABLES_NO_REINTERPRETATION,RETAINED_AS_PRIMARY_CANDIDATE_PER_D08B
2835921,Gymnocladus dioicus,571,Gymnocladus dioicus,1,0,DBH_ONLY,DBH_BREAST_HEIGHT,N,5.0,1,1,1,PRESERVE_PROTOCOL_VARIABLES_NO_REINTERPRETATION,RETAINED_AS_PRIMARY_CANDIDATE_PER_D08B
2838104,Halesia carolina,581;7328,Halesia carolina;Halesia tetraptera,2,0,DBH_ONLY,DBH_BREAST_HEIGHT,N,5.0,1,1,1,PRESERVE_PROTOCOL_VARIABLES_NO_REINTERPRETATION,RETAINED_AS_PRIMARY_CANDIDATE_PER_D08B
2838115,Halesia diptera,582,Halesia diptera,1,0,DBH_ONLY,DBH_BREAST_HEIGHT,N,5.0,1,1,1,PRESERVE_PROTOCOL_VARIABLES_NO_REINTERPRETATION,RETAINED_AS_PRIMARY_CANDIDATE_PER_D08B
2860379,Ilex aquifolium,7454,Ilex aquifolium,1,0,DBH_ONLY,DBH_BREAST_HEIGHT,N,5.0,1,1,1,PRESERVE_PROTOCOL_VARIABLES_NO_REINTERPRETATION,RETAINED_AS_PRIMARY_CANDIDATE_PER_D08B
2860502,Ilex cassine,7455,Ilex cassine,1,0,DBH_ONLY,DBH_BREAST_HEIGHT,N,5.0,1,1,1,PRESERVE_PROTOCOL_VARIABLES_NO_REINTERPRETATION,RETAINED_AS_PRIMARY_CANDIDATE_PER_D08B
2861190,Ilex opaca,591,Ilex opaca,1,0,DBH_ONLY,DBH_BREAST_HEIGHT,N,5.0,1,1,1,PRESERVE_PROTOCOL_VARIABLES_NO_REINTERPRETATION,RETAINED_AS_PRIMARY_CANDIDATE_PER_D08B
2861645,Ilex vomitoria,7469,Ilex vomitoria,1,0,DBH_ONLY,DBH_BREAST_HEIGHT,N,5.0,1,1,1,PRESERVE_PROTOCOL_VARIABLES_NO_REINTERPRETATION,RETAINED_AS_PRIMARY_CANDIDATE_PER_D08B
2901279,Prunus persica,764,Prunus persica,1,0,DBH_ONLY,DBH_BREAST_HEIGHT,N,5.0,1,1,1,PRESERVE_PROTOCOL_VARIABLES_NO_REINTERPRETATION,RETAINED_AS_PRIMARY_CANDIDATE_PER_D08B
2915966,Prunus serotina,762,Prunus serotina,1,0,DBH_ONLY,DBH_BREAST_HEIGHT,N,5.0,1,1,1,PRESERVE_PROTOCOL_VARIABLES_NO_REINTERPRETATION,RETAINED_AS_PRIMARY_CANDIDATE_PER_D08B
2917143,Prunus avium,771,Prunus avium,1,0,DBH_ONLY,DBH_BREAST_HEIGHT,N,5.0,1,1,1,PRESERVE_PROTOCOL_VARIABLES_NO_REINTERPRETATION,RETAINED_AS_PRIMARY_CANDIDATE_PER_D08B
2917212,Populus deltoides,742;745,Populus deltoides;Populus deltoides ssp. monilifera,2,0,DBH_ONLY,DBH_BREAST_HEIGHT,N,5.0,1,1,1,PRESERVE_PROTOCOL_VARIABLES_NO_REINTERPRETATION,RETAINED_AS_PRIMARY_CANDIDATE_PER_D08B
2917269,Populus fremontii,748,Populus fremontii,1,0,DBH_ONLY,DBH_BREAST_HEIGHT,N,5.0,1,1,1,PRESERVE_PROTOCOL_VARIABLES_NO_REINTERPRETATION,RETAINED_AS_PRIMARY_CANDIDATE_PER_D08B
2917292,Populus balsamifera,741,Populus balsamifera,1,0,DBH_ONLY,DBH_BREAST_HEIGHT,N,5.0,1,1,1,PRESERVE_PROTOCOL_VARIABLES_NO_REINTERPRETATION,RETAINED_AS_PRIMARY_CANDIDATE_PER_D08B
2917437,Populus tristis,747,Populus balsamifera ssp. trichocarpa,1,0,DBH_ONLY,DBH_BREAST_HEIGHT,N,5.0,1,1,1,PRESERVE_PROTOCOL_VARIABLES_NO_REINTERPRETATION,RETAINED_AS_PRIMARY_CANDIDATE_PER_D08B
2917451,Populus tremuloides,746,Populus tremuloides,1,0,DBH_ONLY,DBH_BREAST_HEIGHT,N,5.0,1,1,1,PRESERVE_PROTOCOL_VARIABLES_NO_REINTERPRETATION,RETAINED_AS_PRIMARY_CANDIDATE_PER_D08B
2917497,Populus nigra,753,Populus nigra,1,0,DBH_ONLY,DBH_BREAST_HEIGHT,N,5.0,1,1,1,PRESERVE_PROTOCOL_VARIABLES_NO_REINTERPRETATION,RETAINED_AS_PRIMARY_CANDIDATE_PER_D08B
2917577,Populus grandidentata,743,Populus grandidentata,1,0,DBH_ONLY,DBH_BREAST_HEIGHT,N,5.0,1,1,1,PRESERVE_PROTOCOL_VARIABLES_NO_REINTERPRETATION,RETAINED_AS_PRIMARY_CANDIDATE_PER_D08B
2917735,Populus alba,752,Populus alba,1,0,DBH_ONLY,DBH_BREAST_HEIGHT,N,5.0,1,1,1,PRESERVE_PROTOCOL_VARIABLES_NO_REINTERPRETATION,RETAINED_AS_PRIMARY_CANDIDATE_PER_D08B
2918617,Salix amygdaloides,921,Salix amygdaloides,1,0,DBH_ONLY,DBH_BREAST_HEIGHT,N,5.0,1,1,1,PRESERVE_PROTOCOL_VARIABLES_NO_REINTERPRETATION,RETAINED_AS_PRIMARY_CANDIDATE_PER_D08B
2918804,Salix alba,927,Salix alba,1,0,DBH_ONLY,DBH_BREAST_HEIGHT,N,5.0,1,1,1,PRESERVE_PROTOCOL_VARIABLES_NO_REINTERPRETATION,RETAINED_AS_PRIMARY_CANDIDATE_PER_D08B
2919167,Salix caroliniana,925,Salix caroliniana,1,0,DBH_ONLY,DBH_BREAST_HEIGHT,N,5.0,1,1,1,PRESERVE_PROTOCOL_VARIABLES_NO_REINTERPRETATION,RETAINED_AS_PRIMARY_CANDIDATE_PER_D08B
2919837,Salix nigra,922,Salix nigra,1,0,DBH_ONLY,DBH_BREAST_HEIGHT,N,5.0,1,1,1,PRESERVE_PROTOCOL_VARIABLES_NO_REINTERPRETATION,RETAINED_AS_PRIMARY_CANDIDATE_PER_D08B
2921945,Populus angustifolia,749,Populus angustifolia,1,0,DBH_ONLY,DBH_BREAST_HEIGHT,N,5.0,1,1,1,PRESERVE_PROTOCOL_VARIABLES_NO_REINTERPRETATION,RETAINED_AS_PRIMARY_CANDIDATE_PER_D08B
2940130,Amelanchier arborea,357,Amelanchier arborea,1,0,DBH_ONLY,DBH_BREAST_HEIGHT,N,5.0,1,1,1,PRESERVE_PROTOCOL_VARIABLES_NO_REINTERPRETATION,RETAINED_AS_PRIMARY_CANDIDATE_PER_D08B
2940246,Amelanchier laevis,5203,Amelanchier laevis,1,0,DBH_ONLY,DBH_BREAST_HEIGHT,N,5.0,1,1,1,PRESERVE_PROTOCOL_VARIABLES_NO_REINTERPRETATION,RETAINED_AS_PRIMARY_CANDIDATE_PER_D08B
2943367,Cercocarpus ledifolius,475,Cercocarpus ledifolius,0,1,DRC_ONLY,DRC_ROOT_COLLAR,Y,5.0,1,1,0,PRESERVE_PROTOCOL_VARIABLES_NO_REINTERPRETATION,RETAINED_AS_PRIMARY_CANDIDATE_PER_D08B
2945308,Crataegus crus-galli,501,Crataegus crus-galli,1,0,DBH_ONLY,DBH_BREAST_HEIGHT,N,5.0,1,1,1,PRESERVE_PROTOCOL_VARIABLES_NO_REINTERPRETATION,RETAINED_AS_PRIMARY_CANDIDATE_PER_D08B
2946180,Crataegus mollis,502,Crataegus mollis,1,0,DBH_ONLY,DBH_BREAST_HEIGHT,N,5.0,1,1,1,PRESERVE_PROTOCOL_VARIABLES_NO_REINTERPRETATION,RETAINED_AS_PRIMARY_CANDIDATE_PER_D08B
2950397,Malus angustifolia,662,Malus angustifolia,1,0,DBH_ONLY,DBH_BREAST_HEIGHT,N,5.0,1,1,1,PRESERVE_PROTOCOL_VARIABLES_NO_REINTERPRETATION,RETAINED_AS_PRIMARY_CANDIDATE_PER_D08B
2950548,Malus coronaria,663,Malus coronaria,1,0,DBH_ONLY,DBH_BREAST_HEIGHT,N,5.0,1,1,1,PRESERVE_PROTOCOL_VARIABLES_NO_REINTERPRETATION,RETAINED_AS_PRIMARY_CANDIDATE_PER_D08B
2950597,Malus domestica,7651,Malus pumila,1,0,DBH_ONLY,DBH_BREAST_HEIGHT,N,5.0,1,1,1,PRESERVE_PROTOCOL_VARIABLES_NO_REINTERPRETATION,RETAINED_AS_PRIMARY_CANDIDATE_PER_D08B
2950658,Malus fusca,661,Malus fusca,1,0,DBH_ONLY,DBH_BREAST_HEIGHT,N,5.0,1,1,1,PRESERVE_PROTOCOL_VARIABLES_NO_REINTERPRETATION,RETAINED_AS_PRIMARY_CANDIDATE_PER_D08B
2958765,Prunus americana,766,Prunus americana,1,0,DBH_ONLY,DBH_BREAST_HEIGHT,N,5.0,1,1,1,PRESERVE_PROTOCOL_VARIABLES_NO_REINTERPRETATION,RETAINED_AS_PRIMARY_CANDIDATE_PER_D08B
2959079,Prunus caroliniana,8345,Prunus caroliniana,1,0,DBH_ONLY,DBH_BREAST_HEIGHT,N,5.0,1,1,1,PRESERVE_PROTOCOL_VARIABLES_NO_REINTERPRETATION,RETAINED_AS_PRIMARY_CANDIDATE_PER_D08B
2959531,Prunus domestica,773,Prunus domestica,1,0,DBH_ONLY,DBH_BREAST_HEIGHT,N,5.0,1,1,1,PRESERVE_PROTOCOL_VARIABLES_NO_REINTERPRETATION,RETAINED_AS_PRIMARY_CANDIDATE_PER_D08B
2959716,Prunus emarginata,768,Prunus emarginata,1,0,DBH_ONLY,DBH_BREAST_HEIGHT,N,5.0,1,1,1,PRESERVE_PROTOCOL_VARIABLES_NO_REINTERPRETATION,RETAINED_AS_PRIMARY_CANDIDATE_PER_D08B
2960451,Prunus laurocerasus,6696,Prunus laurocerasus,1,0,DBH_ONLY,DBH_BREAST_HEIGHT,N,5.0,1,1,1,PRESERVE_PROTOCOL_VARIABLES_NO_REINTERPRETATION,RETAINED_AS_PRIMARY_CANDIDATE_PER_D08B
2960673,Prunus mexicana,6708,Prunus mexicana,1,0,DBH_ONLY,DBH_BREAST_HEIGHT,N,5.0,1,1,1,PRESERVE_PROTOCOL_VARIABLES_NO_REINTERPRETATION,RETAINED_AS_PRIMARY_CANDIDATE_PER_D08B
2961130,Prunus pensylvanica,761,Prunus pensylvanica,1,0,DBH_ONLY,DBH_BREAST_HEIGHT,N,5.0,1,1,1,PRESERVE_PROTOCOL_VARIABLES_NO_REINTERPRETATION,RETAINED_AS_PRIMARY_CANDIDATE_PER_D08B
2961630,Prunus serrulata,6707,Prunus serrulata,1,0,DBH_ONLY,DBH_BREAST_HEIGHT,N,5.0,1,1,1,PRESERVE_PROTOCOL_VARIABLES_NO_REINTERPRETATION,RETAINED_AS_PRIMARY_CANDIDATE_PER_D08B
2962364,Prunus virginiana,763,Prunus virginiana,1,0,DBH_ONLY,DBH_BREAST_HEIGHT,N,5.0,1,1,1,PRESERVE_PROTOCOL_VARIABLES_NO_REINTERPRETATION,RETAINED_AS_PRIMARY_CANDIDATE_PER_D08B
2963049,Pyrus calleryana,8421,Pyrus calleryana,1,0,DBH_ONLY,DBH_BREAST_HEIGHT,N,5.0,1,1,1,PRESERVE_PROTOCOL_VARIABLES_NO_REINTERPRETATION,RETAINED_AS_PRIMARY_CANDIDATE_PER_D08B
2963115,Pyrus communis,8423,Pyrus communis,1,0,DBH_ONLY,DBH_BREAST_HEIGHT,N,5.0,1,1,1,PRESERVE_PROTOCOL_VARIABLES_NO_REINTERPRETATION,RETAINED_AS_PRIMARY_CANDIDATE_PER_D08B
2991391,Sorbus americana,935,Sorbus americana,1,0,DBH_ONLY,DBH_BREAST_HEIGHT,N,5.0,1,1,1,PRESERVE_PROTOCOL_VARIABLES_NO_REINTERPRETATION,RETAINED_AS_PRIMARY_CANDIDATE_PER_D08B
2991806,Sorbus decora,937,Sorbus decora,1,0,DBH_ONLY,DBH_BREAST_HEIGHT,N,5.0,1,1,1,PRESERVE_PROTOCOL_VARIABLES_NO_REINTERPRETATION,RETAINED_AS_PRIMARY_CANDIDATE_PER_D08B
3317681,Pinus × kohae,143,Pinus monophylla var. fallax,0,1,DRC_ONLY,DRC_ROOT_COLLAR,Y,5.0,1,1,0,PRESERVE_PROTOCOL_VARIABLES_NO_REINTERPRETATION,RETAINED_AS_PRIMARY_CANDIDATE_PER_D08B
