candidate_id,state_fips,state_abbr,mechanical_rank,mechanical_top_candidate,rule_selected_top_candidate,fold_A_panels,fold_B_panels,component_evalid,estimation_unit_cn,estimation_unit,estimation_unit_description,parent_poststratum_count,fold_A_missing_parent_poststratum_count,fold_A_missing_parent_poststratum_ids,fold_B_missing_parent_poststratum_count,fold_B_missing_parent_poststratum_ids,original_stratification,coarsened_stratification,fold_A_coarsened_sample_count,fold_B_coarsened_sample_count,original_population_area_acres,coarsened_population_area_acres,population_area_preservation_relative_error,population_area_preserved_100pct,resulting_design_status,threshold_used
T2_AZ_A2-5_B1-3-4,04,AZ,2,0,0,2-5,1-3-4,42301,1882829901290487,23,County 023,4,1,1882512288290487,0,,PARENT_POSTSTRATA,ONE_BLOCK_WITHIN_ESTIMATION_UNIT_FOR_BOTH_FOLDS,50,77,792386.0,792386.0,0.0,1,TI_ESTIMABLE_AFTER_SYMMETRIC_COARSENING,NONE
T2_CA_A2-4_B1-3-5,06,CA,1,1,1,2-4,1-3-5,62301,1957432491290487,3,Outside NFS,150,1,1957292318290487,0,,PARENT_POSTSTRATA,ONE_BLOCK_WITHIN_ESTIMATION_UNIT_FOR_BOTH_FOLDS,5397,8007,84297326.47,84297326.47,0.0,1,TI_ESTIMABLE_AFTER_SYMMETRIC_COARSENING,NONE
T2_CA_A1-4_B2-3-5,06,CA,2,0,0,1-4,2-3-5,62301,1957432490290487,2,"NFS, wilderness",45,1,1957282191290487,0,,PARENT_POSTSTRATA,ONE_BLOCK_WITHIN_ESTIMATION_UNIT_FOR_BOTH_FOLDS,299,478,5069658.14,5069658.14,0.0,1,TI_ESTIMABLE_AFTER_SYMMETRIC_COARSENING,NONE
T2_CO_A2-5_B1-3-4,08,CO,2,0,0,2-5,1-3-4,82301,1882835128290487,117,County 117,4,1,1882584529290487,0,,PARENT_POSTSTRATA,ONE_BLOCK_WITHIN_ESTIMATION_UNIT_FOR_BOTH_FOLDS,22,45,396319.0,396319.0,0.0,1,TI_ESTIMABLE_AFTER_SYMMETRIC_COARSENING,NONE
T2_CO_A1-4_B2-3-5,08,CO,6,0,0,1-4,2-3-5,82301,1882835125290487,59,County 059,5,1,1882584630290487,0,,PARENT_POSTSTRATA,ONE_BLOCK_WITHIN_ESTIMATION_UNIT_FOR_BOTH_FOLDS,32,49,497957.0,497957.0,0.0,1,TI_ESTIMABLE_AFTER_SYMMETRIC_COARSENING,NONE
T2_IA_A2-3_B1-4-5,19,IA,7,0,0,2-3,1-4-5,192301,1688599186290487,3,Inland Census Water Unit 3,1,1,1688582648290487,0,,PARENT_POSTSTRATA,ONE_BLOCK_WITHIN_ESTIMATION_UNIT_FOR_BOTH_FOLDS,0,4,27627.2,27627.2,0.0,1,DESIGN_BLOCKED_ESTIMATION_UNIT_UNSAMPLED,NONE
T2_IA_A1-3_B2-4-5,19,IA,8,0,0,1-3,2-4-5,192301,1688599186290487,3,Inland Census Water Unit 3,1,1,1688582648290487,0,,PARENT_POSTSTRATA,ONE_BLOCK_WITHIN_ESTIMATION_UNIT_FOR_BOTH_FOLDS,0,4,27627.2,27627.2,0.0,1,DESIGN_BLOCKED_ESTIMATION_UNIT_UNSAMPLED,NONE
T2_IA_A1-2_B3-4-5,19,IA,9,0,0,1-2,3-4-5,192301,1688599186290487,3,Inland Census Water Unit 3,1,1,1688582648290487,0,,PARENT_POSTSTRATA,ONE_BLOCK_WITHIN_ESTIMATION_UNIT_FOR_BOTH_FOLDS,0,4,27627.2,27627.2,0.0,1,DESIGN_BLOCKED_ESTIMATION_UNIT_UNSAMPLED,NONE
T2_IA_A4-5_B1-2-3,19,IA,10,0,0,4-5,1-2-3,192301,1688599186290487,3,Inland Census Water Unit 3,1,0,,1,1688582648290487,PARENT_POSTSTRATA,ONE_BLOCK_WITHIN_ESTIMATION_UNIT_FOR_BOTH_FOLDS,4,0,27627.2,27627.2,0.0,1,DESIGN_BLOCKED_ESTIMATION_UNIT_UNSAMPLED,NONE
T2_ID_A1-3_B2-4-5,16,ID,3,0,0,1-3,2-4-5,162301,1882839667290487,21,County 021,5,1,1882650952290487,0,,PARENT_POSTSTRATA,ONE_BLOCK_WITHIN_ESTIMATION_UNIT_FOR_BOTH_FOLDS,52,74,818050.0,818050.0,0.0,1,TI_ESTIMABLE_AFTER_SYMMETRIC_COARSENING,NONE
T2_ID_A3-5_B1-2-4,16,ID,4,0,0,3-5,1-2-4,162301,1882839663290487,61,County 061,2,1,1882651026290487,0,,PARENT_POSTSTRATA,ONE_BLOCK_WITHIN_ESTIMATION_UNIT_FOR_BOTH_FOLDS,17,38,307076.0,307076.0,0.0,1,TI_ESTIMABLE_AFTER_SYMMETRIC_COARSENING,NONE
T2_IN_A1-5_B2-3-4,18,IN,10,0,0,1-5,2-3-4,182301,1805452312290487,4,Inland Census Water Unit 3,1,1,1805045267290487,0,,PARENT_POSTSTRATA,ONE_BLOCK_WITHIN_ESTIMATION_UNIT_FOR_BOTH_FOLDS,0,3,11743.3,11743.3,0.0,1,DESIGN_BLOCKED_ESTIMATION_UNIT_UNSAMPLED,NONE
T2_MO_A2-5_B1-3-4,29,MO,7,0,0,2-5,1-3-4,292301,1783143940290487,1,Inland Census Water Unit 1,1,0,,1,1783101523290487,PARENT_POSTSTRATA,ONE_BLOCK_WITHIN_ESTIMATION_UNIT_FOR_BOTH_FOLDS,2,0,20310.0,20310.0,0.0,1,DESIGN_BLOCKED_ESTIMATION_UNIT_UNSAMPLED,NONE
T2_MO_A1-4_B2-3-5,29,MO,8,0,0,1-4,2-3-5,292301,1783143940290487,1,Inland Census Water Unit 1,1,1,1783101523290487,0,,PARENT_POSTSTRATA,ONE_BLOCK_WITHIN_ESTIMATION_UNIT_FOR_BOTH_FOLDS,0,2,20310.0,20310.0,0.0,1,DESIGN_BLOCKED_ESTIMATION_UNIT_UNSAMPLED,NONE
T2_MO_A3-4_B1-2-5,29,MO,9,0,0,3-4,1-2-5,292301,1783143940290487,1,Inland Census Water Unit 1,1,1,1783101523290487,0,,PARENT_POSTSTRATA,ONE_BLOCK_WITHIN_ESTIMATION_UNIT_FOR_BOTH_FOLDS,0,2,20310.0,20310.0,0.0,1,DESIGN_BLOCKED_ESTIMATION_UNIT_UNSAMPLED,NONE
T2_MO_A1-3_B2-4-5,29,MO,10,0,0,1-3,2-4-5,292301,1783143940290487,1,Inland Census Water Unit 1,1,1,1783101523290487,0,,PARENT_POSTSTRATA,ONE_BLOCK_WITHIN_ESTIMATION_UNIT_FOR_BOTH_FOLDS,0,2,20310.0,20310.0,0.0,1,DESIGN_BLOCKED_ESTIMATION_UNIT_UNSAMPLED,NONE
T2_MT_A4-5_B1-2-3,30,MT,7,0,0,4-5,1-2-3,302201,1882841987290487,73,County 073,3,1,1882170651290487,0,,PARENT_POSTSTRATA,ONE_BLOCK_WITHIN_ESTIMATION_UNIT_FOR_BOTH_FOLDS,63,112,1049503.0,1049503.0,0.0,1,TI_ESTIMABLE_AFTER_SYMMETRIC_COARSENING,NONE
T2_NM_A3-4_B1-2-5,35,NM,9,0,0,3-4,1-2-5,352201,1882845083290487,61,County 061,2,1,1882331943290487,0,,PARENT_POSTSTRATA,ONE_BLOCK_WITHIN_ESTIMATION_UNIT_FOR_BOTH_FOLDS,44,72,683651.0,683651.0,0.0,1,TI_ESTIMABLE_AFTER_SYMMETRIC_COARSENING,NONE
T2_NY_A3-4_B1-2-5,36,NY,6,0,0,3-4,1-2-5,362301,1801597888290487,6,Inland Census Water Unit 5,1,1,1801531274290487,0,,PARENT_POSTSTRATA,ONE_BLOCK_WITHIN_ESTIMATION_UNIT_FOR_BOTH_FOLDS,0,7,32648.9,32648.9,0.0,1,DESIGN_BLOCKED_ESTIMATION_UNIT_UNSAMPLED,NONE
T2_NY_A4-5_B1-2-3,36,NY,7,0,0,4-5,1-2-3,362301,1801597891290487,14,NY Catskills Unit 6,1,1,1801531286290487,0,,PARENT_POSTSTRATA,ONE_BLOCK_WITHIN_ESTIMATION_UNIT_FOR_BOTH_FOLDS,0,5,38349.8,38349.8,0.0,1,DESIGN_BLOCKED_ESTIMATION_UNIT_UNSAMPLED,NONE
T2_NY_A4-5_B1-2-3,36,NY,7,0,0,4-5,1-2-3,362301,1801597913290487,8,Inland Census Water Unit 7,1,1,1801531276290487,0,,PARENT_POSTSTRATA,ONE_BLOCK_WITHIN_ESTIMATION_UNIT_FOR_BOTH_FOLDS,0,2,54400.4,54400.4,0.0,1,DESIGN_BLOCKED_ESTIMATION_UNIT_UNSAMPLED,NONE
T2_NY_A1-4_B2-3-5,36,NY,8,0,0,1-4,2-3-5,362301,1801597891290487,14,NY Catskills Unit 6,1,1,1801531286290487,0,,PARENT_POSTSTRATA,ONE_BLOCK_WITHIN_ESTIMATION_UNIT_FOR_BOTH_FOLDS,0,5,38349.8,38349.8,0.0,1,DESIGN_BLOCKED_ESTIMATION_UNIT_UNSAMPLED,NONE
T2_NY_A1-4_B2-3-5,36,NY,8,0,0,1-4,2-3-5,362301,1801597913290487,8,Inland Census Water Unit 7,1,1,1801531276290487,0,,PARENT_POSTSTRATA,ONE_BLOCK_WITHIN_ESTIMATION_UNIT_FOR_BOTH_FOLDS,0,2,54400.4,54400.4,0.0,1,DESIGN_BLOCKED_ESTIMATION_UNIT_UNSAMPLED,NONE
T2_NY_A2-3_B1-4-5,36,NY,9,0,0,2-3,1-4-5,362301,1801597891290487,14,NY Catskills Unit 6,1,0,,1,1801531286290487,PARENT_POSTSTRATA,ONE_BLOCK_WITHIN_ESTIMATION_UNIT_FOR_BOTH_FOLDS,5,0,38349.8,38349.8,0.0,1,DESIGN_BLOCKED_ESTIMATION_UNIT_UNSAMPLED,NONE
T2_NY_A2-3_B1-4-5,36,NY,9,0,0,2-3,1-4-5,362301,1801597913290487,8,Inland Census Water Unit 7,1,0,,1,1801531276290487,PARENT_POSTSTRATA,ONE_BLOCK_WITHIN_ESTIMATION_UNIT_FOR_BOTH_FOLDS,2,0,54400.4,54400.4,0.0,1,DESIGN_BLOCKED_ESTIMATION_UNIT_UNSAMPLED,NONE
T2_NY_A1-5_B2-3-4,36,NY,10,0,0,1-5,2-3-4,362301,1801597891290487,14,NY Catskills Unit 6,1,1,1801531286290487,0,,PARENT_POSTSTRATA,ONE_BLOCK_WITHIN_ESTIMATION_UNIT_FOR_BOTH_FOLDS,0,5,38349.8,38349.8,0.0,1,DESIGN_BLOCKED_ESTIMATION_UNIT_UNSAMPLED,NONE
T2_NY_A1-5_B2-3-4,36,NY,10,0,0,1-5,2-3-4,362301,1801597913290487,8,Inland Census Water Unit 7,1,1,1801531276290487,0,,PARENT_POSTSTRATA,ONE_BLOCK_WITHIN_ESTIMATION_UNIT_FOR_BOTH_FOLDS,0,2,54400.4,54400.4,0.0,1,DESIGN_BLOCKED_ESTIMATION_UNIT_UNSAMPLED,NONE
T2_OH_A2-4_B1-3-5,39,OH,9,0,0,2-4,1-3-5,392301,1805088356290487,2,Inland Census Water Unit 2,1,1,1805023919290487,0,,PARENT_POSTSTRATA,ONE_BLOCK_WITHIN_ESTIMATION_UNIT_FOR_BOTH_FOLDS,0,4,11828.5,11828.5,0.0,1,DESIGN_BLOCKED_ESTIMATION_UNIT_UNSAMPLED,NONE
T2_OH_A4-5_B1-2-3,39,OH,10,0,0,4-5,1-2-3,392301,1805088351290487,1,Inland Census Water Unit 1,1,1,1805023918290487,0,,PARENT_POSTSTRATA,ONE_BLOCK_WITHIN_ESTIMATION_UNIT_FOR_BOTH_FOLDS,0,4,20660.0,20660.0,0.0,1,DESIGN_BLOCKED_ESTIMATION_UNIT_UNSAMPLED,NONE
T2_OH_A4-5_B1-2-3,39,OH,10,0,0,4-5,1-2-3,392301,1805088357290487,3,Inland Census Water Unit 3,1,1,1805023920290487,0,,PARENT_POSTSTRATA,ONE_BLOCK_WITHIN_ESTIMATION_UNIT_FOR_BOTH_FOLDS,0,4,30199.5,30199.5,0.0,1,DESIGN_BLOCKED_ESTIMATION_UNIT_UNSAMPLED,NONE
T2_OR_A4-5_B1-2-3,41,OR,1,1,1,4-5,1-2-3,412301,1977699668290487,3,Outside NFS,76,1,1977565950290487,0,,PARENT_POSTSTRATA,ONE_BLOCK_WITHIN_ESTIMATION_UNIT_FOR_BOTH_FOLDS,3414,5013,47343867.49,47343867.49,0.0,1,TI_ESTIMABLE_AFTER_SYMMETRIC_COARSENING,NONE
T2_OR_A2-4_B1-3-5,41,OR,2,0,0,2-4,1-3-5,412301,1977699666290487,1,"NFS, non-wilderness",102,1,1977562851290487,0,,PARENT_POSTSTRATA,ONE_BLOCK_WITHIN_ESTIMATION_UNIT_FOR_BOTH_FOLDS,2833,4232,13379917.61,13379917.61,0.0,1,TI_ESTIMABLE_AFTER_SYMMETRIC_COARSENING,NONE
T2_PA_A3-5_B1-2-4,42,PA,7,0,0,3-5,1-2-4,422301,1813600384290487,2,Inland Census Water Unit 0,1,1,1813539375290487,0,,PARENT_POSTSTRATA,ONE_BLOCK_WITHIN_ESTIMATION_UNIT_FOR_BOTH_FOLDS,0,6,36329.100000000006,36329.100000000006,0.0,1,DESIGN_BLOCKED_ESTIMATION_UNIT_UNSAMPLED,NONE
T2_PA_A1-3_B2-4-5,42,PA,8,0,0,1-3,2-4-5,422301,1813600372290487,4,Inland Census Water Unit 6,1,1,1813539377290487,0,,PARENT_POSTSTRATA,ONE_BLOCK_WITHIN_ESTIMATION_UNIT_FOR_BOTH_FOLDS,0,9,47563.3,47563.3,0.0,1,DESIGN_BLOCKED_ESTIMATION_UNIT_UNSAMPLED,NONE
T2_PA_A2-3_B1-4-5,42,PA,9,0,0,2-3,1-4-5,422301,1813600385290487,3,Inland Census Water Unit 5,1,1,1813539376290487,0,,PARENT_POSTSTRATA,ONE_BLOCK_WITHIN_ESTIMATION_UNIT_FOR_BOTH_FOLDS,0,7,69519.9,69519.9,0.0,1,DESIGN_BLOCKED_ESTIMATION_UNIT_UNSAMPLED,NONE
T2_PA_A1-5_B2-3-4,42,PA,10,0,0,1-5,2-3-4,422301,1813600367290487,9,PA BOF Unit 5,1,1,1813539383290487,0,,PARENT_POSTSTRATA,ONE_BLOCK_WITHIN_ESTIMATION_UNIT_FOR_BOTH_FOLDS,0,3,19615.199999999997,19615.199999999997,0.0,1,DESIGN_BLOCKED_ESTIMATION_UNIT_UNSAMPLED,NONE
T2_PA_A1-5_B2-3-4,42,PA,10,0,0,1-5,2-3-4,422301,1813600388290487,5,Inland Census Water Unit 7,1,1,1813539378290487,0,,PARENT_POSTSTRATA,ONE_BLOCK_WITHIN_ESTIMATION_UNIT_FOR_BOTH_FOLDS,0,4,15353.3,15353.3,0.0,1,DESIGN_BLOCKED_ESTIMATION_UNIT_UNSAMPLED,NONE
T2_UT_A4-5_B1-2-3,49,UT,3,0,0,4-5,1-2-3,492201,1882846076290487,33,County 033,4,1,1882403596290487,0,,PARENT_POSTSTRATA,ONE_BLOCK_WITHIN_ESTIMATION_UNIT_FOR_BOTH_FOLDS,39,79,695225.0,695225.0,0.0,1,TI_ESTIMABLE_AFTER_SYMMETRIC_COARSENING,NONE
T2_VA_A1-4_B2-3-5,51,VA,2,0,0,1-4,2-3-5,512301,1642656959290487,4,Northern Mountains - excluding national forest,5,1,1642633278290487,0,,PARENT_POSTSTRATA,ONE_BLOCK_WITHIN_ESTIMATION_UNIT_FOR_BOTH_FOLDS,220,312,3214440.44,3214440.44,0.0,1,TI_ESTIMABLE_AFTER_SYMMETRIC_COARSENING,NONE
T2_VA_A3-5_B1-2-4,51,VA,3,0,0,3-5,1-2-4,512301,1642656959290487,4,Northern Mountains - excluding national forest,5,0,,1,1642633278290487,PARENT_POSTSTRATA,ONE_BLOCK_WITHIN_ESTIMATION_UNIT_FOR_BOTH_FOLDS,205,327,3214440.44,3214440.44,0.0,1,TI_ESTIMABLE_AFTER_SYMMETRIC_COARSENING,NONE
T2_VA_A2-4_B1-3-5,51,VA,5,0,0,2-4,1-3-5,512301,1642656959290487,4,Northern Mountains - excluding national forest,5,1,1642633278290487,0,,PARENT_POSTSTRATA,ONE_BLOCK_WITHIN_ESTIMATION_UNIT_FOR_BOTH_FOLDS,218,314,3214440.44,3214440.44,0.0,1,TI_ESTIMABLE_AFTER_SYMMETRIC_COARSENING,NONE
T2_VA_A1-2_B3-4-5,51,VA,6,0,0,1-2,3-4-5,512301,1642656959290487,4,Northern Mountains - excluding national forest,5,1,1642633278290487,0,,PARENT_POSTSTRATA,ONE_BLOCK_WITHIN_ESTIMATION_UNIT_FOR_BOTH_FOLDS,216,316,3214440.44,3214440.44,0.0,1,TI_ESTIMABLE_AFTER_SYMMETRIC_COARSENING,NONE
T2_WA_A1-3_B2-4-5,53,WA,1,1,1,1-3,2-4-5,532301,1956291850290487,2,"NFS, wilderness",20,1,1955745744290487,0,,PARENT_POSTSTRATA,ONE_BLOCK_WITHIN_ESTIMATION_UNIT_FOR_BOTH_FOLDS,128,211,2688272.62,2688272.62,0.0,1,TI_ESTIMABLE_AFTER_SYMMETRIC_COARSENING,NONE
T2_WA_A1-3_B2-4-5,53,WA,1,1,1,1-3,2-4-5,532301,1956291851290487,3,Outside NFS,69,1,1955751847290487,0,,PARENT_POSTSTRATA,ONE_BLOCK_WITHIN_ESTIMATION_UNIT_FOR_BOTH_FOLDS,2330,3467,36396953.25,36396953.25,0.0,1,TI_ESTIMABLE_AFTER_SYMMETRIC_COARSENING,NONE
T2_WA_A1-2_B3-4-5,53,WA,3,0,0,1-2,3-4-5,532301,1956291850290487,2,"NFS, wilderness",20,1,1955745733290487,0,,PARENT_POSTSTRATA,ONE_BLOCK_WITHIN_ESTIMATION_UNIT_FOR_BOTH_FOLDS,131,208,2688272.62,2688272.62,0.0,1,TI_ESTIMABLE_AFTER_SYMMETRIC_COARSENING,NONE
T2_WV_A3-5_B1-2-4,54,WV,1,1,0,3-5,1-2-4,542301,1778861676290487,3,Inland Census Water Unit 3,1,0,,1,1778855758290487,PARENT_POSTSTRATA,ONE_BLOCK_WITHIN_ESTIMATION_UNIT_FOR_BOTH_FOLDS,2,0,23014.8,23014.8,0.0,1,DESIGN_BLOCKED_ESTIMATION_UNIT_UNSAMPLED,NONE
T2_WV_A1-2_B3-4-5,54,WV,2,0,0,1-2,3-4-5,542301,1778861676290487,3,Inland Census Water Unit 3,1,1,1778855758290487,0,,PARENT_POSTSTRATA,ONE_BLOCK_WITHIN_ESTIMATION_UNIT_FOR_BOTH_FOLDS,0,2,23014.8,23014.8,0.0,1,DESIGN_BLOCKED_ESTIMATION_UNIT_UNSAMPLED,NONE
T2_WV_A1-4_B2-3-5,54,WV,3,0,0,1-4,2-3-5,542301,1778861676290487,3,Inland Census Water Unit 3,1,1,1778855758290487,0,,PARENT_POSTSTRATA,ONE_BLOCK_WITHIN_ESTIMATION_UNIT_FOR_BOTH_FOLDS,0,2,23014.8,23014.8,0.0,1,DESIGN_BLOCKED_ESTIMATION_UNIT_UNSAMPLED,NONE
T2_WV_A4-5_B1-2-3,54,WV,4,0,0,4-5,1-2-3,542301,1778861676290487,3,Inland Census Water Unit 3,1,0,,1,1778855758290487,PARENT_POSTSTRATA,ONE_BLOCK_WITHIN_ESTIMATION_UNIT_FOR_BOTH_FOLDS,2,0,23014.8,23014.8,0.0,1,DESIGN_BLOCKED_ESTIMATION_UNIT_UNSAMPLED,NONE
T2_WV_A2-4_B1-3-5,54,WV,5,0,0,2-4,1-3-5,542301,1778861676290487,3,Inland Census Water Unit 3,1,1,1778855758290487,0,,PARENT_POSTSTRATA,ONE_BLOCK_WITHIN_ESTIMATION_UNIT_FOR_BOTH_FOLDS,0,2,23014.8,23014.8,0.0,1,DESIGN_BLOCKED_ESTIMATION_UNIT_UNSAMPLED,NONE
T2_WV_A1-5_B2-3-4,54,WV,6,0,0,1-5,2-3-4,542301,1778861676290487,3,Inland Census Water Unit 3,1,0,,1,1778855758290487,PARENT_POSTSTRATA,ONE_BLOCK_WITHIN_ESTIMATION_UNIT_FOR_BOTH_FOLDS,2,0,23014.8,23014.8,0.0,1,DESIGN_BLOCKED_ESTIMATION_UNIT_UNSAMPLED,NONE
T2_WV_A2-3_B1-4-5,54,WV,7,0,0,2-3,1-4-5,542301,1778861676290487,3,Inland Census Water Unit 3,1,1,1778855758290487,0,,PARENT_POSTSTRATA,ONE_BLOCK_WITHIN_ESTIMATION_UNIT_FOR_BOTH_FOLDS,0,2,23014.8,23014.8,0.0,1,DESIGN_BLOCKED_ESTIMATION_UNIT_UNSAMPLED,NONE
T2_WV_A1-3_B2-4-5,54,WV,8,0,0,1-3,2-4-5,542301,1778861676290487,3,Inland Census Water Unit 3,1,1,1778855758290487,0,,PARENT_POSTSTRATA,ONE_BLOCK_WITHIN_ESTIMATION_UNIT_FOR_BOTH_FOLDS,0,2,23014.8,23014.8,0.0,1,DESIGN_BLOCKED_ESTIMATION_UNIT_UNSAMPLED,NONE
T2_WV_A3-4_B1-2-5,54,WV,9,0,0,3-4,1-2-5,542301,1778861676290487,3,Inland Census Water Unit 3,1,1,1778855758290487,0,,PARENT_POSTSTRATA,ONE_BLOCK_WITHIN_ESTIMATION_UNIT_FOR_BOTH_FOLDS,0,2,23014.8,23014.8,0.0,1,DESIGN_BLOCKED_ESTIMATION_UNIT_UNSAMPLED,NONE
T2_WV_A2-5_B1-3-4,54,WV,10,0,0,2-5,1-3-4,542301,1778861676290487,3,Inland Census Water Unit 3,1,0,,1,1778855758290487,PARENT_POSTSTRATA,ONE_BLOCK_WITHIN_ESTIMATION_UNIT_FOR_BOTH_FOLDS,2,0,23014.8,23014.8,0.0,1,DESIGN_BLOCKED_ESTIMATION_UNIT_UNSAMPLED,NONE
T2_WY_A2-5_B1-3-4,56,WY,2,0,0,2-5,1-3-4,562301,1882926308290487,29,County 029,6,1,1882772912290487,0,,PARENT_POSTSTRATA,ONE_BLOCK_WITHIN_ESTIMATION_UNIT_FOR_BOTH_FOLDS,282,434,4459826.0,4459826.0,0.0,1,TI_ESTIMABLE_AFTER_SYMMETRIC_COARSENING,NONE
