synthetic_species_id,world,support_seed,abundance_seed,true_support_cells,support_index_sha256,latent_abundance_sha256,positive_abundance_values_sha256,observed_abundance_A_sha256,observed_abundance_B_sha256,manifest_regime_rows_expected,manifest_regime_rows_exactly_matched,support_shared_with_pair,positive_abundance_histogram_shared_with_pair,split_assignments_sha256,observed_abundance_reconstruction_basis,identity_gate
SYN001,STRONG,2311042634,838304860,142,eba1b154cbc4578fb40d83879cb0497183ca25b0b38416e4cab3db683c34c9ed,3c7755db351d7d0b5b2915c8332884568609cede8ebc45d7ce0a4f3ad776d3ce,91bcc27303a3426ea8d768085689a038e6780a5295b5a2500e07f2d347c4c585,8426c4fadc71e192b29ea52d004770230136237c42dd4b497ecc4bef871c0eb1,d3db6161939b1549714fb7de8deb389934131c796dab127f00004116f7acecc4,3,3,YES,YES,247ca84cdd33586aba416b68db7087222cd13038285007deb5682708e889f02d,D10A_PUBLISHED_LAYOUT_ORDER_PLUS_FROZEN_CODE_AND_SEEDS,PASS
SYN001,PAIRED_NULL,2311042634,838304860,142,eba1b154cbc4578fb40d83879cb0497183ca25b0b38416e4cab3db683c34c9ed,eac04a25c0e1f231fd1ade40bbdeddb95f12729b8e8b430a50307e1cfd7fe30a,91bcc27303a3426ea8d768085689a038e6780a5295b5a2500e07f2d347c4c585,9c1cec99e7a838800240bd5e44f6c359c85a7ba738cd83c611d8fa216a9ca308,6304ce593428ba9a035343c8156898c101e67061c596b5fb5248b919bb8795f0,3,3,YES,YES,247ca84cdd33586aba416b68db7087222cd13038285007deb5682708e889f02d,D10A_PUBLISHED_LAYOUT_ORDER_PLUS_FROZEN_CODE_AND_SEEDS,PASS
SYN002,STRONG,1545516190,3389963429,65,3592da47910601fdad8d8ba702c8717fd829e0d18dc8f5b5d8619a5086bb4ae4,0591f31ae12ef0b1682ea45ce10523dea66f46f06a8e4451b0865c0fb6289434,c15400fc579b495c55241ba196f7c8629fad0424cb4d37f0aed7c3dba329c22a,8454edb43957790a896f843e65309888b3aa457ee9cd508587bad89243a55203,18fda212a5bbd59aec3b3db9110e73686636bdd1710f9f0be758b895eb8aefca,3,3,YES,YES,247ca84cdd33586aba416b68db7087222cd13038285007deb5682708e889f02d,D10A_PUBLISHED_LAYOUT_ORDER_PLUS_FROZEN_CODE_AND_SEEDS,PASS
SYN002,PAIRED_NULL,1545516190,3389963429,65,3592da47910601fdad8d8ba702c8717fd829e0d18dc8f5b5d8619a5086bb4ae4,6b20e0d2148845ffef40464d2b39d36c1df590ee5799813396ccf217a6cb502d,c15400fc579b495c55241ba196f7c8629fad0424cb4d37f0aed7c3dba329c22a,982a98e0bab22684a3a113dcb3ce79602c74b7b2d7e5caf62236c757976c2ead,d56ce03c69d1c962db7fa3500e7285c689c64cc1be67fb42a21987e38c9a0130,3,3,YES,YES,247ca84cdd33586aba416b68db7087222cd13038285007deb5682708e889f02d,D10A_PUBLISHED_LAYOUT_ORDER_PLUS_FROZEN_CODE_AND_SEEDS,PASS
SYN003,STRONG,4035680460,4228081942,175,c6cba1b9c4db63c5c0afea272c8374e55f45fdc68a73bfc1b1bcea98a5d20525,38b283ced47300096ed94d47d7eedd045e8de2aeffaa2b8a0f123d42018a36b0,eb7957f76e4a39f5ae5177069d8bad27e7d42d66db750ee142c1f1979ca543e8,04056263841b65be2a3505ef9c9e815fb47feb82cfe21a0d906acdb3c792b91f,433a7642aa9523cd5ccaa4e87d4f9ffd57d72374edb7385b22cf32ab7abb87e4,3,3,YES,YES,247ca84cdd33586aba416b68db7087222cd13038285007deb5682708e889f02d,D10A_PUBLISHED_LAYOUT_ORDER_PLUS_FROZEN_CODE_AND_SEEDS,PASS
SYN003,PAIRED_NULL,4035680460,4228081942,175,c6cba1b9c4db63c5c0afea272c8374e55f45fdc68a73bfc1b1bcea98a5d20525,91165c0d548b488ea5904168a36595a4f6ad19555ad63869481097ae007e35e4,eb7957f76e4a39f5ae5177069d8bad27e7d42d66db750ee142c1f1979ca543e8,d5bfda032bdd886881a1a834b8ae21b6e9b52a8f7a21a6994b28efab5131b6a6,39a0692575092ec0a74835c0079846c95bf58e1abf5153c033449591c4a024b1,3,3,YES,YES,247ca84cdd33586aba416b68db7087222cd13038285007deb5682708e889f02d,D10A_PUBLISHED_LAYOUT_ORDER_PLUS_FROZEN_CODE_AND_SEEDS,PASS
SYN004,STRONG,4049346259,2653622948,148,aedda63a391de989e4fd1fea5082776ab2d5d15e18c59f7395f79446f1e75005,e54006cabadea9ae2b19ceb8ee49701241f0c78a5540ba5d9d68fb87f8757045,35caacdea0cac122f44db7d07163713ac63f28a51d68ad5e65bf0e9da41dc7e0,6e827ada63f0d714d6feee175c787728382be609ba48b76ec3c0caeebf4b66cc,634905dd007f63ccb0b9c6a9ddc332e74dd4594e9d61afd4c846ef8e1c98a3c0,3,3,YES,YES,247ca84cdd33586aba416b68db7087222cd13038285007deb5682708e889f02d,D10A_PUBLISHED_LAYOUT_ORDER_PLUS_FROZEN_CODE_AND_SEEDS,PASS
SYN004,PAIRED_NULL,4049346259,2653622948,148,aedda63a391de989e4fd1fea5082776ab2d5d15e18c59f7395f79446f1e75005,e880290e6c601785112b8619fb6485f3407c8ad8b94fcaefa23c9212a0d9ff86,fd24fd3ba5874d41987c7376aa8e6f4dd8d01ad0e4ff0c377bc3af4aa18ccfe9,c39274dedac6138f991b536b6a67cee57449ca25b86729c5ad38727111edc7dd,40bf46b7da25e72be7918b655d054929b2dab8aa81c42aa5fdbeccd5eab4f464,3,3,YES,YES,247ca84cdd33586aba416b68db7087222cd13038285007deb5682708e889f02d,D10A_PUBLISHED_LAYOUT_ORDER_PLUS_FROZEN_CODE_AND_SEEDS,PASS
SYN005,STRONG,411049109,720834999,140,e68a8ecd8931e6993e7674d6c7aa74223795318d5ec4fe6aed277792c2e518d5,2abc843ac529f6252ead5bb00878b7e91e6d3b3fd96a333bcdbd2121cb6d7ab4,eaa7e2c35e55e6bd8871108e673b0ccca09fff49a9520f766f71403b42ac0b08,9b9969accd64fc3027333bca51131b0c80a59a47c3083d57bb497ca811c44c83,17068582df61800eefac585b472feedd4c0904d5a45db1a2a3a2eef3905a90aa,3,3,YES,YES,247ca84cdd33586aba416b68db7087222cd13038285007deb5682708e889f02d,D10A_PUBLISHED_LAYOUT_ORDER_PLUS_FROZEN_CODE_AND_SEEDS,PASS
SYN005,PAIRED_NULL,411049109,720834999,140,e68a8ecd8931e6993e7674d6c7aa74223795318d5ec4fe6aed277792c2e518d5,d207f161263e090547fb7760c39cd22ff6209953655329f53c76503da09eda29,83946efbfa1de7639047c3af3f40942ec0eb5ef0e909c64cc5176ee1e786f10d,736d72281dd3578be5d430f97bf039c79541876fa535ec727b152a16e48f15c0,1155c5e33bc69c4e064e0beb13c18f0de4e785dd36c045e0a91725ff02b112f2,3,3,YES,YES,247ca84cdd33586aba416b68db7087222cd13038285007deb5682708e889f02d,D10A_PUBLISHED_LAYOUT_ORDER_PLUS_FROZEN_CODE_AND_SEEDS,PASS
SYN006,STRONG,2441702572,3393367802,66,2954b09870d9458e562b6f5d8bb6e61e6f1fc893d2331ace69dfb5c1a9859571,2d017ce97eb121b2ece420eaf13f4f272d0ae665ab22602b3f0220fb7758e73c,850de36494ed5008f38577d9a5f5fa49338fb193e92bce22f9bdd77fe6b82e02,7913c510a5c5e5a1ecbf6b528de58e6b69cfcd759f1594ca74da3bf5690407e5,f7133002c3432dc5162e2cee08b87eddee96debf7180e427a2fb28565cffcaff,3,3,YES,YES,247ca84cdd33586aba416b68db7087222cd13038285007deb5682708e889f02d,D10A_PUBLISHED_LAYOUT_ORDER_PLUS_FROZEN_CODE_AND_SEEDS,PASS
SYN006,PAIRED_NULL,2441702572,3393367802,66,2954b09870d9458e562b6f5d8bb6e61e6f1fc893d2331ace69dfb5c1a9859571,96448ede6f0136a678310c96cd15c071dfe2e95c9b8f05de9060d47dbb51afbc,ed3f7046e7ee596949c0f043cd28ea4929f295f7574fe2a5971c129fca3e49aa,2342c5ba5b79fb3135799da5448ba33c2ea392aca62e8e7919305e51b0370989,c4cc56735bf1aa4b18e4dd734dbef61bf1e108d04166485f13f2b28e78b7ca92,3,3,YES,YES,247ca84cdd33586aba416b68db7087222cd13038285007deb5682708e889f02d,D10A_PUBLISHED_LAYOUT_ORDER_PLUS_FROZEN_CODE_AND_SEEDS,PASS
SYN007,STRONG,2087085860,1078403216,134,42423dc0f24faffaad52cb8f833fcab6002c3fa53095905c9a4ac3f71de9b642,3055ce0ed8b95630c1c504e9a9f3a7defa7024f090a8e8830f6e733782b80151,99997853dab824ac2f78e273a9717266df551d0a094f454563b3cc65b22e5c0f,a7468d0979622b7f36faee54bf1424d7ef6cc5c8ec8f761ddf29836445dff6e5,b92636313463c3b22e36e342b23b306e5dc35579c39c1a1233500e89d22d9816,3,3,YES,YES,247ca84cdd33586aba416b68db7087222cd13038285007deb5682708e889f02d,D10A_PUBLISHED_LAYOUT_ORDER_PLUS_FROZEN_CODE_AND_SEEDS,PASS
SYN007,PAIRED_NULL,2087085860,1078403216,134,42423dc0f24faffaad52cb8f833fcab6002c3fa53095905c9a4ac3f71de9b642,c1965b90b741291cf314c30b0fc8f5bc6e565fa723ef6c09221cf814e0ad60ac,8be4343451700d73f75a640af8bbd781219dcba92b927e7cbf15a6eefcaaf33d,f78a7405299a344613d4bbf4fb84661c6b43bffe87da5d6f39e01933ca1db06b,e0904e8b42c3745841217a8590c19244c211cc0576357f8a59a59ead52e0bac8,3,3,YES,YES,247ca84cdd33586aba416b68db7087222cd13038285007deb5682708e889f02d,D10A_PUBLISHED_LAYOUT_ORDER_PLUS_FROZEN_CODE_AND_SEEDS,PASS
SYN008,STRONG,3504914858,4180138025,122,c9ac2bbcc2b67c38d4d40b09d1e402a2270bf50cdcafb7d3e4c40b0e08ce7a71,ceb2659279d799e694a39443eb559190b14fae60fe3a5a1c1c16e420948f0fff,0d2c055444697488283bc96e9fc4b51716f9c281bd745f121cbbe7d0780c09ea,4d9d9ff8b846d831bd002aecbd7d852f6c3e568ce90aa094f642665cc7e81bca,de179bba5ff172885de30ad0c520b523884acfa96f6df9240f107c735f1f19eb,3,3,YES,YES,247ca84cdd33586aba416b68db7087222cd13038285007deb5682708e889f02d,D10A_PUBLISHED_LAYOUT_ORDER_PLUS_FROZEN_CODE_AND_SEEDS,PASS
SYN008,PAIRED_NULL,3504914858,4180138025,122,c9ac2bbcc2b67c38d4d40b09d1e402a2270bf50cdcafb7d3e4c40b0e08ce7a71,9d2f06cd6ab230a884009a5ab3316f5510cdfdf9d0e156dadde978ca6c568724,18c6802688cb7404a09f0a2e0166aa39595855f1abe768bb4d1081ab784e88cd,af09a52361e562e8649d89a4d6c1593fac6e562350878500142f688fc02aab5d,4aa5975437ef9dd9b0c06bd537868ba13f8539f59d80f0e2189aac1343027671,3,3,YES,YES,247ca84cdd33586aba416b68db7087222cd13038285007deb5682708e889f02d,D10A_PUBLISHED_LAYOUT_ORDER_PLUS_FROZEN_CODE_AND_SEEDS,PASS
SYN009,STRONG,1990553608,3171764874,84,e38c8da23ae645e24304fd9a0a5662234dd6c316d47c36175ada0a9840e9e9a2,6df13de007aaa62488f21de4ab91c54e6f5e5d073f1b1ac585fe9b0223d8fcfd,32067dff5deeab534e1eb146db5b7887805333e995f5dd4d74cef5db517be70f,3396344a9a1581489ce60d410a2796baf82e69b5c1d1827a9624a875dc97dd9f,641b26406e71336ce0f87c3316d2f33ac94503ef0514226b845945bf95c7a8eb,3,3,YES,YES,247ca84cdd33586aba416b68db7087222cd13038285007deb5682708e889f02d,D10A_PUBLISHED_LAYOUT_ORDER_PLUS_FROZEN_CODE_AND_SEEDS,PASS
SYN009,PAIRED_NULL,1990553608,3171764874,84,e38c8da23ae645e24304fd9a0a5662234dd6c316d47c36175ada0a9840e9e9a2,c210326376c3142b4777a202c7c9f5959632a39290e71a3bfb423defff11d7ce,f9f853c17215bf2caf0456d472f3587587c0750c0f7299ebf79ce5fcc637af8c,6ed0009221667361ba4ae20613fde42e50a330521298db8f5840b5d25125a6ee,e1124bb1d2781de0bd74f25c104e881d7ddc8360df5edcd3f32ee3c94f7f7b30,3,3,YES,YES,247ca84cdd33586aba416b68db7087222cd13038285007deb5682708e889f02d,D10A_PUBLISHED_LAYOUT_ORDER_PLUS_FROZEN_CODE_AND_SEEDS,PASS
SYN010,STRONG,3236665121,330236445,104,8b6b8906ab4cce4ba6d9892d28d3d73025c355d1ebd4d15e158534607ade8020,311cab3d1e5612863a972ab72a54426fe78e4fa7e9cae2570b16b61606361da1,187595e8821ecbf82aad8fb870aaa07cedee237642c113d8af67e76963e41993,1b0f7459f32be146db3e45883ca9b933a12081c996e1870b498b601bba3f83f2,4be2fed46e28ba22f58c95c6b21ab8979167b0ea247b844494598d16083adb5a,3,3,YES,YES,247ca84cdd33586aba416b68db7087222cd13038285007deb5682708e889f02d,D10A_PUBLISHED_LAYOUT_ORDER_PLUS_FROZEN_CODE_AND_SEEDS,PASS
SYN010,PAIRED_NULL,3236665121,330236445,104,8b6b8906ab4cce4ba6d9892d28d3d73025c355d1ebd4d15e158534607ade8020,23c3581027d3aadee107614e0d631fbd2c1d500ffab373f73843bbb096c21c1b,187595e8821ecbf82aad8fb870aaa07cedee237642c113d8af67e76963e41993,2a414b8e3bb19b299514e39f19fd34ca663e7077f674506c671a8dbaf15a30bd,398de645d025af6021d1a9f0537aa04dad9b11c0f58be42213734083247e3a28,3,3,YES,YES,247ca84cdd33586aba416b68db7087222cd13038285007deb5682708e889f02d,D10A_PUBLISHED_LAYOUT_ORDER_PLUS_FROZEN_CODE_AND_SEEDS,PASS
SYN011,STRONG,664639931,4015310404,123,8863d877acbb8623840c922c3d7ebd4fca1b8f72cc5c29935c9663444d7c1fd7,d6b8ce14a1e2f7b65be693b4a29465fb16961137983b3cca4f9b08a3169067ae,24ec16cbbda701d8f87c4949dba7f98bc4fdc857e64ee5643f1e1cbf9a09fb01,ec754372316476ceaa553f38b00a3357068af66337983494f087cab9328f9000,ce97575d2e738908258d02b050d043044651b8107b94bab9d1e2408e0e2c048d,3,3,YES,YES,247ca84cdd33586aba416b68db7087222cd13038285007deb5682708e889f02d,D10A_PUBLISHED_LAYOUT_ORDER_PLUS_FROZEN_CODE_AND_SEEDS,PASS
SYN011,PAIRED_NULL,664639931,4015310404,123,8863d877acbb8623840c922c3d7ebd4fca1b8f72cc5c29935c9663444d7c1fd7,424f712f256d8e25fc5734d5c422f032823ab18ac4acdc2e9081a4de45a8d84c,24ec16cbbda701d8f87c4949dba7f98bc4fdc857e64ee5643f1e1cbf9a09fb01,95c11e9f7681033fef797a65ff4eaca40c8c5249713b3c7afbd75e7f0eb01fe9,f1a1753006c906091beef86afebb6efd9810c01e8a72550a331a8ee9affbee28,3,3,YES,YES,247ca84cdd33586aba416b68db7087222cd13038285007deb5682708e889f02d,D10A_PUBLISHED_LAYOUT_ORDER_PLUS_FROZEN_CODE_AND_SEEDS,PASS
SYN012,STRONG,3789262575,26143644,156,bbbdc01e1ef6f0cebc0e450ac5e09862790a9539e660b2cb3f386f47d96c7f31,c6ece29c8db0e9b8fee106c8aff0779ee0f9e2c5a9e9eb11dce6e6711691330b,b55ee254cc5afe0e34aa87444c0a0393f6b098a0a48c208b27add2e36990264b,c19b2c32eed62f296f53258ef93b33b25cd2446490eb6400b13106fc9ce6c594,db6bfb7b7473c2262ed46dd3b0319b3c888714363472b9a8914053b6d936d0bd,3,3,YES,YES,247ca84cdd33586aba416b68db7087222cd13038285007deb5682708e889f02d,D10A_PUBLISHED_LAYOUT_ORDER_PLUS_FROZEN_CODE_AND_SEEDS,PASS
SYN012,PAIRED_NULL,3789262575,26143644,156,bbbdc01e1ef6f0cebc0e450ac5e09862790a9539e660b2cb3f386f47d96c7f31,d5875f2aa0d2aa07454ef314a3eab5840551fe40de333f792cb61701080739d1,b55ee254cc5afe0e34aa87444c0a0393f6b098a0a48c208b27add2e36990264b,dddce523361e8139f051b7ebdcf04591e662e325b7ae85287d01f8a417db8479,4195f36ba68c46eee3376123172fb5ace02fe6c62172ae275857e336579102c0,3,3,YES,YES,247ca84cdd33586aba416b68db7087222cd13038285007deb5682708e889f02d,D10A_PUBLISHED_LAYOUT_ORDER_PLUS_FROZEN_CODE_AND_SEEDS,PASS
SYN013,STRONG,1328287894,3080741132,127,bf9e57d42357e89d85319beaecc79b3f1276d9bfa298372f376650f65271471e,59b707b39ef8dd0db4ab588c8920918dbc9989be0e133ba1abc713dee2c2bbb4,a33e50c3e4c9307698e5e1a67f3ce5d623edea2ebbfb647e0f0f2caaedea9cde,07c495f3022b60a382959046ec152303ff4eda436f26362c72649d0e181f0c4a,c7f53b497c5f5b2bf8ca0eeffa4946a96e72535e5af561ac35bf21367999d28e,3,3,YES,YES,247ca84cdd33586aba416b68db7087222cd13038285007deb5682708e889f02d,D10A_PUBLISHED_LAYOUT_ORDER_PLUS_FROZEN_CODE_AND_SEEDS,PASS
SYN013,PAIRED_NULL,1328287894,3080741132,127,bf9e57d42357e89d85319beaecc79b3f1276d9bfa298372f376650f65271471e,2d860b952c5e6754296017a969c9e09af239816b6d838b9e37fdaa53ae80a28c,0b7a102916a105c7a43d954d9602546a95ab151e9fff6b5d57a7e7c34da4d3a2,d8d945b98ea5c441a782a6a7357612c0c4c670ecdae457d07733d088486e1d7b,1ef9cd77300c5b9f81ec834c556d76b5e97c347ea6bb86dfb7d20efd99a3086c,3,3,YES,YES,247ca84cdd33586aba416b68db7087222cd13038285007deb5682708e889f02d,D10A_PUBLISHED_LAYOUT_ORDER_PLUS_FROZEN_CODE_AND_SEEDS,PASS
SYN014,STRONG,1497504541,7768223,125,ffb63d5298481df04bf4a651fd8549c6af76f03ec4dcdfa674993e15f2ade07f,a4a4da4e8a1135f90b0f51571563550e8d0cfeaf584c3766e30a93f3733f836a,196bcaedb83153c1452b47e42f4e04dd61dc93c6327919bba76dbacda6e14cf8,be29cbe3d66920d72ac726fa7b46c8f41d1c48d8b04ae6f7983ee037d12da28c,849355235f0ab1eb2568f4a1e021ff7c9e6cb8d9499ebc356ae838158b1c7276,3,3,YES,YES,247ca84cdd33586aba416b68db7087222cd13038285007deb5682708e889f02d,D10A_PUBLISHED_LAYOUT_ORDER_PLUS_FROZEN_CODE_AND_SEEDS,PASS
SYN014,PAIRED_NULL,1497504541,7768223,125,ffb63d5298481df04bf4a651fd8549c6af76f03ec4dcdfa674993e15f2ade07f,e70cd7b161de13bed7a21c800e5b0c4fb65cc9e20d3ec1fffea2e3ab03acf7e4,196bcaedb83153c1452b47e42f4e04dd61dc93c6327919bba76dbacda6e14cf8,deec1fd9dadb31bbb803ed09d2839d38948805039f4b82a52d460c22a7a11991,40ab09496471c27191a608f59fdeb9939d5c5655cb60c5089dc7c88fd20ec000,3,3,YES,YES,247ca84cdd33586aba416b68db7087222cd13038285007deb5682708e889f02d,D10A_PUBLISHED_LAYOUT_ORDER_PLUS_FROZEN_CODE_AND_SEEDS,PASS
SYN015,STRONG,426538373,222614335,166,38eebe153dc0f2b5a82295eff43e2a87525fde7a6c7501ac8b9bf783570b0c60,023ce91e3f0bff0892c36b884f7b98bd1697f690fd47e677ca467da204363780,6b5d3ef25b6a034a9917b8e67205b40a128f0b496e0f91120033fa50bcd5c060,e98674b11f2fdf1a64c57539ee4f80b54fdaea970162dd105b5f217d9173295a,65ddd47f58b7bab9e45b19d68ab9262ac9c287407affefbd83e68b8d3caef383,3,3,YES,YES,247ca84cdd33586aba416b68db7087222cd13038285007deb5682708e889f02d,D10A_PUBLISHED_LAYOUT_ORDER_PLUS_FROZEN_CODE_AND_SEEDS,PASS
SYN015,PAIRED_NULL,426538373,222614335,166,38eebe153dc0f2b5a82295eff43e2a87525fde7a6c7501ac8b9bf783570b0c60,175eed1dcbcd282a6aa3dedbb22fd15968be9b30b9f501525c8c9c2fdfb4afc8,f7f8cd6b90e15d40bbc0d65f7d7026c7aae6491141257a3bbbd9810a8145bd41,daf0a432c1a95449b7d1fc07902f2f7194c7cde8d07dc57bdd917d1827d15c35,858832a0706ba72f7d9af44053dda27ed65dd9a7a57d236bba1047023bb82fa9,3,3,YES,YES,247ca84cdd33586aba416b68db7087222cd13038285007deb5682708e889f02d,D10A_PUBLISHED_LAYOUT_ORDER_PLUS_FROZEN_CODE_AND_SEEDS,PASS
SYN016,STRONG,3824942343,906215889,103,ba5d702a5d0f95b915227134c938845d0a18b90f5ae0336bc1013938a8be439c,5071003dd710369e3d7efd6a853ab3e9561003ffed3ddeb992cc401ced1d2c74,cbcc653c214a9235154e59842694991ff0da07d78b0ede49910f2ca232ed991d,132c3801684ba466a2832194c16a17440f1b2aa8a06772c0493c927ec9e59a36,7bbc25fede3a06eda2f3a1718c3f15c9be0aba8532d2c3c62bce17d006929af9,3,3,YES,YES,247ca84cdd33586aba416b68db7087222cd13038285007deb5682708e889f02d,D10A_PUBLISHED_LAYOUT_ORDER_PLUS_FROZEN_CODE_AND_SEEDS,PASS
SYN016,PAIRED_NULL,3824942343,906215889,103,ba5d702a5d0f95b915227134c938845d0a18b90f5ae0336bc1013938a8be439c,383329d9f4c656e657cb69d45b01d7faf0489f2068a7c8ab6bff092da46a6e9c,cbcc653c214a9235154e59842694991ff0da07d78b0ede49910f2ca232ed991d,f589b4e95540395b58e1640bfcba8dc68088484bec739a32a3a501199aff9604,95a6b4455dd8105d12d1075f20b64b0e06f7418ac3250c3c19b4b7c8f438c4d2,3,3,YES,YES,247ca84cdd33586aba416b68db7087222cd13038285007deb5682708e889f02d,D10A_PUBLISHED_LAYOUT_ORDER_PLUS_FROZEN_CODE_AND_SEEDS,PASS
SYN017,STRONG,858924639,82792281,168,e66532d4cb9266466cf70c6b03e43c3d06e157dcf45e322662b5bb9d9cd50331,31aea9a2cc875ad1ba2528c3850b7a26075f589beb3a0b505861d34ed64f3057,25e188701826cc989aeb0eb2634cd6599228fb05a4eba9c3dce552d6366815fc,949e37e1a5f9b9db73fa2296f21dc0d4bc0b9a515611f71c67270bec1e575283,c6c8a0324faf54fc985e67ce504f05d651d6a2fa2f0ddd06af260dd2038f7505,3,3,YES,YES,247ca84cdd33586aba416b68db7087222cd13038285007deb5682708e889f02d,D10A_PUBLISHED_LAYOUT_ORDER_PLUS_FROZEN_CODE_AND_SEEDS,PASS
SYN017,PAIRED_NULL,858924639,82792281,168,e66532d4cb9266466cf70c6b03e43c3d06e157dcf45e322662b5bb9d9cd50331,52a0d1cf28ac370fac91bc03c42685d871340085da0c2b607b0a9026cf6d89bb,25e188701826cc989aeb0eb2634cd6599228fb05a4eba9c3dce552d6366815fc,2264081a1e9c701f7a79b7e88c24b3b717d0d14edd0151dcddd25621388202a5,68166c2de736ffce8165caf8e86aab2063eb34a6e7b9e93ba47b07d59d367d28,3,3,YES,YES,247ca84cdd33586aba416b68db7087222cd13038285007deb5682708e889f02d,D10A_PUBLISHED_LAYOUT_ORDER_PLUS_FROZEN_CODE_AND_SEEDS,PASS
SYN018,STRONG,1136079,696785494,66,fdd735ad8b67ae47fe5cff3bf5b82e99d8821e9770496e929f799224c48a56bd,cd84d88717e8999e07da3c76d7d6c8ea5d2f5c5289e07945174a81c4cde7ebca,3062c71a146ce664b48eff8132ce9ceabc3da38bfb0b0a111750f5c8fce87d7d,fad2512b6f8689272b3cb229adca30ae4f4d7a1864035c65215bc26aeab4f6b7,199c225299b15fb88e630a795fc3131c463172a00d54dcbf7811eed74f4191c3,3,3,YES,YES,247ca84cdd33586aba416b68db7087222cd13038285007deb5682708e889f02d,D10A_PUBLISHED_LAYOUT_ORDER_PLUS_FROZEN_CODE_AND_SEEDS,PASS
SYN018,PAIRED_NULL,1136079,696785494,66,fdd735ad8b67ae47fe5cff3bf5b82e99d8821e9770496e929f799224c48a56bd,7d3b2af4f1c6938487ecedd08802dd8de5d40059f51cfbf90ff9c83db563249e,3062c71a146ce664b48eff8132ce9ceabc3da38bfb0b0a111750f5c8fce87d7d,405828467c54ee866fa35a418e11e22688f21cb87ed5f931d696169eba00298a,a5ddedf42d33643c157c1230d71270e25d1f363f1876aff318354c37cf06fd36,3,3,YES,YES,247ca84cdd33586aba416b68db7087222cd13038285007deb5682708e889f02d,D10A_PUBLISHED_LAYOUT_ORDER_PLUS_FROZEN_CODE_AND_SEEDS,PASS
SYN019,STRONG,695366608,2850632630,76,b6720496d7206b3587d9d8a6fb0be97920468bf68c11236aff0f2a388a280ffd,c00f8a05b1be8f11ad61b6c713930feeb5cb93844f9c6f4be27b42bd63471910,4c1368a01213701e0c902f023af0f0de83845b8666d22042348958b57a34a08b,d855de4f9c7e52945b54dde63117f888619e66dd40bab4f0263572d68b5ae535,39ab0e786df50474c62be561cbf618e353ca2ce170424f5c9b8be51c372c6ea0,3,3,YES,YES,247ca84cdd33586aba416b68db7087222cd13038285007deb5682708e889f02d,D10A_PUBLISHED_LAYOUT_ORDER_PLUS_FROZEN_CODE_AND_SEEDS,PASS
SYN019,PAIRED_NULL,695366608,2850632630,76,b6720496d7206b3587d9d8a6fb0be97920468bf68c11236aff0f2a388a280ffd,ba8dda9684e88a3a64ad3eff74173c80e5e7a1e8a3db8d1175dff1bf23814cec,4c1368a01213701e0c902f023af0f0de83845b8666d22042348958b57a34a08b,331e1e49664cf53f2a7f62ddfa018ca67d69f7fbef8594e5cd71aab26dffe308,2273438187852a3755df9c492ce763795ad201b9035a7d8ab8caf7ee8d248660,3,3,YES,YES,247ca84cdd33586aba416b68db7087222cd13038285007deb5682708e889f02d,D10A_PUBLISHED_LAYOUT_ORDER_PLUS_FROZEN_CODE_AND_SEEDS,PASS
SYN020,STRONG,147730591,4016356660,105,1369d7140e4c4b6c9a6b23228689ef2135218c4e90d5871187987f672818ad9d,6643e2d9b8e5758d44340c485aa12393b57663c803722e260453b3efd05ee92c,9aa24e494cff4d5db568d43d12f93babee2845e57d1c06068eadd03c4f21b441,39d41518bcd4a2bb4fe0c25892b31fb9613a9c348f6f85e6779b76896d63ab05,0565eaafef62a32eb16b17926ddda3f401def8dad90c1eafa7d4bf0621426809,3,3,YES,YES,247ca84cdd33586aba416b68db7087222cd13038285007deb5682708e889f02d,D10A_PUBLISHED_LAYOUT_ORDER_PLUS_FROZEN_CODE_AND_SEEDS,PASS
SYN020,PAIRED_NULL,147730591,4016356660,105,1369d7140e4c4b6c9a6b23228689ef2135218c4e90d5871187987f672818ad9d,96799b5c3f4845542a18d695c578a020fe18b9922398df4684e9f25cd25f030e,07531db6dabd44da42c027ee665ad847e96de2a1fd1740adeee08ab49985113d,54f37e62b30a409c7f78b992b3c6c7016d5deb6aaaa4b05a568cc891e5de79e4,e4415fb3e6b76622cb669169878d329104c948f13c80ea4469c2f311ea539637,3,3,YES,YES,247ca84cdd33586aba416b68db7087222cd13038285007deb5682708e889f02d,D10A_PUBLISHED_LAYOUT_ORDER_PLUS_FROZEN_CODE_AND_SEEDS,PASS
SYN021,STRONG,341760794,3200896814,161,ad0293572d61560d2c01070f59aa81e51658af59bdb46e48f0eadd86eb90d9f2,64723aefb706c9448e45f500e3546792bb79b242f082609a8b2bc4770247c620,d050b638a7965c8a65397c13b1ed2d836d6d95ef585a797f9a0149bd1d100e02,74b04ea0ae5076dfc221d5b1d7978d250cef1de9bd17fd5f394d379b115f4bb4,dbe1c647c76ed9a529551e381f982800ee52c96ee56783328c6916d10df1d41e,3,3,YES,YES,247ca84cdd33586aba416b68db7087222cd13038285007deb5682708e889f02d,D10A_PUBLISHED_LAYOUT_ORDER_PLUS_FROZEN_CODE_AND_SEEDS,PASS
SYN021,PAIRED_NULL,341760794,3200896814,161,ad0293572d61560d2c01070f59aa81e51658af59bdb46e48f0eadd86eb90d9f2,d8d514b9ebab9aaa612ea0f2c7d67d1e42a9852b7d8f7685ca85682a8ecf04a8,66d4d843c43ad1978ed907e3bca2334057be0c63ebf8ef7a68c3672544697fd2,7afdac803b3604c28a54792442a06721aa06c4ea1902de47a1329869d034f772,cf8f5f074a1d3f625d8f399dcd555d53682efd9bbf0df1e2243bc3f4da9c71c4,3,3,YES,YES,247ca84cdd33586aba416b68db7087222cd13038285007deb5682708e889f02d,D10A_PUBLISHED_LAYOUT_ORDER_PLUS_FROZEN_CODE_AND_SEEDS,PASS
SYN022,STRONG,1144285489,1942023043,168,f073323fdee86c8e4e516bdc8cdf9e41ec54757d83c0f1239b045dd48f7fa3af,7f531f8d0a33653b4b2b8ce0e6dd5496f314ac70e3606a7936c8167208d51111,c0b47c9a66082aaf3a61d2ac12cadc0a9dc7c539920523c7a9d70648c1d32a82,f8d6049c5669f8dbf015d85246c9464a24b2430ce8dfd5082435b7d633110b37,cf0c5a18fb11ed9676d7a00d4dc78d4b8bacd800feb5654e010abee92a51e579,3,3,YES,YES,247ca84cdd33586aba416b68db7087222cd13038285007deb5682708e889f02d,D10A_PUBLISHED_LAYOUT_ORDER_PLUS_FROZEN_CODE_AND_SEEDS,PASS
SYN022,PAIRED_NULL,1144285489,1942023043,168,f073323fdee86c8e4e516bdc8cdf9e41ec54757d83c0f1239b045dd48f7fa3af,1db749033cafedf0de6454be30d11763dfd8df57737bf54c71a427c5d5a8bc45,c75aa35d9c76de3a0b26df28726eae735fa7ddb12333b139426fc9d04358f86a,950ca0bb61b4a0ec34da859c2fddcbcbc8318519597d4e877cb5a88b333263d6,37c5f6a5c3508e1f3d9eee31646943e82d9bf7f0fa5945b371c797bc037d0935,3,3,YES,YES,247ca84cdd33586aba416b68db7087222cd13038285007deb5682708e889f02d,D10A_PUBLISHED_LAYOUT_ORDER_PLUS_FROZEN_CODE_AND_SEEDS,PASS
SYN023,STRONG,753815702,3207569362,170,53ff077680bccd8e9127b3dd8b65e7a663d347b3d7c95caa06d3e561924d2e69,cfecf51f14e4ab43b0d538f9f573f5879f43af18518267215114bc700b7efe65,40f29e7c95a819fbfa0a63e86a88933bd958c38c281d289a95a2b84aaf2ae392,e845e42df7ff0c1113950d8d379f9e686b1bf6ef0fc3192ab94cd8a68739f748,b0dbafd1f84637977d7a5cc88f6b39de7a36e7181a8a60edf461fd364121418b,3,3,YES,YES,247ca84cdd33586aba416b68db7087222cd13038285007deb5682708e889f02d,D10A_PUBLISHED_LAYOUT_ORDER_PLUS_FROZEN_CODE_AND_SEEDS,PASS
SYN023,PAIRED_NULL,753815702,3207569362,170,53ff077680bccd8e9127b3dd8b65e7a663d347b3d7c95caa06d3e561924d2e69,f402ef59d301be65ecc9858ca55590551c1480e3e0696e46f1282adc937b6474,40f29e7c95a819fbfa0a63e86a88933bd958c38c281d289a95a2b84aaf2ae392,b40d31edd200ae683dc6c203c34fce703ee473257892031fad531a0806cd9ba8,738641e07fa921a9ee4546fda2b65fe243982c10f81f369e6e2c8dc3da20ec19,3,3,YES,YES,247ca84cdd33586aba416b68db7087222cd13038285007deb5682708e889f02d,D10A_PUBLISHED_LAYOUT_ORDER_PLUS_FROZEN_CODE_AND_SEEDS,PASS
SYN024,STRONG,721748862,111110142,75,a0a9a5e2aae1b7c329cb73a07e60a3617c391e05714a35184a18cccee52e9d4b,b522424c2345074927df4b613241ede08bc6a8e326b5aa83fc0e5d4fe682aa93,fedce784591d42787b437ab1cedbd40ec79fe13a8ed712ab6c82e35b67012540,90792d5a558bf81a865bf3cb70bd21dd69eb2506edff3b17a20f45f3fd3e6d62,66b783c679b54014621925bf84212a76232bd4130bead5b2dc0abeb68075179a,3,3,YES,YES,247ca84cdd33586aba416b68db7087222cd13038285007deb5682708e889f02d,D10A_PUBLISHED_LAYOUT_ORDER_PLUS_FROZEN_CODE_AND_SEEDS,PASS
SYN024,PAIRED_NULL,721748862,111110142,75,a0a9a5e2aae1b7c329cb73a07e60a3617c391e05714a35184a18cccee52e9d4b,f85dac2434992e733a70bfed011d777d881f71639d457059b191ee6e5ba1f96c,e12d82dcc3bd3fbe24d593fed38d05d8d2521fcdbe8ef0fe763ad939b44ae199,16e4ead4034139d8edf41daef8b31b5bb6d9a6785a8a31dd0304b6f1683b1704,ba8bb7f72e1c7d7af0c4b5dc77fa9f41537f3cfaf13875cc4b6f64ea04a76082,3,3,YES,YES,247ca84cdd33586aba416b68db7087222cd13038285007deb5682708e889f02d,D10A_PUBLISHED_LAYOUT_ORDER_PLUS_FROZEN_CODE_AND_SEEDS,PASS
SYN025,STRONG,1864860273,3397928431,133,4a9686373382f90dbf5883aac600b85d77e81f76062e886464a1bd5f7a05e4f9,3e114c95bf0917078e6df747a9bbc0627c78f99c027cb0d10b9c4401ff5d86c6,5dd63833a15f0eeb37256530e6d17b19d9b33edbba0f4a04712be0806b88207b,184732b65aa4883f80bc615f808829804e2d0bfb232c1b93a0d191568d7cf11d,692e7b3a58e0662588e4efdb2e1a6d5299bfaf14c4c4b3e4ee2a658385391c1f,3,3,YES,YES,247ca84cdd33586aba416b68db7087222cd13038285007deb5682708e889f02d,D10A_PUBLISHED_LAYOUT_ORDER_PLUS_FROZEN_CODE_AND_SEEDS,PASS
SYN025,PAIRED_NULL,1864860273,3397928431,133,4a9686373382f90dbf5883aac600b85d77e81f76062e886464a1bd5f7a05e4f9,ac45858c84fa2fda522408e1fe39d2fbb95f873d2304c5d53e80335c385ab51a,893f7a7ebdf027ad5e6fcb1d7968bc95afcbd86716cff83db6d1e0d240e2da84,a8e377590693f3ecc49c706f16afdb73ea69b0d498739ad6b6898a4e043d9738,1ddd939f7a50f1097b38ac58890c6fd21614dbda107c4ec520febe26bd9d7647,3,3,YES,YES,247ca84cdd33586aba416b68db7087222cd13038285007deb5682708e889f02d,D10A_PUBLISHED_LAYOUT_ORDER_PLUS_FROZEN_CODE_AND_SEEDS,PASS
SYN026,STRONG,2962220565,2191023366,133,770b9d91445f46c46c3752dcef05b2fda753cecae8229d0dc48de9485b9a9418,09574576c588a7b4ba0311e922547a50fb02098b20f7bc56ada388e773cff956,4249af5ab1e1eae70abc1dcd2e816e7cbaaac6a9a9621ac0b93df16bac92fa82,461a58ccff7ea32347b4bfb605ad5776d5e23b60b5bba82995d78e22be91f08c,02e07bc1f801d68731592af45ac664c0c843784cffe3b1cee3665fb098f159d8,3,3,YES,YES,247ca84cdd33586aba416b68db7087222cd13038285007deb5682708e889f02d,D10A_PUBLISHED_LAYOUT_ORDER_PLUS_FROZEN_CODE_AND_SEEDS,PASS
SYN026,PAIRED_NULL,2962220565,2191023366,133,770b9d91445f46c46c3752dcef05b2fda753cecae8229d0dc48de9485b9a9418,2dcf3c9b0235a738de50d70a6b5182fc769b6e1f665a9013b47a87ffb7f1cb31,4249af5ab1e1eae70abc1dcd2e816e7cbaaac6a9a9621ac0b93df16bac92fa82,bac8e5583462218281a1f765931233810ac23092d81399b8151d9a1dd98eafed,f5773e338ce6c8112a4741c3e374993b27fa63b626560a6e3a51da4ec162f0a8,3,3,YES,YES,247ca84cdd33586aba416b68db7087222cd13038285007deb5682708e889f02d,D10A_PUBLISHED_LAYOUT_ORDER_PLUS_FROZEN_CODE_AND_SEEDS,PASS
SYN027,STRONG,2926481475,3608662,147,233029de825af4ef46f66c249528ab358f2a0ef9d4230e697aeb0addcf900a77,24e4b8a68cc3ad6bd26a8e4ab48411929a5046528baf2690a82dbba0da7de555,4eba34535a543b9610d1db70895d184c02164971f7c9a288a56774813a8bad70,8cda91e1e09a233463da184440ce23b1ac8664643787e6eb69548b256073b2d3,7a6da17247f20f3fead10449c2e0e6ed2024650139dcf0999ebfdea8802ec458,3,3,YES,YES,247ca84cdd33586aba416b68db7087222cd13038285007deb5682708e889f02d,D10A_PUBLISHED_LAYOUT_ORDER_PLUS_FROZEN_CODE_AND_SEEDS,PASS
SYN027,PAIRED_NULL,2926481475,3608662,147,233029de825af4ef46f66c249528ab358f2a0ef9d4230e697aeb0addcf900a77,ca6585b0e489c707fc87eeb03e39e13bddc3fb305bb26401928eb4960f3d27a0,54c2ef11c82a3b87c6912a7e10517a1d596126c91082c39cd589be81571ce037,c256cc2ee1db55810564374c6b736564ad70324dccbfb58ec3777d85ca3a4836,c4dbee5002795eb33199acdb6ad70c79224a8e6be8e15c082a9f61dee4b886ea,3,3,YES,YES,247ca84cdd33586aba416b68db7087222cd13038285007deb5682708e889f02d,D10A_PUBLISHED_LAYOUT_ORDER_PLUS_FROZEN_CODE_AND_SEEDS,PASS
SYN028,STRONG,3162347907,1494820958,175,95e6223cc855f28124f0da57f8159b4eeb223302089f219448c487f894b0d7e2,c9889c41e0ec8b1e5356a61668acc413e3dbe6559cd678ca5bd473e4d6c0c6c0,3cf5c8c888d756f8e737a46f457bf9f42f101fcf6169101a73c6b9745fae53ef,75a0eff543f6168dec264fd56ad6cb9b47353560138407a21f47812089310845,225bd217477e80dce16f58268f7a9be6561b288107f6d538c5f956e39547c6f8,3,3,YES,YES,247ca84cdd33586aba416b68db7087222cd13038285007deb5682708e889f02d,D10A_PUBLISHED_LAYOUT_ORDER_PLUS_FROZEN_CODE_AND_SEEDS,PASS
SYN028,PAIRED_NULL,3162347907,1494820958,175,95e6223cc855f28124f0da57f8159b4eeb223302089f219448c487f894b0d7e2,d754bc581b3a01eb9d8fadce263ffde630a89aeb229956df300d2b8b2000bf4b,3cf5c8c888d756f8e737a46f457bf9f42f101fcf6169101a73c6b9745fae53ef,9c0a9f309757cbd5947c0d6b7e4b0278bb55601d8bf39894327c635c38c3b73c,09035cfc0799bb06bae626c878abc079f66c56b2a7d2a9df1d5ae356284b4632,3,3,YES,YES,247ca84cdd33586aba416b68db7087222cd13038285007deb5682708e889f02d,D10A_PUBLISHED_LAYOUT_ORDER_PLUS_FROZEN_CODE_AND_SEEDS,PASS
SYN029,STRONG,2825333230,4209931757,136,3143ab4da8e31f08092f4ae82404227186d1e96e2a1067480ce23b00fea38713,e1043bd83dbaa1b593bb331216a7eebbfa0ae312969c0c3040d523608a9fe89f,897c2cf88efd8c132608dbf6163816dd7819ee0b92a9fb0e196ac683a79ad8d2,2c5116c1fadaa0487dcfbbe05d0576874089f5dcb1fd6ccb3a55cfa2ef5930ac,f6445f01a48ab51897b1b4bc0ac5cbce089849c27ebf00f2aeead95f6136a32c,3,3,YES,YES,247ca84cdd33586aba416b68db7087222cd13038285007deb5682708e889f02d,D10A_PUBLISHED_LAYOUT_ORDER_PLUS_FROZEN_CODE_AND_SEEDS,PASS
SYN029,PAIRED_NULL,2825333230,4209931757,136,3143ab4da8e31f08092f4ae82404227186d1e96e2a1067480ce23b00fea38713,38c52581b298beca6ffc387a71a0405bcdb1735590a054b7ff17bd6572b33b3c,06d6b4a0cceea2d0b3421bea03e391caa77a83de4f2a676709be75e842c18288,265d493617c5afcf068bbfffc9fbcd9052dbb65cd901fe26efc2ba86372ecab5,63f374feabcbb1b4612b7ae30fa37db9b371db8235eeac27680744b9089f806d,3,3,YES,YES,247ca84cdd33586aba416b68db7087222cd13038285007deb5682708e889f02d,D10A_PUBLISHED_LAYOUT_ORDER_PLUS_FROZEN_CODE_AND_SEEDS,PASS
SYN030,STRONG,1498368755,3935519246,88,ca618348b1112d5b23b9df268626c8a8d336bdd276c109185784d45ab727c03b,42d94a6211e0351f015d4b52ce9348e4ccbc931afeec748ff959370ed15b5c6f,d1681a6be3ebde1eaa7c639555c8d5cb0f1f65eb77cfc4bb9149909ea356deb7,f4661844830d796df7bffe3f8649017f9e10f0a6dd210bd0a90817a4f7e21906,58e9fd605acff248de1d62677e00b9e378bed2f6aa573f62601a3a8bae0b97af,3,3,YES,YES,247ca84cdd33586aba416b68db7087222cd13038285007deb5682708e889f02d,D10A_PUBLISHED_LAYOUT_ORDER_PLUS_FROZEN_CODE_AND_SEEDS,PASS
SYN030,PAIRED_NULL,1498368755,3935519246,88,ca618348b1112d5b23b9df268626c8a8d336bdd276c109185784d45ab727c03b,6b0516d705113e9e9d4a2a78b7dc4a06c31045eaa3796d920791b7575311a337,d1681a6be3ebde1eaa7c639555c8d5cb0f1f65eb77cfc4bb9149909ea356deb7,0db7461435fecb8da5743487d3d9412769f132441c6aa786f3c6a5268b31f614,c6613760e0cff8987a39690c0f14020a338bc4e391aa5e9131f73e98068f1278,3,3,YES,YES,247ca84cdd33586aba416b68db7087222cd13038285007deb5682708e889f02d,D10A_PUBLISHED_LAYOUT_ORDER_PLUS_FROZEN_CODE_AND_SEEDS,PASS
SYN031,STRONG,1209077251,3132043841,87,ee405e797c979dd9f7ec8307cf4fedb0ac17cc1406cd7c491a57a19fb3cbb75b,fe97f6c07905882b0a863c0990fa94ce18e5586d65b709e89954ba60a5fef3ce,5fe7a39c31a3f7d65361121e8ac9b6b3ad428849ca9f13d515045bcee98e9b1f,8098e96ae5253c62f978736e55dd460fc49c4875c8d7a939e12f832922079ba1,45b75096d01c4dcf92a3cbfbd121cad4a6588dc2803ad1a919405694f8fda75d,3,3,YES,YES,247ca84cdd33586aba416b68db7087222cd13038285007deb5682708e889f02d,D10A_PUBLISHED_LAYOUT_ORDER_PLUS_FROZEN_CODE_AND_SEEDS,PASS
SYN031,PAIRED_NULL,1209077251,3132043841,87,ee405e797c979dd9f7ec8307cf4fedb0ac17cc1406cd7c491a57a19fb3cbb75b,e314a154d346291e787a1e78f7e84afcdb2f9e63b09e31ae575906b260bc037c,1594d42c692a4e1917c3e693bb6dddfdc3389b57c15cc5edd4830d805362d616,d2eb1beee9b092cef28e0fdac57e1aad151b72aed1d78b867a1c1d226cd8e946,fe205bd698ec36e89753220a590f64537628c2529bf335444c86998b25534f3a,3,3,YES,YES,247ca84cdd33586aba416b68db7087222cd13038285007deb5682708e889f02d,D10A_PUBLISHED_LAYOUT_ORDER_PLUS_FROZEN_CODE_AND_SEEDS,PASS
SYN032,STRONG,49759031,700033754,169,6df988dd467354c9fc3ae9ac916dc58f3678d5f687d8075c2074dd62d7e0000b,806c4f0fa370edb93450a2a5101e4906df9107fb61a861b462cce9cd93986c35,91a2b27010b487957da2162c0dc4a50a1748913055cffbd74d1a52f0abcf3714,4b2ddf5d5e06c67cfd6b1a80423e704ca13f706b61dd4b476e88953761a7dd37,e97c0ef6d484ba66a88b2cf9361a8e83cd1aa664d34781f164c865ac169b2472,3,3,YES,YES,247ca84cdd33586aba416b68db7087222cd13038285007deb5682708e889f02d,D10A_PUBLISHED_LAYOUT_ORDER_PLUS_FROZEN_CODE_AND_SEEDS,PASS
SYN032,PAIRED_NULL,49759031,700033754,169,6df988dd467354c9fc3ae9ac916dc58f3678d5f687d8075c2074dd62d7e0000b,74986e3ec709a5d7d1699c02901ae81f521c88891066378ce569331726ca1a01,91a2b27010b487957da2162c0dc4a50a1748913055cffbd74d1a52f0abcf3714,bc1e69f17586f57ea0f751d736319096260f28fa11f5f9adb6f2e6d9335b5b0f,d01afb59ab72899bb46e778d7ce2456860313fd850756c664cc99f79997db7d2,3,3,YES,YES,247ca84cdd33586aba416b68db7087222cd13038285007deb5682708e889f02d,D10A_PUBLISHED_LAYOUT_ORDER_PLUS_FROZEN_CODE_AND_SEEDS,PASS
SYN033,STRONG,3421044393,2898540953,148,97ad99a00d786609a560010bff22e7ff66b10492b4d4a5cf9ea7a79f04e13c82,e460b4789878fe81a6ad9e389e11b128916ec75bc11022110d5e03e59735aeb4,a7624b4e69fc7c8f96c117a78a4e263b7a0ff273b4a7d40cae4c158afb1f4598,6dd450088340ecf0199e005a2165970be00a6e90191786bf79f31b65580277e6,60432ad66e3f8af85e809dac04358dc102e33a6dc2ddc09fff72e90192c02200,3,3,YES,YES,247ca84cdd33586aba416b68db7087222cd13038285007deb5682708e889f02d,D10A_PUBLISHED_LAYOUT_ORDER_PLUS_FROZEN_CODE_AND_SEEDS,PASS
SYN033,PAIRED_NULL,3421044393,2898540953,148,97ad99a00d786609a560010bff22e7ff66b10492b4d4a5cf9ea7a79f04e13c82,d5338909fb8811b2d3952575b05bfc17e0d6b06f98090842d8d6beba6e28a1af,d6bb5268e0b63ec0d0737d2afd3a6d038c34da420f888116ff9443cc03606f0e,63d218706b9fa76781df474e19c0b18ba76acbb55c33918b460981f364f07d9c,d8c8c20ac4185179d7a9891872bbc077a3acb5dc4a3697fb22345657ccb537df,3,3,YES,YES,247ca84cdd33586aba416b68db7087222cd13038285007deb5682708e889f02d,D10A_PUBLISHED_LAYOUT_ORDER_PLUS_FROZEN_CODE_AND_SEEDS,PASS
SYN034,STRONG,296734496,2351021460,118,d0aee3df7f69be2eb619861d4ab928e9b84ad20a3d1a22c995164b0af0fa700e,5a3427b8b0343f98bac229270d161087f09e5b364b7f7fda89077af44b5fc9d9,9610dac6ba62706926481cf9bc3fe744e3acfb4ac749caa72e9a5b9d06a00474,799f2d5a4f736ebec3ad76cd6302cedbd274e8d270a1f04f29eea87806283d4f,89725a7cb99ca960b76c5ec95853f95d46c831e384a089ba49dfd52dd725959b,3,3,YES,YES,247ca84cdd33586aba416b68db7087222cd13038285007deb5682708e889f02d,D10A_PUBLISHED_LAYOUT_ORDER_PLUS_FROZEN_CODE_AND_SEEDS,PASS
SYN034,PAIRED_NULL,296734496,2351021460,118,d0aee3df7f69be2eb619861d4ab928e9b84ad20a3d1a22c995164b0af0fa700e,a42aae168124833dec45b621ee4ad69cbb4b278e7ad432302041271a7d205810,db8274c90db821eb90a01b368cf5f7e14fa80f7de869036d6134bba86a52ddab,06449c284badbae3ec745937101a580a4b9af50b7884ce79c822f2844f1189cb,0fc3a91355bbbf9915d970d4b4caaf85f120bbf9e3d97b40207f71fb5b93736c,3,3,YES,YES,247ca84cdd33586aba416b68db7087222cd13038285007deb5682708e889f02d,D10A_PUBLISHED_LAYOUT_ORDER_PLUS_FROZEN_CODE_AND_SEEDS,PASS
SYN035,STRONG,1449811287,3752119436,136,348085afdefd8244e27c1d9ab5ce762bd9f1067feb7f0d07c1aa273cc9eaab01,9b1effdf74e301c16d9b0962743a3a7b5ba252dc9b0267cd1d9de4dbf6d3ece0,069bbc96aef890ca3c7af305cc23bf314bc5906914731b45897353ec539dcfa8,ee77fcf9a6ca8c86986ada6c16557530f588213861d59aca912fcea4f86e3edf,282c281444147a8b14d53de74167fc8567fecc6fe22b3adbbede5f279410a728,3,3,YES,YES,247ca84cdd33586aba416b68db7087222cd13038285007deb5682708e889f02d,D10A_PUBLISHED_LAYOUT_ORDER_PLUS_FROZEN_CODE_AND_SEEDS,PASS
SYN035,PAIRED_NULL,1449811287,3752119436,136,348085afdefd8244e27c1d9ab5ce762bd9f1067feb7f0d07c1aa273cc9eaab01,dfeaa37a8ea568bbb8b728b41a1fe05f20bae832dde7a7e93d831f4c153f589e,069bbc96aef890ca3c7af305cc23bf314bc5906914731b45897353ec539dcfa8,1f98adc9d46d78f86aa1b609ef4b133711802125e77a7ec66658f76616b0f971,da2514ba851ee44e585864805ef0ec7cf78216eecdf9964a9765090cb59d40ec,3,3,YES,YES,247ca84cdd33586aba416b68db7087222cd13038285007deb5682708e889f02d,D10A_PUBLISHED_LAYOUT_ORDER_PLUS_FROZEN_CODE_AND_SEEDS,PASS
SYN036,STRONG,3428239465,3008055081,129,fb0cdfbc620d95507911d6bf749ce3611dba2f7a467c811b3779643b3ad58dc8,0f0c7929f0674f190b409ceabb3ff28b7209bdf5de2888788efb6000241b5ee1,e7a0a585f8d020c696cd8021465f03ac70fe189102c0bb8802e95a0a14e29451,07b376fb86b987e57c27e649156ba14aa12f4bac2c4bbe1dbf73be6ded034f92,802ebed86e2006b94acb339ed7e309032dbeb4c139ba48900ec41f1e8f939d68,3,3,YES,YES,247ca84cdd33586aba416b68db7087222cd13038285007deb5682708e889f02d,D10A_PUBLISHED_LAYOUT_ORDER_PLUS_FROZEN_CODE_AND_SEEDS,PASS
SYN036,PAIRED_NULL,3428239465,3008055081,129,fb0cdfbc620d95507911d6bf749ce3611dba2f7a467c811b3779643b3ad58dc8,968770eedcaee86b50f26c8457a62283d8798fade3d965c1252781398e1d1941,e7a0a585f8d020c696cd8021465f03ac70fe189102c0bb8802e95a0a14e29451,06be6a7ff4744f0a6e07e3d3f4484af9af44b9adf1a9e6d9a8f2cc794058aa87,f07c0ee0589257b7469653e6834d84046153605242e632ddc9465a8ad148102e,3,3,YES,YES,247ca84cdd33586aba416b68db7087222cd13038285007deb5682708e889f02d,D10A_PUBLISHED_LAYOUT_ORDER_PLUS_FROZEN_CODE_AND_SEEDS,PASS
SYN037,STRONG,1948399054,3834302305,63,c8a91faa59cc9b6b778a6e1c904a30da25feae5f175bbcdca4527b090c46180d,fa4ba8b7d54ebcbc061e142cc2b4ba7adb593b729e7714954c6ff4a513fb899b,19193d94c318f30600cb9bb3280c817976091c937fdefa403e70034f5b8414ad,76f8601dc875ba2e6ea9d5b25786f0d9bd00e189aa216f35733dce15ac3d4306,3825c4b910e4a36c23585928ad695fd551b24f8baae933d0ff50071f82622dce,3,3,YES,YES,247ca84cdd33586aba416b68db7087222cd13038285007deb5682708e889f02d,D10A_PUBLISHED_LAYOUT_ORDER_PLUS_FROZEN_CODE_AND_SEEDS,PASS
SYN037,PAIRED_NULL,1948399054,3834302305,63,c8a91faa59cc9b6b778a6e1c904a30da25feae5f175bbcdca4527b090c46180d,1cfb2ae9f21bbced02363580fccdd1c619fcd60823356c58d26566411b7e6919,0248bbbc8e5d20394eb3fbfd85a639b296b450ce6fb0739343758ef085de5d08,e65b29e0d7b356ae2aaf2f33dc4c6432c6a4852ab8586a7eb5ff1e06c913b155,f2428fd7fe1199a095874189e624582239b8162b718fe3d07369ded967184485,3,3,YES,YES,247ca84cdd33586aba416b68db7087222cd13038285007deb5682708e889f02d,D10A_PUBLISHED_LAYOUT_ORDER_PLUS_FROZEN_CODE_AND_SEEDS,PASS
SYN038,STRONG,833082116,935523604,93,84e0f4a044e2166a98461f4d338ab2ad9121147e12a95c4b70373b833ff17cc5,dfc38c4743835ffd71fbbf411779ca87a34e630c9f7e19896e259446f4b76b00,3c63e0b4fbe8ecd2ab783245fdab4d0e8ab3c10b1ae0d643ef1d5698fbb13211,772b6ad22f207cb8e402c8945c158517cc6692f7d9633294407750c788512349,778359dd0b934bc508b679ff00eb0adeb82e230f5f6d76d209144c2c86da94f3,3,3,YES,YES,247ca84cdd33586aba416b68db7087222cd13038285007deb5682708e889f02d,D10A_PUBLISHED_LAYOUT_ORDER_PLUS_FROZEN_CODE_AND_SEEDS,PASS
SYN038,PAIRED_NULL,833082116,935523604,93,84e0f4a044e2166a98461f4d338ab2ad9121147e12a95c4b70373b833ff17cc5,ea37f1e1fcce8141738b13ee97b1e527f72ce2fd8b362144950aa4386e35d52a,0161db74b26d7de6f4f203def1576c1d17e731976d4b217d3b3a4017a3093375,7681ce804d844b68a8938fa9478ff40a1b1fdd71d27b33a8c4565fa3a7534380,ec19b27679aa2e9350225c4c3f96c71af8b10734d269ad2e54c088e30118d50c,3,3,YES,YES,247ca84cdd33586aba416b68db7087222cd13038285007deb5682708e889f02d,D10A_PUBLISHED_LAYOUT_ORDER_PLUS_FROZEN_CODE_AND_SEEDS,PASS
SYN039,STRONG,2849724746,668856801,134,4a0f65280fbd139c6161830c9ac07a1f30c4f915c8060592b4ac1a1e00230e35,a37a33fa13ff77f77974c5e1dad7f3af4ddcfbfd11da0564d3880e3987d64e06,e60d9e671b8b484e21eb6a81c85ff7628504dd2a0dba25b3f4c66aec2a19aa68,3ee54986da41b5a121cb7d4ed4440688a9bd7b14b14907c5dfc90fee3c09d62d,e2e564814606a5ffd5a2434c9e9c4e77e1b242b0b670d3bbc126b266fa7eaecd,3,3,YES,YES,247ca84cdd33586aba416b68db7087222cd13038285007deb5682708e889f02d,D10A_PUBLISHED_LAYOUT_ORDER_PLUS_FROZEN_CODE_AND_SEEDS,PASS
SYN039,PAIRED_NULL,2849724746,668856801,134,4a0f65280fbd139c6161830c9ac07a1f30c4f915c8060592b4ac1a1e00230e35,232b881d9545b0debefc586f0d59b3eebc0c9f91dae1b2277c4d852d5d3f22c6,cfb12d00deebe0e41df15c4cd63b62acbfcd87eee4a0ffd6b2ae6836a202ddb7,ac1ce43b125578cf473d388e1d7ae8082a826681663e41492bfb192ce199e0a5,5d16c9ef5dca210b306c9f5731962fc184b16cd019a90a9f07eff2534b9fef0a,3,3,YES,YES,247ca84cdd33586aba416b68db7087222cd13038285007deb5682708e889f02d,D10A_PUBLISHED_LAYOUT_ORDER_PLUS_FROZEN_CODE_AND_SEEDS,PASS
SYN040,STRONG,516908945,3942901228,91,5308f364bca18125548444330cf5e33c2810ba4cb9cae68c29bc02505b4c6065,bb674fe2ad116636b5c73dd570a528de038149621a78a57e44e86ea70d2e95de,510aaa56aaf48e123c40fc42489798bfc59ba6117b08756864e123601d2a9fec,8c8a84928ff1b8dfc21edce36f2d2dc32a05c06be26ef64640fe9f8e2421cb5c,96a578c1c142e193e074150a0453094967e6ace65dae9479caa70de14fb9ce99,3,3,YES,YES,247ca84cdd33586aba416b68db7087222cd13038285007deb5682708e889f02d,D10A_PUBLISHED_LAYOUT_ORDER_PLUS_FROZEN_CODE_AND_SEEDS,PASS
SYN040,PAIRED_NULL,516908945,3942901228,91,5308f364bca18125548444330cf5e33c2810ba4cb9cae68c29bc02505b4c6065,e995e26c4611dced59508e06132c39a885bc835074b2914295f8ede578784f32,d2bd44d99b8b69021cc35b8f3502b5c25e080a5e80613490f09a07411c6c518c,bcadd9871dca3c90ac56c900b73cfeddff5451da4d6acac8e383853b36f237ba,02d19edff225af602f13cb5401df980390aaa0c2e0ef8c5c4636a8379ea55858,3,3,YES,YES,247ca84cdd33586aba416b68db7087222cd13038285007deb5682708e889f02d,D10A_PUBLISHED_LAYOUT_ORDER_PLUS_FROZEN_CODE_AND_SEEDS,PASS
SYN041,STRONG,3669149931,499453673,62,3fb677c70dee3a459e24597ff223db81df777e5d9eafa5ce8d5076a591cc2b1a,10299d192b16cc82534ee94e7ce98995a1474937aaaaf3ad7acef49242bc1378,a811e13e9d1a985102b6712aee3b3b6731289a13a6937e28b7dc72ba98a81ce5,6cd2d4bdd7829658cf5b37d45378d83968c793a8dabd60113a4a091ed1e7c84d,c63d7843c28243a2babd2d37d85d663607c973914a67333b587fcb7f23431c41,3,3,YES,YES,247ca84cdd33586aba416b68db7087222cd13038285007deb5682708e889f02d,D10A_PUBLISHED_LAYOUT_ORDER_PLUS_FROZEN_CODE_AND_SEEDS,PASS
SYN041,PAIRED_NULL,3669149931,499453673,62,3fb677c70dee3a459e24597ff223db81df777e5d9eafa5ce8d5076a591cc2b1a,ce9b68ae51b10cbd5bb840ae991bfb1bc7ec97be915dc36ece24c436013317d2,e4fdd3ee05531c6eba4aaa5c224579a14ffcd466f61f6393e78cc3445b791469,1db98b9438425987d8d054b8b922a2cd704e9427cfd55092e810e4ff56b6c8ca,49633d2af88dd5675d4caafa3b25bcd3e97941d384df913bb7b16765e23c74d3,3,3,YES,YES,247ca84cdd33586aba416b68db7087222cd13038285007deb5682708e889f02d,D10A_PUBLISHED_LAYOUT_ORDER_PLUS_FROZEN_CODE_AND_SEEDS,PASS
SYN042,STRONG,900659545,1056626759,126,672b4a283c6dfb00d487601619109c97eb50f4920efbae4ade08c123e0011191,989fb9e612c9b7b91f85e9a45c2d77b4be7d34840ca76850d57cd9e80da30dae,45ebf168b0e8d28301035e530ed1684b435da209bb1e7dfef3d7efef8beadd75,a11a69bef6d3b06175ac51638a2c1828cfe31abf00ecc7032c3d8433a588d65c,1f69f12617e55898b8bffa88bdc8a775ce3d193981b2c1c722c4d64977d3d577,3,3,YES,YES,247ca84cdd33586aba416b68db7087222cd13038285007deb5682708e889f02d,D10A_PUBLISHED_LAYOUT_ORDER_PLUS_FROZEN_CODE_AND_SEEDS,PASS
SYN042,PAIRED_NULL,900659545,1056626759,126,672b4a283c6dfb00d487601619109c97eb50f4920efbae4ade08c123e0011191,0f47e497b78846a9ed2cb116d6160eb3c65c74a3ab2e37a0694a092e8b2da47b,9a02367d85660827bffafe112bfbfa7152c727803d7a5f7ef91d2d0dc12ed58c,ad9728de6b56bf92f87d1167163fd62c12602361a35ce0370eb0c323b61fb19c,e2f10d75bce0998f5b5e6fd1671d93120325466b706e1f8894d5bf4f6fe051c7,3,3,YES,YES,247ca84cdd33586aba416b68db7087222cd13038285007deb5682708e889f02d,D10A_PUBLISHED_LAYOUT_ORDER_PLUS_FROZEN_CODE_AND_SEEDS,PASS
SYN043,STRONG,2259580159,1734513772,110,432c64b7f619807539d6d7813f5e864578fbaaa97758843d6760d280c72cdb96,5fb98957a470a341f12455edab5b7471d7da05a3a41b18ca3b7e51f80aac46ff,85e472a4444bbf68d8f6c4ea9341497c4909b6d049a21b86eaf0965bf68c4695,c1955094923a49a8364e8026314d0490ff5dd3e5495e30ac8bd6f8938b5c6a44,48ab68f082cb81c625fdc4e4a520fe1ae43ba4251190c881d281ed411cc93ac0,3,3,YES,YES,247ca84cdd33586aba416b68db7087222cd13038285007deb5682708e889f02d,D10A_PUBLISHED_LAYOUT_ORDER_PLUS_FROZEN_CODE_AND_SEEDS,PASS
SYN043,PAIRED_NULL,2259580159,1734513772,110,432c64b7f619807539d6d7813f5e864578fbaaa97758843d6760d280c72cdb96,48328545a7c1e13756941d2b30115aa41fa7b431edfbc00b0d2acb03da2f4b4a,13619c9f42bf4e119541b6bdb0406c986e7c367cb74b378d714e779f9bd4007f,7ae78539708399c1536a4d437cd73a21a4e33a3f9a8c86e7335e28834bb41c15,118f19cbe819fb5c2da17362c5d60dd34d2c0ba2cc435ccfc1f0cb13dc21112f,3,3,YES,YES,247ca84cdd33586aba416b68db7087222cd13038285007deb5682708e889f02d,D10A_PUBLISHED_LAYOUT_ORDER_PLUS_FROZEN_CODE_AND_SEEDS,PASS
SYN044,STRONG,3915819349,3675134640,119,2b74101b1729979a9d0be20fab1875bfc173c4fb48ebe14ed75380e53eac3268,2ac6f2a422fc6f32d6bd71459e4f22ad0d74fcd5b3ce84953c3cd5ae0e983d27,9c58048c9daaa8563ac0480431c78d86165b84509086ad9d89dd69c545cb9978,641d2ef04153b602deba7db7d64f1142915ec6ec0f62a401bdc93a2a973a4651,e638930a3559c443b906a17693fd5ad112d9a3d656f50eaebe438b720dd298ff,3,3,YES,YES,247ca84cdd33586aba416b68db7087222cd13038285007deb5682708e889f02d,D10A_PUBLISHED_LAYOUT_ORDER_PLUS_FROZEN_CODE_AND_SEEDS,PASS
SYN044,PAIRED_NULL,3915819349,3675134640,119,2b74101b1729979a9d0be20fab1875bfc173c4fb48ebe14ed75380e53eac3268,acec4b2b636afbf05e6bf8744c8928ef9549152b72257e4ac087cec9e71c8573,ad6b8645dd1a9d7df6b35936edad026a1d3c48a2329585c6919cf8b7b7ce1b0d,bd9ccc2b90bfbb0eeec19c3b551c5b94e21b20aaad366297b33fb9f0ea07d83a,c15f0e38314cd0cd97f4460526440ce10745df4827535f92b685cdb961223e62,3,3,YES,YES,247ca84cdd33586aba416b68db7087222cd13038285007deb5682708e889f02d,D10A_PUBLISHED_LAYOUT_ORDER_PLUS_FROZEN_CODE_AND_SEEDS,PASS
SYN045,STRONG,2073216861,1261719545,79,eb9a5a5637772bcccd3390a850dfb2ce4708b9c1faa6b0a1a4198950eeebb867,23ec9080f520eb01093e5331f0ae1e460294f37b777f4dd950dde48f3fafcf0d,20a22bd01c350eaca21081d6e62f3e7c4bf1c40ea940673747810612948a904b,16702e741211c27781d44eeb0ac6624c371ce65d66a92e44ccdff0bd0aba2e8b,427c373fcc83446abb2fe5c7e563b694f18faede7e5c84c97e43148853273c0b,3,3,YES,YES,247ca84cdd33586aba416b68db7087222cd13038285007deb5682708e889f02d,D10A_PUBLISHED_LAYOUT_ORDER_PLUS_FROZEN_CODE_AND_SEEDS,PASS
SYN045,PAIRED_NULL,2073216861,1261719545,79,eb9a5a5637772bcccd3390a850dfb2ce4708b9c1faa6b0a1a4198950eeebb867,39cda89a00bf727faf4ae6936bb36a3c68f64dc67d4db2c7921d3fd20eebe62b,631f726b0747c9e5a533a5dc342ac5de907e14c2bbffb0d54483126ff4368f5d,ee55b097a1e0ed4b875be843f58df4e0fcc3e0d636ad5b307ba558d13d622d96,3aa7a93ee60e740250c553162f10cc84cb7b71736d3d05f3905ebd2edba09c3e,3,3,YES,YES,247ca84cdd33586aba416b68db7087222cd13038285007deb5682708e889f02d,D10A_PUBLISHED_LAYOUT_ORDER_PLUS_FROZEN_CODE_AND_SEEDS,PASS
SYN046,STRONG,1363137132,1442196864,101,65a8075b58798fc89a60c020b570e2d006f1e2c54fd12e08395e95821575da34,602535388ff74a8c80f4088bdfd4408b258f3bd631931777c3f5ca6df8e2220c,8bc0f32c4166e0c723c5536df8766b48940ab2e4d7d5f1ff3df2930228e3239e,431fdca5e6be08eabd6b7cd369e23a4254a12bb7c160a8dda5ace76c5de9c07a,d0579637a675582d3ca46b34eba7f52d9b19e1576687ac4c0ffd3300ee54c0da,3,3,YES,YES,247ca84cdd33586aba416b68db7087222cd13038285007deb5682708e889f02d,D10A_PUBLISHED_LAYOUT_ORDER_PLUS_FROZEN_CODE_AND_SEEDS,PASS
SYN046,PAIRED_NULL,1363137132,1442196864,101,65a8075b58798fc89a60c020b570e2d006f1e2c54fd12e08395e95821575da34,588e5e4b62bf7c6aad5e4d7ad40a99c1a115cfad64dae36922a2ba2adb8ff97f,b8141dd3af47f955c53b726d9e9280d1b1f9cb1a23533bac8caa222cc2a1ca01,633aa6311b42bde10a922e60852329d2c572bf9d851bf57e9750a6c0c3584e9d,3ff8e242485d7d98fcb59175d1b8c926ef7a060b07eba963a197a184de3f6b28,3,3,YES,YES,247ca84cdd33586aba416b68db7087222cd13038285007deb5682708e889f02d,D10A_PUBLISHED_LAYOUT_ORDER_PLUS_FROZEN_CODE_AND_SEEDS,PASS
SYN047,STRONG,4280186675,1982697048,156,0bf0cc90bdd9f668563a1bd9da02da4f34ce104400258ec34dcefa00f6222e18,f8b47f9517bc95c533c6becdb5fd55e857446ff802c77a69c08b55dad3ade961,576ff54104b631cd8e801302ee5ed8dd8c20c3952e7f443bac1696b874421207,90da97cd229b3b6b5d48e2a965ef8cf620929e5fffbe44f49e5ffaded767f9ab,7a1796e24571bbaa19b589b56406121deb9efafb3b4ab759ddc72cdc1e6264ca,3,3,YES,YES,247ca84cdd33586aba416b68db7087222cd13038285007deb5682708e889f02d,D10A_PUBLISHED_LAYOUT_ORDER_PLUS_FROZEN_CODE_AND_SEEDS,PASS
SYN047,PAIRED_NULL,4280186675,1982697048,156,0bf0cc90bdd9f668563a1bd9da02da4f34ce104400258ec34dcefa00f6222e18,a4e1c2638745cc03a911972d28c072cf5600a99e0924a613a6b98d0617101d5a,845d3f0d6375b19c0c267f8d718f724ec4441727e7197475bf82904c9165e26d,93d5cd2b65b76e91e5e337a061f044a03d6a0320132ad046629e5631e1acb79f,b545ff4739a1223358ef2a810e7625d97dff26be60438d4bbcd1bff57f5456c3,3,3,YES,YES,247ca84cdd33586aba416b68db7087222cd13038285007deb5682708e889f02d,D10A_PUBLISHED_LAYOUT_ORDER_PLUS_FROZEN_CODE_AND_SEEDS,PASS
SYN048,STRONG,2416895235,546185982,130,3ced4f2a5b53af8ff591b3e8aa3ff91ebdab82d2ed426705ee87007a8f15330b,dc2df574050768d23ff83c52b10c85540aca780478909d4fea473b9a1dd574fe,f475f0878793b99c70ef47be7cf196bbbb6954a8047690f337d80386d477f3d5,b48fc517e9e4242e815f64b2e6955017897270f444a5abb024a0453aa2893b7f,6ad17ffc6b34d33f24dea156f732753dbfea5c39976f1cf008b2ea22d4a239fc,3,3,YES,YES,247ca84cdd33586aba416b68db7087222cd13038285007deb5682708e889f02d,D10A_PUBLISHED_LAYOUT_ORDER_PLUS_FROZEN_CODE_AND_SEEDS,PASS
SYN048,PAIRED_NULL,2416895235,546185982,130,3ced4f2a5b53af8ff591b3e8aa3ff91ebdab82d2ed426705ee87007a8f15330b,4d45c62007a8dba21a58b9ef46f07169035a1ff6b19d2393c23c6ebaeb53383b,f475f0878793b99c70ef47be7cf196bbbb6954a8047690f337d80386d477f3d5,578e06c7cd3112735abc13e2662f0db67fc23d810f4b57974dc516002d6366ec,0a89014452b99f5a4ccd7e6754102acfbfca9eff483116de218406236a7d55b1,3,3,YES,YES,247ca84cdd33586aba416b68db7087222cd13038285007deb5682708e889f02d,D10A_PUBLISHED_LAYOUT_ORDER_PLUS_FROZEN_CODE_AND_SEEDS,PASS
SYN049,STRONG,472078454,3437256827,100,847c3e1853659708cea370b1fcb552994d3ae9b4ca496aca28b178ea1a246837,64e8c9f9a08793d6369ecfddb783c1808310eb6eeeb47415246bf85b0ce40088,30b5dca57a182993a5fd4ba1cd5432cf1051d874bd73f7b843ae58c2def2fc3b,c349b30731630f2add64f875ed356207d10dc79d790eccd0bb02b794173ffa7e,76c4e33645791652eb85da414068d6fe455def22297252fc85b1233178c627bb,3,3,YES,YES,247ca84cdd33586aba416b68db7087222cd13038285007deb5682708e889f02d,D10A_PUBLISHED_LAYOUT_ORDER_PLUS_FROZEN_CODE_AND_SEEDS,PASS
SYN049,PAIRED_NULL,472078454,3437256827,100,847c3e1853659708cea370b1fcb552994d3ae9b4ca496aca28b178ea1a246837,fdbc2839f3f8dbda4656823348014f40b3acb7de4b275bfca02c5906eb8f5d9d,3ebef41e4483369fd2b21912a2a98690d5ea1b19753cd4a436fe13f0834c3004,158a24ac626986bf6824b7bff37ddc442523bff5c829157494d2083b5d3b1bb3,3b20a85c96d1e0874746806be3cd27b8f174f43208b0e2d0d8b8558625d79b8f,3,3,YES,YES,247ca84cdd33586aba416b68db7087222cd13038285007deb5682708e889f02d,D10A_PUBLISHED_LAYOUT_ORDER_PLUS_FROZEN_CODE_AND_SEEDS,PASS
SYN050,STRONG,2522896983,1221006482,144,3d71feeea0259e037a9123f8dd87062eb264c2fa42f05013c22beccbc56b2735,6a93596c2bcddcc859b0ec33a4e01df7cca559dc712c370d450d7a51f5c225c1,d45736a4aefaf218b7d35367b1d3b6d8a95258e4003a1add5daae475036537fc,db5fc94b5dd087c6d70c475d7e63ab30093130ed2d2424629db9de63b58d8d9b,e24444d78ded24cc1c50981f42c3521fedf7c4473bc08c63ef3c3355e6baf732,3,3,YES,YES,247ca84cdd33586aba416b68db7087222cd13038285007deb5682708e889f02d,D10A_PUBLISHED_LAYOUT_ORDER_PLUS_FROZEN_CODE_AND_SEEDS,PASS
SYN050,PAIRED_NULL,2522896983,1221006482,144,3d71feeea0259e037a9123f8dd87062eb264c2fa42f05013c22beccbc56b2735,a88ee7798f80772b1eda20ec598a52551f928020c5a0b8fa87b88ddfdccfe239,d45736a4aefaf218b7d35367b1d3b6d8a95258e4003a1add5daae475036537fc,ad9ca29309c01a3ea87d125f15aef8305e96f022d394686328b9c3cfd70d706f,a74e6751cfb165740671c1861da854214360a11c66e553b0dbaaf981f5270441,3,3,YES,YES,247ca84cdd33586aba416b68db7087222cd13038285007deb5682708e889f02d,D10A_PUBLISHED_LAYOUT_ORDER_PLUS_FROZEN_CODE_AND_SEEDS,PASS
SYN051,STRONG,3657629026,2866200712,154,e69b8a72f7e877be5e03380dc7484217d6cc9bae951c8aa296325e5619df541a,19cc3099bcf8e96b383f02bae7ec510d322503c50903da616276ed918beb3481,51f8abc8a6a9531fc6bc5b4d200dc58611963cc2b83d57cd6401a40c2f7fd347,2961c253c1bfdd5159355a0b26518a431c13242922c43828587c0797920cc1ed,d8d6cc1e716b3697fcd0d1a851c622a0de1e949893f7218b45d93ab78754b745,3,3,YES,YES,247ca84cdd33586aba416b68db7087222cd13038285007deb5682708e889f02d,D10A_PUBLISHED_LAYOUT_ORDER_PLUS_FROZEN_CODE_AND_SEEDS,PASS
SYN051,PAIRED_NULL,3657629026,2866200712,154,e69b8a72f7e877be5e03380dc7484217d6cc9bae951c8aa296325e5619df541a,58ed44dd82c99cab814f898011b9eb9ef442e6f96823db9465a6057c2816e1fb,9d0cd303d41c3da5bacba9a15668b3ff6e9a7bbf5dd35a9fda75ec6c52551f70,662389c42caf6b3b70f461ed30f12c24ccf24ffbe3d1935c0fd7d685f651308d,9fc90758e3d7093f6826120ddce55475a1a76c026557d2178c0512cea4171c1e,3,3,YES,YES,247ca84cdd33586aba416b68db7087222cd13038285007deb5682708e889f02d,D10A_PUBLISHED_LAYOUT_ORDER_PLUS_FROZEN_CODE_AND_SEEDS,PASS
SYN052,STRONG,1360802531,2972556843,75,a99b80d8952728e38e0177cd957e42a72743a104885f81570664d4533e83a47c,565073e681f40059c334ba7c567a82c5e8d72fd67e167e88f6ceb20c62eee715,3aee99348bc130be2646faab7182c48686ff969eac8e7c4847bf4c4d7172960a,fa09c2f0166aed0e028db3fba334df24d27d181d130ed9dca8dc8dfcbe6263db,423dc47ffd6b08c371a4f8b081d35548b3b60937ece93531176a92c72f52a84d,3,3,YES,YES,247ca84cdd33586aba416b68db7087222cd13038285007deb5682708e889f02d,D10A_PUBLISHED_LAYOUT_ORDER_PLUS_FROZEN_CODE_AND_SEEDS,PASS
SYN052,PAIRED_NULL,1360802531,2972556843,75,a99b80d8952728e38e0177cd957e42a72743a104885f81570664d4533e83a47c,b946853b1dab08d41dca8d67bff5e471ac0cc8430fb2a251f51ae25865312cd6,ac8a1d4b04b7b61307f3b4659da45557f876cd77e70a40fd201dfb995077f2a3,11f9b9a3f9aed188dfb0d6635a64e62e40f8bd5ef48e373e8b8ba983cedbf6ef,b2a8453591ba4fd74e926e0a9c1b8eddc24932eb5ab197101b4058712ef6bdd0,3,3,YES,YES,247ca84cdd33586aba416b68db7087222cd13038285007deb5682708e889f02d,D10A_PUBLISHED_LAYOUT_ORDER_PLUS_FROZEN_CODE_AND_SEEDS,PASS
SYN053,STRONG,707353233,3249157216,176,dcd997d3ff296d6302571ad36d82da6bad723320b329ff420223583dd0b045a2,7971b81a9dc67a1d2f077c030b4522a97ce42793408ff4cfb81a9d575779b6a8,b3d4fa7f681d1b810016664183eb1ca0597016df153e2044378f0de754a89b11,8865505ed9b9ecddbeb708196cc47c68347ef2d73447d4c552b971d4ae07466a,cc03cb6f090019b3c184d734208710d1c5388302ec6128ae96285224a5f52699,3,3,YES,YES,247ca84cdd33586aba416b68db7087222cd13038285007deb5682708e889f02d,D10A_PUBLISHED_LAYOUT_ORDER_PLUS_FROZEN_CODE_AND_SEEDS,PASS
SYN053,PAIRED_NULL,707353233,3249157216,176,dcd997d3ff296d6302571ad36d82da6bad723320b329ff420223583dd0b045a2,afa0ab6794807c22cce5123b7507db60f386f117f2e41c5ba630c569f2dca30c,b3d4fa7f681d1b810016664183eb1ca0597016df153e2044378f0de754a89b11,5d01e6618d5c734fa9f6417969331e68c47e07a07f36bd8a0f49c65788d1b397,e3f3e8455e31a0a5615d6994193f9dd9b2161882c9d72bbd943abcb6c9aa374a,3,3,YES,YES,247ca84cdd33586aba416b68db7087222cd13038285007deb5682708e889f02d,D10A_PUBLISHED_LAYOUT_ORDER_PLUS_FROZEN_CODE_AND_SEEDS,PASS
SYN054,STRONG,1684937638,1497426798,118,62b0909f57e2b52fd11b5e53faa27f9bf4ed4b6ff77a5875d49cac2101c6c1d9,2daf8b8d72792e9014c2cd0d1ddfeda667d134568b5a567619520ec50a29975d,887f9878883ad257c59945895ad3dd7c42d25145e573b344d3b7eb6908a79133,f4cf39fb5f74640e0e04ca8408cb55501656fd0cc7faa08c4cf72b073c799208,7a620e336f43b515c743fefc63a24fb214a48dc975f7763d4fd7607d00a9bc88,3,3,YES,YES,247ca84cdd33586aba416b68db7087222cd13038285007deb5682708e889f02d,D10A_PUBLISHED_LAYOUT_ORDER_PLUS_FROZEN_CODE_AND_SEEDS,PASS
SYN054,PAIRED_NULL,1684937638,1497426798,118,62b0909f57e2b52fd11b5e53faa27f9bf4ed4b6ff77a5875d49cac2101c6c1d9,c51d3addf3e57044546fd62169502520086da38303a390e5aec6e04e615c97ea,887f9878883ad257c59945895ad3dd7c42d25145e573b344d3b7eb6908a79133,5265d3a6e386ae7a7738930008df5b76030c7ef60313147d61f142664fe1bf32,cf60472e6cc3bf9a7b7204e65488eb55ac6f57eb8d61b75b951f620298649d59,3,3,YES,YES,247ca84cdd33586aba416b68db7087222cd13038285007deb5682708e889f02d,D10A_PUBLISHED_LAYOUT_ORDER_PLUS_FROZEN_CODE_AND_SEEDS,PASS
SYN055,STRONG,492492480,602000536,98,0da1cb9f36b4e4e2ac41abac7355f216c85aafcc8bbadbd0720f5a0aa638d899,a0f66386d656f4263e5f7829e3fed03c829b36d9817d08063312fa69c1b7363e,e1a3b5ca24ec8f8f3d7126d6b6e692c5081fc53b52558467e82ea846a189f354,96cee94eb80dce7ce3dc41f475db3afcde8a4917b83194fd48124f0b9bfb13b9,c2e511a16d7f7075440a055f92836032a69d612dd8a52c1ea1efba12e0ceef20,3,3,YES,YES,247ca84cdd33586aba416b68db7087222cd13038285007deb5682708e889f02d,D10A_PUBLISHED_LAYOUT_ORDER_PLUS_FROZEN_CODE_AND_SEEDS,PASS
SYN055,PAIRED_NULL,492492480,602000536,98,0da1cb9f36b4e4e2ac41abac7355f216c85aafcc8bbadbd0720f5a0aa638d899,34a4367c2da6e99781c28bc77fe4dcf5af1929721aa173b0a2a0d962a59e1554,4d78c49e5bf884dc0a99d4b3a371d00cb65b264fc6f44bba5c632a5dd9129c03,68f9c2fd41e1642b1eed9e629e3830490f2c72bca940daa3dbee3ecd30e1c481,9c1d3ab5a383ed9531f47d70c21f28a97901e2fd75cf40007497fb86e8881774,3,3,YES,YES,247ca84cdd33586aba416b68db7087222cd13038285007deb5682708e889f02d,D10A_PUBLISHED_LAYOUT_ORDER_PLUS_FROZEN_CODE_AND_SEEDS,PASS
SYN056,STRONG,2897736785,386079651,159,32a4ac7931bb3a55ae4d1fbc0f4bc0f208687eae6db4ed6d26096f486c8b62c3,5ac85813c9719db82c4be938fecbe73407c759f8921106f43cb88d6c67bf6330,fe1fb83a92380e8fd0fd9060c9a4e9897203e001b7a5f9f9a0114e5dd3ff2d62,dff73ed29af44efc510e72dfcd7b22b5fa1540ec0c18fa1af7811275805a3c16,156e0b446da51968813c298c8b14465175c6399232759650164f88f244ba2b08,3,3,YES,YES,247ca84cdd33586aba416b68db7087222cd13038285007deb5682708e889f02d,D10A_PUBLISHED_LAYOUT_ORDER_PLUS_FROZEN_CODE_AND_SEEDS,PASS
SYN056,PAIRED_NULL,2897736785,386079651,159,32a4ac7931bb3a55ae4d1fbc0f4bc0f208687eae6db4ed6d26096f486c8b62c3,f4b5b8924fdc578e0139c18ed912585a6fb836c68d748cd80d9ad93639508e33,fe1fb83a92380e8fd0fd9060c9a4e9897203e001b7a5f9f9a0114e5dd3ff2d62,e614c5826286d6de5ec11b7c7458c7a1881ecb9d1aab60416a0cbe0652dd63f4,ee2d5ae589f291cfbe63d89407a6cd96fb3939823d0530c4bb1435ae48883ca9,3,3,YES,YES,247ca84cdd33586aba416b68db7087222cd13038285007deb5682708e889f02d,D10A_PUBLISHED_LAYOUT_ORDER_PLUS_FROZEN_CODE_AND_SEEDS,PASS
SYN057,STRONG,2197763249,2823779751,175,1da42ae5b70bf135d708a5250173cb9a91474cbcdffb4fbd1875ebd4ae9dab21,696e92d1ab4c14c96d1ab352a6f547f401eab63542d89c9bf06a700e3cdda845,7a26f12a29530dccd9e738094bd693a7950b6e9204f016439e745222ce548328,056be08cd5d0dd3c3b86c2669d4b6ede7b8fa127a2c92993bf024a21f00669e3,c8b4e21f9d7845a3c2fd19bae51d9cb797a4be3da1d23945dafc24dcc4cfa130,3,3,YES,YES,247ca84cdd33586aba416b68db7087222cd13038285007deb5682708e889f02d,D10A_PUBLISHED_LAYOUT_ORDER_PLUS_FROZEN_CODE_AND_SEEDS,PASS
SYN057,PAIRED_NULL,2197763249,2823779751,175,1da42ae5b70bf135d708a5250173cb9a91474cbcdffb4fbd1875ebd4ae9dab21,c004eca3bb2ef4ffa0defaa0e2df1a4a26927d79666b1787b3eeefb8f60170f4,7a26f12a29530dccd9e738094bd693a7950b6e9204f016439e745222ce548328,bae474be750dcb97642d47a0d0dd8729ab3a3d60264c5bf0ff980f0cf010de2b,7f156926726c88b2da2c59c3ecf809cfef612c82b9a18db8bbe87b37ff4fabc1,3,3,YES,YES,247ca84cdd33586aba416b68db7087222cd13038285007deb5682708e889f02d,D10A_PUBLISHED_LAYOUT_ORDER_PLUS_FROZEN_CODE_AND_SEEDS,PASS
SYN058,STRONG,4255000273,2548229248,70,af34f6ee641b95c1f0622f5a6539d3cf3d2e435d54685300b1f0b1be97d901e6,77c0f8bb72b4e8622ad0df25c817c9925193aa2758be6429a0cf22a706a5e910,db65b3c9a80a4afc0d593c0cede4785bd1ddd9e66b9b13d65f2d87e4f6f70844,21c0f5d2a5f1cf4113f0b36e58c4f722d4b406576fc838de399b07fefd91cfca,153189d9ed8469426ff7ef3516d7abf01393e9c13bf20b7a078056061fdb19ce,3,3,YES,YES,247ca84cdd33586aba416b68db7087222cd13038285007deb5682708e889f02d,D10A_PUBLISHED_LAYOUT_ORDER_PLUS_FROZEN_CODE_AND_SEEDS,PASS
SYN058,PAIRED_NULL,4255000273,2548229248,70,af34f6ee641b95c1f0622f5a6539d3cf3d2e435d54685300b1f0b1be97d901e6,1ef791cda472907e714b6185da01343d5d361490108b2dce6e0203d7c98c570d,db65b3c9a80a4afc0d593c0cede4785bd1ddd9e66b9b13d65f2d87e4f6f70844,6295449e465866df45f2e32d2f296e9ba3497884d71fbdac73a45967f3bd16e2,8b44fd27caa55b5675fbe19d6fa3c985b93660ef7befa023df3a04e21e145722,3,3,YES,YES,247ca84cdd33586aba416b68db7087222cd13038285007deb5682708e889f02d,D10A_PUBLISHED_LAYOUT_ORDER_PLUS_FROZEN_CODE_AND_SEEDS,PASS
SYN059,STRONG,1359197259,800156271,143,d57f7773540ae3e74cbe0148508a3a8a468a67e13301fd153772ede479c15609,4b57001e6bf1b2203aefe4ddb60539a3a3d5e6a41e53900fb4ab1e62fb6f8f2c,769b76838d2046fba2f18ae4ca2f0be9d288ef9e0ac254ed00e8928508db5e55,e36c5f70611d8c56b56966e2212652a48f7c5cd9210fb3a189de186a51a36893,5e13017232c04079c3746d4b7082a0423d758049f0074b90b600efb90f80ea09,3,3,YES,YES,247ca84cdd33586aba416b68db7087222cd13038285007deb5682708e889f02d,D10A_PUBLISHED_LAYOUT_ORDER_PLUS_FROZEN_CODE_AND_SEEDS,PASS
SYN059,PAIRED_NULL,1359197259,800156271,143,d57f7773540ae3e74cbe0148508a3a8a468a67e13301fd153772ede479c15609,f396e8c6a51ad10d877f1415c3980a1a439515993ed5dfe56ec8710439093914,79c6b1271bd07bcc53061f9a61fb2152d917cf92766aa5b50d79378d17ff0606,014f86281e656d4b24616bf79849b116866f08ffa39852a4e5ca00ae330acf33,ca5141217921b8e02a914e90231db657c7a15d9daa52764609db8147c7741cb1,3,3,YES,YES,247ca84cdd33586aba416b68db7087222cd13038285007deb5682708e889f02d,D10A_PUBLISHED_LAYOUT_ORDER_PLUS_FROZEN_CODE_AND_SEEDS,PASS
SYN060,STRONG,4221346597,3933603352,140,a78da088f8bc0daadb4f7cf38c38d047b89559beb0129e26b9a33708f6430199,fb681d5482ada1d7bb5e97c22d9fecf115a16fa0657c4461b205e14db71967f8,bd0c3160787912d125dfe1e7786d9cd6576d8f5db9389f72ea1775dccc70291d,8f4c194bbc3c543cca6e7be8788d7797c8c38ce8ad1185ca289b36504e90cdbe,fdd88b70a328ca60700c8fec2a44b97b404cf35f41d322d7f42535da5db5f321,3,3,YES,YES,247ca84cdd33586aba416b68db7087222cd13038285007deb5682708e889f02d,D10A_PUBLISHED_LAYOUT_ORDER_PLUS_FROZEN_CODE_AND_SEEDS,PASS
SYN060,PAIRED_NULL,4221346597,3933603352,140,a78da088f8bc0daadb4f7cf38c38d047b89559beb0129e26b9a33708f6430199,d0edad8adc5a07fa0fc90f0bfcc2335dcbe0827c67ac47061c02e952cd6c3201,529e6f90ac0ff61717e95b91f24f79f769b201e8e21f5f0b9c9ca134134f79cc,0ff11b958030bde011aa723145b8af43c65de1f76ca600f5aa582cb32c32a356,15b0bac1df4741758b7229827c9be00077ee316faa6f58a9bdac6f59e5adc090,3,3,YES,YES,247ca84cdd33586aba416b68db7087222cd13038285007deb5682708e889f02d,D10A_PUBLISHED_LAYOUT_ORDER_PLUS_FROZEN_CODE_AND_SEEDS,PASS
SYN061,STRONG,3082557033,1484336099,103,e73c356fea0ac9e87b4d014cb1168f4fe5ff2ccbe95d5d557ef188a71a1795ed,9f8e2b6d980be490103f6ec3f69ae6f594b6f259c8da77878d1c47a77c594513,9c79b32cb62f6a10fcc9c3f2f76fe8d74bea823424447912fe79b66bd97b1848,c46b411b994b9aef3f80e82872a69cb7067e48d08d92b2db4bd789d609b9b450,b6e6f717995296452037cc91a228b0baa03b697d5308a5a2d8e5dafd4e246bca,3,3,YES,YES,247ca84cdd33586aba416b68db7087222cd13038285007deb5682708e889f02d,D10A_PUBLISHED_LAYOUT_ORDER_PLUS_FROZEN_CODE_AND_SEEDS,PASS
SYN061,PAIRED_NULL,3082557033,1484336099,103,e73c356fea0ac9e87b4d014cb1168f4fe5ff2ccbe95d5d557ef188a71a1795ed,5c1e2e186cb5f6aafcb6ac30f4fe96a5080b10e9ba88ca99f8290b956c0de63a,f97e8162398e7b9ce42db50b6e2075a086f1e0aa3c128a927b12af1cecf8ae2c,ced8c5d4dfc55787ec9bf6e0c3d606f98ec4366d2f5553ec69c66b2911b66246,6c77f9115d7e202994c441843c624b9fed09f3a4a15dd97d713e20a41cf76112,3,3,YES,YES,247ca84cdd33586aba416b68db7087222cd13038285007deb5682708e889f02d,D10A_PUBLISHED_LAYOUT_ORDER_PLUS_FROZEN_CODE_AND_SEEDS,PASS
SYN062,STRONG,818733817,4152700566,134,ee6ad9e9bceba59f26c584ca74da6bd17654a09aea094493d0b993567c2d9499,5f4aea3c763bad32ab781b4113725e8919bc786f0137aa479bf8b3a35c7bc58c,f8b733e539f6ece95148dc57bc5666cc9f0493aa3c95e9370a27a18fc071858a,cb81a0e0e208c2d546ff2ebcee5a3578422cdc40b2214a77bb869f7c35136cb4,3ba740edbeab22d3083afeab401aa6a61aca526d2af37135b6cb2322d6d7a9d3,3,3,YES,YES,247ca84cdd33586aba416b68db7087222cd13038285007deb5682708e889f02d,D10A_PUBLISHED_LAYOUT_ORDER_PLUS_FROZEN_CODE_AND_SEEDS,PASS
SYN062,PAIRED_NULL,818733817,4152700566,134,ee6ad9e9bceba59f26c584ca74da6bd17654a09aea094493d0b993567c2d9499,5ad66281a4d8dc10261594cd7b9430f44035d967d1cb0c564f8fd4f0c93c4c74,f8b733e539f6ece95148dc57bc5666cc9f0493aa3c95e9370a27a18fc071858a,f99858e1d48e1bbe417603b17357ba6bd9418e4d86087b295fb5df4b319f8624,903fe229996a17eeb9ac55a5c5fe2f2ba3a52ae9ce055e67912f5174a1eab226,3,3,YES,YES,247ca84cdd33586aba416b68db7087222cd13038285007deb5682708e889f02d,D10A_PUBLISHED_LAYOUT_ORDER_PLUS_FROZEN_CODE_AND_SEEDS,PASS
SYN063,STRONG,2540095346,2716801434,180,e9200fb5ec8b7f358ce4debb8d7c5c39c5110c911032c273e1843ba0d7996be3,89f4cb4a96e3b4f5078a28f2f4194c3bf597294923fc6580084ac4f4e7cad3f9,e49f7209e4ef8819700f20bb6f14ac464ecff86a28f71564c19de0b209f21cc7,542575cd503d04e1ec3e0cce10c1936657a0e38f74a6d7bbf0ca3aa011bc56b2,f92069ce0cf949ea706b93909f81ba5d6e4fbfb0549317b031db9087af7e0208,3,3,YES,YES,247ca84cdd33586aba416b68db7087222cd13038285007deb5682708e889f02d,D10A_PUBLISHED_LAYOUT_ORDER_PLUS_FROZEN_CODE_AND_SEEDS,PASS
SYN063,PAIRED_NULL,2540095346,2716801434,180,e9200fb5ec8b7f358ce4debb8d7c5c39c5110c911032c273e1843ba0d7996be3,35c7bad744d59ab63df747447d66b93034dfc9c37213adb59650d61f3d661129,a3528b4c3afa96167e70950117b27d0b6ec7d31e6d907f63e07d298035d8ae7d,479d408a6f1f4152e03b8518d222ab10267a6849c85b61ee43b7be4f72e4b33e,ce524a0537926617ee94605570d6156b419787a81db55cc3016e0d18b1495eb5,3,3,YES,YES,247ca84cdd33586aba416b68db7087222cd13038285007deb5682708e889f02d,D10A_PUBLISHED_LAYOUT_ORDER_PLUS_FROZEN_CODE_AND_SEEDS,PASS
SYN064,STRONG,251787993,1004637054,139,36212e8ff61024cff62e005a7e387055410dd0345c43ebeb80f59fa4bb763170,6b4c7800bedab161db0ca2d47bbfc1d27661cd91f0464e034b141d134253adae,a00a520f0b374735b445b014ac9261cbd38c9d354049320f472e2d8786b47aed,235ae5532108d74d7411dae3f9b62c76fa719fc40dda1c4ed9e0947cb42cede0,3991b332fe3cba3089117d194b2eaca0bc3fe39c3a9e95bbc8021a9e70bc45d3,3,3,YES,YES,247ca84cdd33586aba416b68db7087222cd13038285007deb5682708e889f02d,D10A_PUBLISHED_LAYOUT_ORDER_PLUS_FROZEN_CODE_AND_SEEDS,PASS
SYN064,PAIRED_NULL,251787993,1004637054,139,36212e8ff61024cff62e005a7e387055410dd0345c43ebeb80f59fa4bb763170,785d17913c5cbcd7ecc08cb0866594387e37058e67d9de370e0ab6f81d131083,2c16a771a37ea6d48c890680dc6dc4cdca5c4bbdc4816589ea51834e1adf7649,b584428105a30d246990bb1c13380b7ca00b54299b90fc2652609e189d8a14ef,efa6b002f2e3a5bccad3436f0bf754dd8e4cf0fd8288dac70f29360827dbf85c,3,3,YES,YES,247ca84cdd33586aba416b68db7087222cd13038285007deb5682708e889f02d,D10A_PUBLISHED_LAYOUT_ORDER_PLUS_FROZEN_CODE_AND_SEEDS,PASS
SYN065,STRONG,2823033618,2711541562,144,c2e14fb0996eb2165638462decc0d59ead9f4368c0d21fc0bd367d488fac2ab6,8eaa813b265a59ccd4fa6590cf38eb47f37854d03292b94546694be079ebc923,b5f51a35513646355c468215cb4d0c3447077a2f7959956ca402dde76c1291c5,5658821b1ead440a24431014ecb9822638239a8c821888ddaaa40bfe04d16ccb,0680725f1e58b81efaa7d11c787a21685f38e6e67180040f28efc8a64c648c5f,3,3,YES,YES,247ca84cdd33586aba416b68db7087222cd13038285007deb5682708e889f02d,D10A_PUBLISHED_LAYOUT_ORDER_PLUS_FROZEN_CODE_AND_SEEDS,PASS
SYN065,PAIRED_NULL,2823033618,2711541562,144,c2e14fb0996eb2165638462decc0d59ead9f4368c0d21fc0bd367d488fac2ab6,7759165f29f9ce20ebaeb3beb497a7956068377d1336d51d1bf386e43fc09ae4,f2abbcd6d6818d3749546ffdb292518203a62f809e9ac78495ab4d69eafe7632,fdca5a8e6697ab89845255695a361fd665748ac759203b0386464ba0505b1ad9,c6befbffcc0c14d38465880e5726ccdcc19d34bef3d44cb47d8802a3076d651d,3,3,YES,YES,247ca84cdd33586aba416b68db7087222cd13038285007deb5682708e889f02d,D10A_PUBLISHED_LAYOUT_ORDER_PLUS_FROZEN_CODE_AND_SEEDS,PASS
SYN066,STRONG,2786677138,1516113000,146,b92207acf4e92e64144031ac5c753cbe666e42f2fef3fa3d8bbb54b5e0aea5e2,ba1400ea2014c3d94a929fe64b19e4841faf898a5bcc15427d1043f04941d30e,43312633f30033645e4b086f99f3421da59498dd6085dbd8d0fd10828c4f82dd,96d74c5516afe9e1f27c00b31e744e4b6fb57842b6584d0b5446e97edda6dfdb,15062777a047ace90eecef1913f923b0c053bc681cecf0034b4a30fd82dcd3ef,3,3,YES,YES,247ca84cdd33586aba416b68db7087222cd13038285007deb5682708e889f02d,D10A_PUBLISHED_LAYOUT_ORDER_PLUS_FROZEN_CODE_AND_SEEDS,PASS
SYN066,PAIRED_NULL,2786677138,1516113000,146,b92207acf4e92e64144031ac5c753cbe666e42f2fef3fa3d8bbb54b5e0aea5e2,63c75e4853f5aedf38af5fc3b5a60b9b021e9ed0ddaaf7d87c647cafa925d7b2,43312633f30033645e4b086f99f3421da59498dd6085dbd8d0fd10828c4f82dd,451c94fce3edb2e3419a641339884050c9247a84f407d2c4770c42c3b5eae800,fa8347133fb432a79d1d5273b48cccbbcad7b5c597638e1a24205f0bf05c2384,3,3,YES,YES,247ca84cdd33586aba416b68db7087222cd13038285007deb5682708e889f02d,D10A_PUBLISHED_LAYOUT_ORDER_PLUS_FROZEN_CODE_AND_SEEDS,PASS
SYN067,STRONG,1189061919,699007617,109,b3f2d3340482b910337280170e344b148edc70986fd9bd848304a6685a20b81a,1f86e4a671ef8acbb9406f70615d214083c30df8efc6747e1e141fecf22c7e4c,7f7be8a293002a351e91df6c17d20fb5f220b3b140c2de815dd9eba353242d6f,7c01ffef29ba5f56eb40845928d0a59c52e91cda005d77293e8dae259fb2c017,a18eefd6d07ed4456062a49a7538901c5c444f201da7ba00bb1c149a28faa7f4,3,3,YES,YES,247ca84cdd33586aba416b68db7087222cd13038285007deb5682708e889f02d,D10A_PUBLISHED_LAYOUT_ORDER_PLUS_FROZEN_CODE_AND_SEEDS,PASS
SYN067,PAIRED_NULL,1189061919,699007617,109,b3f2d3340482b910337280170e344b148edc70986fd9bd848304a6685a20b81a,59a212dfff95bb720e82941678488f6214a54d83791b496d768b526dae585cca,67b027566d70328ef25910159164d5e13c591bcde1c00f018baabcf21c07a546,0b6ff460d7aed28dccee0c59d2c29d0b694fef1a5c47a08b56be94f6be883096,039f71d6db23464c91ab4241f69d5b9cab60a7bc5c27dece601d7c5d548952e5,3,3,YES,YES,247ca84cdd33586aba416b68db7087222cd13038285007deb5682708e889f02d,D10A_PUBLISHED_LAYOUT_ORDER_PLUS_FROZEN_CODE_AND_SEEDS,PASS
SYN068,STRONG,1403157884,571662526,69,4f2099e85cc97a0a8be0803182a722e40fa198af69dcf026595dedba8bb9ae77,6526a65ba70fb77f651cf1d1788184e81812512ebd8fa93b25773ef0feb470c9,c52cf37302bfe67d7dd157dd1533681c31fa227e041645d2a9f1869c749f209f,a6d58ff391260b078bc4c6d821a9923973778067e225a21238c4e72a92e1a6ae,3302ab0d04a56f4ed7fb0f0591d0345394fd15f09cd0839cc662a07db672211a,3,3,YES,YES,247ca84cdd33586aba416b68db7087222cd13038285007deb5682708e889f02d,D10A_PUBLISHED_LAYOUT_ORDER_PLUS_FROZEN_CODE_AND_SEEDS,PASS
SYN068,PAIRED_NULL,1403157884,571662526,69,4f2099e85cc97a0a8be0803182a722e40fa198af69dcf026595dedba8bb9ae77,ad4005c2dab65f401ea72b5e4f8e5a6f1d77ede37174d3f20b5452cf42fdccbe,27d46ceada343d4dbb3c5e41a11fe53b8bf04de17797d39d779822f65c63918e,696c24b812982ffa4cb57733d19a6149c32fc224cb4f0d25798fed729e49bc3f,f3f5e6fe640bab45678841ceb01a9f823b6bc2db2e6cf232910206641700fc83,3,3,YES,YES,247ca84cdd33586aba416b68db7087222cd13038285007deb5682708e889f02d,D10A_PUBLISHED_LAYOUT_ORDER_PLUS_FROZEN_CODE_AND_SEEDS,PASS
SYN069,STRONG,3188354971,4116636854,76,603ed3e5a950c7e3aafdc185b9a64888554ac42a5cbd6afdfb44be4e49dcf221,937240bb40acbd905f3aa8164a5194267920f47181333001a6f844ea49fd505e,5f5aa167df9db79081eb56020a4e0d927b0aa6485c0f0e846118e123fe365d33,146d71f715b53448c8c9af36c187d9dbb8d738029c0600a62f728f2aa0444d31,314ccf1f9590f986cb449e027f92e8ceedaf75ff0bee617ebe727f3da2d154e6,3,3,YES,YES,247ca84cdd33586aba416b68db7087222cd13038285007deb5682708e889f02d,D10A_PUBLISHED_LAYOUT_ORDER_PLUS_FROZEN_CODE_AND_SEEDS,PASS
SYN069,PAIRED_NULL,3188354971,4116636854,76,603ed3e5a950c7e3aafdc185b9a64888554ac42a5cbd6afdfb44be4e49dcf221,22b9fb3b4c80b1a425ff9658a18ffbdde55e20164eb91b0fe701dadd83f13775,5f5aa167df9db79081eb56020a4e0d927b0aa6485c0f0e846118e123fe365d33,b8ebd4e41b452b47584b077d1a27e8b52c7ba187fb33e62f472913bd30fa7f26,ea5627d0e80627d1038b5c956e308f0a625aa3bdc45f0f020f04cc7f40b83690,3,3,YES,YES,247ca84cdd33586aba416b68db7087222cd13038285007deb5682708e889f02d,D10A_PUBLISHED_LAYOUT_ORDER_PLUS_FROZEN_CODE_AND_SEEDS,PASS
SYN070,STRONG,1663441234,1505137890,98,1026006f3906cc6a42f04bda209f53440123886465c67d6d887ef7cc982179f6,a0af8fcec77801649a77263025c13ffc1d2eb454e4f9b463b151cb17d7010098,8ec398adb284d94659ae976f1633ee626129618707b04c3a645ad814be6aeef1,b95a6e3d72f4e42f438d81bd0bc083a019b50756672eb892394d2aec5051296e,e219edd9dad0473b1ff6d95786d1dae4165600504fa843be1951df61d63d0cb1,3,3,YES,YES,247ca84cdd33586aba416b68db7087222cd13038285007deb5682708e889f02d,D10A_PUBLISHED_LAYOUT_ORDER_PLUS_FROZEN_CODE_AND_SEEDS,PASS
SYN070,PAIRED_NULL,1663441234,1505137890,98,1026006f3906cc6a42f04bda209f53440123886465c67d6d887ef7cc982179f6,4f9fde91ea9aa646167524db8b6493e7f29804a6a96c1489d5e4130757d8d459,8ec398adb284d94659ae976f1633ee626129618707b04c3a645ad814be6aeef1,4e5666f86f22bedb4772658ab05b4c80c1006b3c39ee5c460e3342e413b887db,83530ba6f99d37f5e42d14892a9a5277a23b6421bf3e19ef8b3a78d12cd746d4,3,3,YES,YES,247ca84cdd33586aba416b68db7087222cd13038285007deb5682708e889f02d,D10A_PUBLISHED_LAYOUT_ORDER_PLUS_FROZEN_CODE_AND_SEEDS,PASS
SYN071,STRONG,2072815402,585655234,93,00812f86a10d28efa0ff3ad0ba38a48bd0538c40d0147dc8409cc5c7a9aacdf4,fa8fdc77a2d89549075ae86ae8fd1dbaf965075855e3d5888dabb620911b816b,8e7a4bb2dcc8e38e2961f39e29beb9b7127dae75880a8902bef87368e3f59f31,14e071985e3b7aff911fe4fed03e1c973be6343a70089c385bc1669f4d5c4af1,49c7edf819a94f74625bf77ed8460a7fe5fec7454225670051648a3285a05ce6,3,3,YES,YES,247ca84cdd33586aba416b68db7087222cd13038285007deb5682708e889f02d,D10A_PUBLISHED_LAYOUT_ORDER_PLUS_FROZEN_CODE_AND_SEEDS,PASS
SYN071,PAIRED_NULL,2072815402,585655234,93,00812f86a10d28efa0ff3ad0ba38a48bd0538c40d0147dc8409cc5c7a9aacdf4,103573ca1e21f5c2eb97ec12ebed30c284d32adb977d4f229cedc662dd16151c,82fb4a6055f44f36c7998980de3e3acbaa610f01c5d6405320df7d80a88d7fa7,0466d36aaa185e914977f744c40eef5492e9933a2d97e38af27a9e20f0c27aba,c54d69bde6a8cd93abcad387d3f23c18a8507ba837eb4c493df6f1fd7dae2783,3,3,YES,YES,247ca84cdd33586aba416b68db7087222cd13038285007deb5682708e889f02d,D10A_PUBLISHED_LAYOUT_ORDER_PLUS_FROZEN_CODE_AND_SEEDS,PASS
SYN072,STRONG,3133240783,1474941307,87,7a1ce0f83d77b1c1f43a520409c669e5ee966f521df680f6a4bb3c2fc8a94a29,5f40a86e62d15367e5322d8c6de8bf9c4cff93e7dceec47fa145d6db868f393d,f963356fe6f8cd337382f0591a8f29809ee9a5ec97f3c96283f7d46638efabee,56b5182a28443d59fa2d70c4fb9758681c54b6d3cb3ac34b21fd6ab3e4483760,70d8ac36acb33a0cffeb25cdc396f807784ba798365fceebeee6375f92a73a83,3,3,YES,YES,247ca84cdd33586aba416b68db7087222cd13038285007deb5682708e889f02d,D10A_PUBLISHED_LAYOUT_ORDER_PLUS_FROZEN_CODE_AND_SEEDS,PASS
SYN072,PAIRED_NULL,3133240783,1474941307,87,7a1ce0f83d77b1c1f43a520409c669e5ee966f521df680f6a4bb3c2fc8a94a29,b361ab003e9155d36d885afa15a25c0b6446c8d5c7acb2176c38de0de5517955,3361805674c1b26f4342a94ca793df898566cd435e8a2b28da926b0b4cdbcec0,c37a9af79ec32e9dcc3ab074e87880de4b74342729449d23b9b8d729032b34b9,4b185f60be6afe09cd177db18e30cd0e59f2e8e8273f5272002219629c353f15,3,3,YES,YES,247ca84cdd33586aba416b68db7087222cd13038285007deb5682708e889f02d,D10A_PUBLISHED_LAYOUT_ORDER_PLUS_FROZEN_CODE_AND_SEEDS,PASS
