evidence_id,evidence_scope,fia_species_code,analysis_species_id,source_path,source_sha256,source_record_ids,claim,transformation_rule
E00001,D08B1_TAXONOMY_CORRECTION,363,2646755,03_doc/D08B1_TAXONOMY_CORRECTION_INPUTS_v02/correction_delivery_extracted/D08B_TAXONOMY_CORRECTION_EVIDENCE_v01.csv,ca71c7bb6cd4e647b06a82f604b6b472ecd54f0f01cac88f9d04a4fc9785b9fd,363,AUTHOR_QUALIFIED_ACCEPTED_SPECIES -> Arbutus xalapensis,Apply mainline-authorized 11-case additive correction exactly.
E00002,D08B1_TAXONOMY_CORRECTION,372,21443,03_doc/D08B1_TAXONOMY_CORRECTION_INPUTS_v02/correction_delivery_extracted/D08B_TAXONOMY_CORRECTION_EVIDENCE_v01.csv,ca71c7bb6cd4e647b06a82f604b6b472ecd54f0f01cac88f9d04a4fc9785b9fd,372,AUTHOR_QUALIFIED_ACCEPTED_SPECIES -> Betula lenta,Apply mainline-authorized 11-case additive correction exactly.
E00003,D08B1_TAXONOMY_CORRECTION,744,2917593,03_doc/D08B1_TAXONOMY_CORRECTION_INPUTS_v02/correction_delivery_extracted/D08B_TAXONOMY_CORRECTION_EVIDENCE_v01.csv,ca71c7bb6cd4e647b06a82f604b6b472ecd54f0f01cac88f9d04a4fc9785b9fd,744,AUTHOR_QUALIFIED_ACCEPTED_SPECIES -> Populus heterophylla,Apply mainline-authorized 11-case additive correction exactly.
E00004,D08B1_TAXONOMY_CORRECTION,820,173587,03_doc/D08B1_TAXONOMY_CORRECTION_INPUTS_v02/correction_delivery_extracted/D08B_TAXONOMY_CORRECTION_EVIDENCE_v01.csv,ca71c7bb6cd4e647b06a82f604b6b472ecd54f0f01cac88f9d04a4fc9785b9fd,820,AUTHOR_QUALIFIED_ACCEPTED_SPECIES -> Quercus laurifolia,Apply mainline-authorized 11-case additive correction exactly.
E00005,D08B1_TAXONOMY_CORRECTION,822,173795,03_doc/D08B1_TAXONOMY_CORRECTION_INPUTS_v02/correction_delivery_extracted/D08B_TAXONOMY_CORRECTION_EVIDENCE_v01.csv,ca71c7bb6cd4e647b06a82f604b6b472ecd54f0f01cac88f9d04a4fc9785b9fd,822,AUTHOR_QUALIFIED_ACCEPTED_SPECIES -> Quercus lyrata,Apply mainline-authorized 11-case additive correction exactly.
E00006,D08B1_TAXONOMY_CORRECTION,840,173863,03_doc/D08B1_TAXONOMY_CORRECTION_INPUTS_v02/correction_delivery_extracted/D08B_TAXONOMY_CORRECTION_EVIDENCE_v01.csv,ca71c7bb6cd4e647b06a82f604b6b472ecd54f0f01cac88f9d04a4fc9785b9fd,840,AUTHORITATIVE_ORTHOGRAPHIC_TO_ACCEPTED_SPECIES -> Quercus margaretta,Apply mainline-authorized 11-case additive correction exactly.
E00007,D08B1_TAXONOMY_CORRECTION,6511,,03_doc/D08B1_TAXONOMY_CORRECTION_INPUTS_v02/correction_delivery_extracted/D08B_TAXONOMY_CORRECTION_EVIDENCE_v01.csv,ca71c7bb6cd4e647b06a82f604b6b472ecd54f0f01cac88f9d04a4fc9785b9fd,6511,IDENTITY_RESOLVED_TARGET_UNPLACED -> Tamala palustris,Apply mainline-authorized 11-case additive correction exactly.
E00008,D08B1_TAXONOMY_CORRECTION,6955,,03_doc/D08B1_TAXONOMY_CORRECTION_INPUTS_v02/correction_delivery_extracted/D08B_TAXONOMY_CORRECTION_EVIDENCE_v01.csv,ca71c7bb6cd4e647b06a82f604b6b472ecd54f0f01cac88f9d04a4fc9785b9fd,6955,UNRESOLVED -> ,Apply mainline-authorized 11-case additive correction exactly.
E00009,D08B1_TAXONOMY_CORRECTION,8355,166659,03_doc/D08B1_TAXONOMY_CORRECTION_INPUTS_v02/correction_delivery_extracted/D08B_TAXONOMY_CORRECTION_EVIDENCE_v01.csv,ca71c7bb6cd4e647b06a82f604b6b472ecd54f0f01cac88f9d04a4fc9785b9fd,8355,AUTHORITATIVE_ORTHOGRAPHIC_TO_ACCEPTED_SPECIES -> Psidium cattleyanum,Apply mainline-authorized 11-case additive correction exactly.
E00010,D08B1_TAXONOMY_CORRECTION,8563,2480191,03_doc/D08B1_TAXONOMY_CORRECTION_INPUTS_v02/correction_delivery_extracted/D08B_TAXONOMY_CORRECTION_EVIDENCE_v01.csv,ca71c7bb6cd4e647b06a82f604b6b472ecd54f0f01cac88f9d04a4fc9785b9fd,8563,AUTHORITATIVE_ORTHOGRAPHIC_TO_ACCEPTED_SPECIES -> Schinus terebinthifolia,Apply mainline-authorized 11-case additive correction exactly.
E00011,D08B1_TAXONOMY_CORRECTION,143,,03_doc/D08B1_TAXONOMY_CORRECTION_INPUTS_v02/correction_delivery_extracted/D08B_TAXONOMY_CORRECTION_EVIDENCE_v01.csv,ca71c7bb6cd4e647b06a82f604b6b472ecd54f0f01cac88f9d04a4fc9785b9fd,143,ACCEPTED_HYBRID_NONCORE -> Pinus × kohae,Apply mainline-authorized 11-case additive correction exactly.
E00012,WCVP_DISTRIBUTION_ADDITION,,21443,02_raw/WCVP/wcvp.zip::wcvp_distribution.csv,d32ea2b3a85e489b14e83bcc9eae7274532e1d113753f7be290d4b2dfde573fa,21443,22 frozen Level-3 rows added for newly resolved ordinary accepted species.,Query by final accepted analysis-species ID only; preserve introduced/extinct/doubtful semantics.
E00013,WCVP_DISTRIBUTION_ADDITION,,166659,02_raw/WCVP/wcvp.zip::wcvp_distribution.csv,d32ea2b3a85e489b14e83bcc9eae7274532e1d113753f7be290d4b2dfde573fa,166659,62 frozen Level-3 rows added for newly resolved ordinary accepted species.,Query by final accepted analysis-species ID only; preserve introduced/extinct/doubtful semantics.
E00014,WCVP_DISTRIBUTION_ADDITION,,173587,02_raw/WCVP/wcvp.zip::wcvp_distribution.csv,d32ea2b3a85e489b14e83bcc9eae7274532e1d113753f7be290d4b2dfde573fa,173587,10 frozen Level-3 rows added for newly resolved ordinary accepted species.,Query by final accepted analysis-species ID only; preserve introduced/extinct/doubtful semantics.
E00015,WCVP_DISTRIBUTION_ADDITION,,173795,02_raw/WCVP/wcvp.zip::wcvp_distribution.csv,d32ea2b3a85e489b14e83bcc9eae7274532e1d113753f7be290d4b2dfde573fa,173795,19 frozen Level-3 rows added for newly resolved ordinary accepted species.,Query by final accepted analysis-species ID only; preserve introduced/extinct/doubtful semantics.
E00016,WCVP_DISTRIBUTION_ADDITION,,173863,02_raw/WCVP/wcvp.zip::wcvp_distribution.csv,d32ea2b3a85e489b14e83bcc9eae7274532e1d113753f7be290d4b2dfde573fa,173863,14 frozen Level-3 rows added for newly resolved ordinary accepted species.,Query by final accepted analysis-species ID only; preserve introduced/extinct/doubtful semantics.
E00017,WCVP_DISTRIBUTION_ADDITION,,2480191,02_raw/WCVP/wcvp.zip::wcvp_distribution.csv,d32ea2b3a85e489b14e83bcc9eae7274532e1d113753f7be290d4b2dfde573fa,2480191,61 frozen Level-3 rows added for newly resolved ordinary accepted species.,Query by final accepted analysis-species ID only; preserve introduced/extinct/doubtful semantics.
E00018,WCVP_DISTRIBUTION_ADDITION,,2646755,02_raw/WCVP/wcvp.zip::wcvp_distribution.csv,d32ea2b3a85e489b14e83bcc9eae7274532e1d113753f7be290d4b2dfde573fa,2646755,12 frozen Level-3 rows added for newly resolved ordinary accepted species.,Query by final accepted analysis-species ID only; preserve introduced/extinct/doubtful semantics.
E00019,WCVP_DISTRIBUTION_ADDITION,,2917593,02_raw/WCVP/wcvp.zip::wcvp_distribution.csv,d32ea2b3a85e489b14e83bcc9eae7274532e1d113753f7be290d4b2dfde573fa,2917593,23 frozen Level-3 rows added for newly resolved ordinary accepted species.,Query by final accepted analysis-species ID only; preserve introduced/extinct/doubtful semantics.
E00020,USGS_CROSS_STAGE_DIAGNOSTIC,6511,,05_qc/elig_v02/USGS_RANGE_AUDIT.csv,bdc8a43411f648ab72c4d294f846d0688e436dcc035817cbc1de593e87c28312,,NO_ELIGIBILITY_V02_DIAGNOSTIC_ROW,Diagnostic only; prior mapping is not authority and no Little layer is unioned.
E00021,USGS_CROSS_STAGE_DIAGNOSTIC,6955,,05_qc/elig_v02/USGS_RANGE_AUDIT.csv,bdc8a43411f648ab72c4d294f846d0688e436dcc035817cbc1de593e87c28312,,NO_ELIGIBILITY_V02_DIAGNOSTIC_ROW,Diagnostic only; prior mapping is not authority and no Little layer is unioned.
E00022,USGS_CROSS_STAGE_DIAGNOSTIC,143,,05_qc/elig_v02/USGS_RANGE_AUDIT.csv,bdc8a43411f648ab72c4d294f846d0688e436dcc035817cbc1de593e87c28312,,NO_ELIGIBILITY_V02_DIAGNOSTIC_ROW,Diagnostic only; prior mapping is not authority and no Little layer is unioned.
E00023,USGS_CROSS_STAGE_DIAGNOSTIC,355,6364,05_qc/elig_v02/USGS_RANGE_AUDIT.csv,bdc8a43411f648ab72c4d294f846d0688e436dcc035817cbc1de593e87c28312,,NO_ELIGIBILITY_V02_DIAGNOSTIC_ROW,Diagnostic only; prior mapping is not authority and no Little layer is unioned.
E00024,USGS_CROSS_STAGE_DIAGNOSTIC,372,21443,05_qc/elig_v02/USGS_RANGE_AUDIT.csv,bdc8a43411f648ab72c4d294f846d0688e436dcc035817cbc1de593e87c28312,372,PRIOR_EXACT_NONZERO_TAXONOMY_BLOCKED_IN_V01,Diagnostic only; prior mapping is not authority and no Little layer is unioned.
E00025,USGS_CROSS_STAGE_DIAGNOSTIC,424,35016,05_qc/elig_v02/USGS_RANGE_AUDIT.csv,bdc8a43411f648ab72c4d294f846d0688e436dcc035817cbc1de593e87c28312,,NO_ELIGIBILITY_V02_DIAGNOSTIC_ROW,Diagnostic only; prior mapping is not authority and no Little layer is unioned.
E00026,USGS_CROSS_STAGE_DIAGNOSTIC,422,35028,05_qc/elig_v02/USGS_RANGE_AUDIT.csv,bdc8a43411f648ab72c4d294f846d0688e436dcc035817cbc1de593e87c28312,422,PRIOR_EXACT_NONZERO_D08B_V01_REVIEW_ONLY,Diagnostic only; prior mapping is not authority and no Little layer is unioned.
E00027,USGS_CROSS_STAGE_DIAGNOSTIC,492,47451,05_qc/elig_v02/USGS_RANGE_AUDIT.csv,bdc8a43411f648ab72c4d294f846d0688e436dcc035817cbc1de593e87c28312,492,D08B1_BRIDGE_STATUS_CHANGED,Diagnostic only; prior mapping is not authority and no Little layer is unioned.
E00028,USGS_CROSS_STAGE_DIAGNOSTIC,511,73008,05_qc/elig_v02/USGS_RANGE_AUDIT.csv,bdc8a43411f648ab72c4d294f846d0688e436dcc035817cbc1de593e87c28312,,NO_ELIGIBILITY_V02_DIAGNOSTIC_ROW,Diagnostic only; prior mapping is not authority and no Little layer is unioned.
E00029,USGS_CROSS_STAGE_DIAGNOSTIC,513,73044,05_qc/elig_v02/USGS_RANGE_AUDIT.csv,bdc8a43411f648ab72c4d294f846d0688e436dcc035817cbc1de593e87c28312,,NO_ELIGIBILITY_V02_DIAGNOSTIC_ROW,Diagnostic only; prior mapping is not authority and no Little layer is unioned.
E00030,USGS_CROSS_STAGE_DIAGNOSTIC,655,117583,05_qc/elig_v02/USGS_RANGE_AUDIT.csv,bdc8a43411f648ab72c4d294f846d0688e436dcc035817cbc1de593e87c28312,655,PRIOR_EXACT_NONZERO_D08B_V01_REVIEW_ONLY,Diagnostic only; prior mapping is not authority and no Little layer is unioned.
E00031,USGS_CROSS_STAGE_DIAGNOSTIC,992,123857,05_qc/elig_v02/USGS_RANGE_AUDIT.csv,bdc8a43411f648ab72c4d294f846d0688e436dcc035817cbc1de593e87c28312,,NO_ELIGIBILITY_V02_DIAGNOSTIC_ROW,Diagnostic only; prior mapping is not authority and no Little layer is unioned.
E00032,USGS_CROSS_STAGE_DIAGNOSTIC,694,136191,05_qc/elig_v02/USGS_RANGE_AUDIT.csv,bdc8a43411f648ab72c4d294f846d0688e436dcc035817cbc1de593e87c28312,,NO_ELIGIBILITY_V02_DIAGNOSTIC_ROW,Diagnostic only; prior mapping is not authority and no Little layer is unioned.
E00033,USGS_CROSS_STAGE_DIAGNOSTIC,692,136212,05_qc/elig_v02/USGS_RANGE_AUDIT.csv,bdc8a43411f648ab72c4d294f846d0688e436dcc035817cbc1de593e87c28312,692,D08B1_BRIDGE_STATUS_CHANGED,Diagnostic only; prior mapping is not authority and no Little layer is unioned.
E00034,USGS_CROSS_STAGE_DIAGNOSTIC,8355,166659,05_qc/elig_v02/USGS_RANGE_AUDIT.csv,bdc8a43411f648ab72c4d294f846d0688e436dcc035817cbc1de593e87c28312,,NO_ELIGIBILITY_V02_DIAGNOSTIC_ROW,Diagnostic only; prior mapping is not authority and no Little layer is unioned.
E00035,USGS_CROSS_STAGE_DIAGNOSTIC,8427,171430,05_qc/elig_v02/USGS_RANGE_AUDIT.csv,bdc8a43411f648ab72c4d294f846d0688e436dcc035817cbc1de593e87c28312,,NO_ELIGIBILITY_V02_DIAGNOSTIC_ROW,Diagnostic only; prior mapping is not authority and no Little layer is unioned.
E00036,USGS_CROSS_STAGE_DIAGNOSTIC,8513,171890,05_qc/elig_v02/USGS_RANGE_AUDIT.csv,bdc8a43411f648ab72c4d294f846d0688e436dcc035817cbc1de593e87c28312,,NO_ELIGIBILITY_V02_DIAGNOSTIC_ROW,Diagnostic only; prior mapping is not authority and no Little layer is unioned.
E00037,USGS_CROSS_STAGE_DIAGNOSTIC,8441,172866,05_qc/elig_v02/USGS_RANGE_AUDIT.csv,bdc8a43411f648ab72c4d294f846d0688e436dcc035817cbc1de593e87c28312,,NO_ELIGIBILITY_V02_DIAGNOSTIC_ROW,Diagnostic only; prior mapping is not authority and no Little layer is unioned.
E00038,USGS_CROSS_STAGE_DIAGNOSTIC,851,172964,05_qc/elig_v02/USGS_RANGE_AUDIT.csv,bdc8a43411f648ab72c4d294f846d0688e436dcc035817cbc1de593e87c28312,,NO_ELIGIBILITY_V02_DIAGNOSTIC_ROW,Diagnostic only; prior mapping is not authority and no Little layer is unioned.
E00039,USGS_CROSS_STAGE_DIAGNOSTIC,8449,173053,05_qc/elig_v02/USGS_RANGE_AUDIT.csv,bdc8a43411f648ab72c4d294f846d0688e436dcc035817cbc1de593e87c28312,,NO_ELIGIBILITY_V02_DIAGNOSTIC_ROW,Diagnostic only; prior mapping is not authority and no Little layer is unioned.
E00040,USGS_CROSS_STAGE_DIAGNOSTIC,842,173316,05_qc/elig_v02/USGS_RANGE_AUDIT.csv,bdc8a43411f648ab72c4d294f846d0688e436dcc035817cbc1de593e87c28312,842,PRIOR_EXACT_NONZERO_BUT_D08B_V01_UNRESOLVED,Diagnostic only; prior mapping is not authority and no Little layer is unioned.
E00041,USGS_CROSS_STAGE_DIAGNOSTIC,820,173587,05_qc/elig_v02/USGS_RANGE_AUDIT.csv,bdc8a43411f648ab72c4d294f846d0688e436dcc035817cbc1de593e87c28312,820,PRIOR_EXACT_NONZERO_TAXONOMY_BLOCKED_IN_V01,Diagnostic only; prior mapping is not authority and no Little layer is unioned.
E00042,USGS_CROSS_STAGE_DIAGNOSTIC,822,173795,05_qc/elig_v02/USGS_RANGE_AUDIT.csv,bdc8a43411f648ab72c4d294f846d0688e436dcc035817cbc1de593e87c28312,822,PRIOR_EXACT_NONZERO_TAXONOMY_BLOCKED_IN_V01,Diagnostic only; prior mapping is not authority and no Little layer is unioned.
E00043,USGS_CROSS_STAGE_DIAGNOSTIC,823,173817,05_qc/elig_v02/USGS_RANGE_AUDIT.csv,bdc8a43411f648ab72c4d294f846d0688e436dcc035817cbc1de593e87c28312,823,PRIOR_EXACT_NONZERO_BUT_D08B_V01_UNRESOLVED,Diagnostic only; prior mapping is not authority and no Little layer is unioned.
E00044,USGS_CROSS_STAGE_DIAGNOSTIC,840,173863,05_qc/elig_v02/USGS_RANGE_AUDIT.csv,bdc8a43411f648ab72c4d294f846d0688e436dcc035817cbc1de593e87c28312,,NO_ELIGIBILITY_V02_DIAGNOSTIC_ROW,Diagnostic only; prior mapping is not authority and no Little layer is unioned.
E00045,USGS_CROSS_STAGE_DIAGNOSTIC,825;832,173929,05_qc/elig_v02/USGS_RANGE_AUDIT.csv,bdc8a43411f648ab72c4d294f846d0688e436dcc035817cbc1de593e87c28312,825;832,PRIOR_EXACT_NONZERO_BUT_D08B_V01_UNRESOLVED,Diagnostic only; prior mapping is not authority and no Little layer is unioned.
E00046,USGS_CROSS_STAGE_DIAGNOSTIC,841,173948,05_qc/elig_v02/USGS_RANGE_AUDIT.csv,bdc8a43411f648ab72c4d294f846d0688e436dcc035817cbc1de593e87c28312,,NO_ELIGIBILITY_V02_DIAGNOSTIC_ROW,Diagnostic only; prior mapping is not authority and no Little layer is unioned.
E00047,USGS_CROSS_STAGE_DIAGNOSTIC,813,174226,05_qc/elig_v02/USGS_RANGE_AUDIT.csv,bdc8a43411f648ab72c4d294f846d0688e436dcc035817cbc1de593e87c28312,,NO_ELIGIBILITY_V02_DIAGNOSTIC_ROW,Diagnostic only; prior mapping is not authority and no Little layer is unioned.
E00048,USGS_CROSS_STAGE_DIAGNOSTIC,845,174518,05_qc/elig_v02/USGS_RANGE_AUDIT.csv,bdc8a43411f648ab72c4d294f846d0688e436dcc035817cbc1de593e87c28312,,NO_ELIGIBILITY_V02_DIAGNOSTIC_ROW,Diagnostic only; prior mapping is not authority and no Little layer is unioned.
E00049,USGS_CROSS_STAGE_DIAGNOSTIC,836,175172,05_qc/elig_v02/USGS_RANGE_AUDIT.csv,bdc8a43411f648ab72c4d294f846d0688e436dcc035817cbc1de593e87c28312,,NO_ELIGIBILITY_V02_DIAGNOSTIC_ROW,Diagnostic only; prior mapping is not authority and no Little layer is unioned.
E00050,USGS_CROSS_STAGE_DIAGNOSTIC,994,207675,05_qc/elig_v02/USGS_RANGE_AUDIT.csv,bdc8a43411f648ab72c4d294f846d0688e436dcc035817cbc1de593e87c28312,,NO_ELIGIBILITY_V02_DIAGNOSTIC_ROW,Diagnostic only; prior mapping is not authority and no Little layer is unioned.
E00051,USGS_CROSS_STAGE_DIAGNOSTIC,995,212845,05_qc/elig_v02/USGS_RANGE_AUDIT.csv,bdc8a43411f648ab72c4d294f846d0688e436dcc035817cbc1de593e87c28312,,NO_ELIGIBILITY_V02_DIAGNOSTIC_ROW,Diagnostic only; prior mapping is not authority and no Little layer is unioned.
E00052,USGS_CROSS_STAGE_DIAGNOSTIC,451,320352,05_qc/elig_v02/USGS_RANGE_AUDIT.csv,bdc8a43411f648ab72c4d294f846d0688e436dcc035817cbc1de593e87c28312,,NO_ELIGIBILITY_V02_DIAGNOSTIC_ROW,Diagnostic only; prior mapping is not authority and no Little layer is unioned.
E00053,USGS_CROSS_STAGE_DIAGNOSTIC,452,320410,05_qc/elig_v02/USGS_RANGE_AUDIT.csv,bdc8a43411f648ab72c4d294f846d0688e436dcc035817cbc1de593e87c28312,,NO_ELIGIBILITY_V02_DIAGNOSTIC_ROW,Diagnostic only; prior mapping is not authority and no Little layer is unioned.
E00054,USGS_CROSS_STAGE_DIAGNOSTIC,561,334053,05_qc/elig_v02/USGS_RANGE_AUDIT.csv,bdc8a43411f648ab72c4d294f846d0688e436dcc035817cbc1de593e87c28312,,NO_ELIGIBILITY_V02_DIAGNOSTIC_ROW,Diagnostic only; prior mapping is not authority and no Little layer is unioned.
E00055,USGS_CROSS_STAGE_DIAGNOSTIC,913,351387,05_qc/elig_v02/USGS_RANGE_AUDIT.csv,bdc8a43411f648ab72c4d294f846d0688e436dcc035817cbc1de593e87c28312,,NO_ELIGIBILITY_V02_DIAGNOSTIC_ROW,Diagnostic only; prior mapping is not authority and no Little layer is unioned.
E00056,USGS_CROSS_STAGE_DIAGNOSTIC,7577,354176,05_qc/elig_v02/USGS_RANGE_AUDIT.csv,bdc8a43411f648ab72c4d294f846d0688e436dcc035817cbc1de593e87c28312,,NO_ELIGIBILITY_V02_DIAGNOSTIC_ROW,Diagnostic only; prior mapping is not authority and no Little layer is unioned.
E00057,USGS_CROSS_STAGE_DIAGNOSTIC,7578,354188,05_qc/elig_v02/USGS_RANGE_AUDIT.csv,bdc8a43411f648ab72c4d294f846d0688e436dcc035817cbc1de593e87c28312,,NO_ELIGIBILITY_V02_DIAGNOSTIC_ROW,Diagnostic only; prior mapping is not authority and no Little layer is unioned.
E00058,USGS_CROSS_STAGE_DIAGNOSTIC,67;68,377287,05_qc/elig_v02/USGS_RANGE_AUDIT.csv,bdc8a43411f648ab72c4d294f846d0688e436dcc035817cbc1de593e87c28312,68,PRIOR_EXACT_NONZERO_D08B_V01_REVIEW_ONLY,Diagnostic only; prior mapping is not authority and no Little layer is unioned.
E00059,USGS_CROSS_STAGE_DIAGNOSTIC,60,377397,05_qc/elig_v02/USGS_RANGE_AUDIT.csv,bdc8a43411f648ab72c4d294f846d0688e436dcc035817cbc1de593e87c28312,,NO_ELIGIBILITY_V02_DIAGNOSTIC_ROW,Diagnostic only; prior mapping is not authority and no Little layer is unioned.
E00060,USGS_CROSS_STAGE_DIAGNOSTIC,264,379433,05_qc/elig_v02/USGS_RANGE_AUDIT.csv,bdc8a43411f648ab72c4d294f846d0688e436dcc035817cbc1de593e87c28312,264,D08B1_BRIDGE_STATUS_CHANGED,Diagnostic only; prior mapping is not authority and no Little layer is unioned.
E00061,USGS_CROSS_STAGE_DIAGNOSTIC,142,379762,05_qc/elig_v02/USGS_RANGE_AUDIT.csv,bdc8a43411f648ab72c4d294f846d0688e436dcc035817cbc1de593e87c28312,142,PRIOR_EXACT_NONZERO_D08B_V01_REVIEW_ONLY,Diagnostic only; prior mapping is not authority and no Little layer is unioned.
E00062,USGS_CROSS_STAGE_DIAGNOSTIC,134,379837,05_qc/elig_v02/USGS_RANGE_AUDIT.csv,bdc8a43411f648ab72c4d294f846d0688e436dcc035817cbc1de593e87c28312,,NO_ELIGIBILITY_V02_DIAGNOSTIC_ROW,Diagnostic only; prior mapping is not authority and no Little layer is unioned.
E00063,USGS_CROSS_STAGE_DIAGNOSTIC,109,379852,05_qc/elig_v02/USGS_RANGE_AUDIT.csv,bdc8a43411f648ab72c4d294f846d0688e436dcc035817cbc1de593e87c28312,109,D08B1_BRIDGE_STATUS_CHANGED,Diagnostic only; prior mapping is not authority and no Little layer is unioned.
E00064,USGS_CROSS_STAGE_DIAGNOSTIC,107,379871,05_qc/elig_v02/USGS_RANGE_AUDIT.csv,bdc8a43411f648ab72c4d294f846d0688e436dcc035817cbc1de593e87c28312,107,D08B1_BRIDGE_STATUS_CHANGED,Diagnostic only; prior mapping is not authority and no Little layer is unioned.
E00065,USGS_CROSS_STAGE_DIAGNOSTIC,113,379971,05_qc/elig_v02/USGS_RANGE_AUDIT.csv,bdc8a43411f648ab72c4d294f846d0688e436dcc035817cbc1de593e87c28312,113,D08B1_BRIDGE_STATUS_CHANGED,Diagnostic only; prior mapping is not authority and no Little layer is unioned.
E00066,USGS_CROSS_STAGE_DIAGNOSTIC,127,380011,05_qc/elig_v02/USGS_RANGE_AUDIT.csv,bdc8a43411f648ab72c4d294f846d0688e436dcc035817cbc1de593e87c28312,127,D08B1_BRIDGE_STATUS_CHANGED,Diagnostic only; prior mapping is not authority and no Little layer is unioned.
E00067,USGS_CROSS_STAGE_DIAGNOSTIC,130,380126,05_qc/elig_v02/USGS_RANGE_AUDIT.csv,bdc8a43411f648ab72c4d294f846d0688e436dcc035817cbc1de593e87c28312,,NO_ELIGIBILITY_V02_DIAGNOSTIC_ROW,Diagnostic only; prior mapping is not authority and no Little layer is unioned.
E00068,USGS_CROSS_STAGE_DIAGNOSTIC,136,380171,05_qc/elig_v02/USGS_RANGE_AUDIT.csv,bdc8a43411f648ab72c4d294f846d0688e436dcc035817cbc1de593e87c28312,,NO_ELIGIBILITY_V02_DIAGNOSTIC_ROW,Diagnostic only; prior mapping is not authority and no Little layer is unioned.
E00069,USGS_CROSS_STAGE_DIAGNOSTIC,120,380239,05_qc/elig_v02/USGS_RANGE_AUDIT.csv,bdc8a43411f648ab72c4d294f846d0688e436dcc035817cbc1de593e87c28312,120,PRIOR_EXACT_NONZERO_BUT_D08B_V01_UNRESOLVED,Diagnostic only; prior mapping is not authority and no Little layer is unioned.
E00070,USGS_CROSS_STAGE_DIAGNOSTIC,124,380297,05_qc/elig_v02/USGS_RANGE_AUDIT.csv,bdc8a43411f648ab72c4d294f846d0688e436dcc035817cbc1de593e87c28312,,NO_ELIGIBILITY_V02_DIAGNOSTIC_ROW,Diagnostic only; prior mapping is not authority and no Little layer is unioned.
E00071,USGS_CROSS_STAGE_DIAGNOSTIC,141,380317,05_qc/elig_v02/USGS_RANGE_AUDIT.csv,bdc8a43411f648ab72c4d294f846d0688e436dcc035817cbc1de593e87c28312,,NO_ELIGIBILITY_V02_DIAGNOSTIC_ROW,Diagnostic only; prior mapping is not authority and no Little layer is unioned.
E00072,USGS_CROSS_STAGE_DIAGNOSTIC,122;137,380358,05_qc/elig_v02/USGS_RANGE_AUDIT.csv,bdc8a43411f648ab72c4d294f846d0688e436dcc035817cbc1de593e87c28312,122,D08B1_BRIDGE_STATUS_CHANGED,Diagnostic only; prior mapping is not authority and no Little layer is unioned.
E00073,USGS_CROSS_STAGE_DIAGNOSTIC,91,380406,05_qc/elig_v02/USGS_RANGE_AUDIT.csv,bdc8a43411f648ab72c4d294f846d0688e436dcc035817cbc1de593e87c28312,,NO_ELIGIBILITY_V02_DIAGNOSTIC_ROW,Diagnostic only; prior mapping is not authority and no Little layer is unioned.
E00074,USGS_CROSS_STAGE_DIAGNOSTIC,140,380484,05_qc/elig_v02/USGS_RANGE_AUDIT.csv,bdc8a43411f648ab72c4d294f846d0688e436dcc035817cbc1de593e87c28312,140,PRIOR_EXACT_NONZERO_D08B_V01_REVIEW_ONLY,Diagnostic only; prior mapping is not authority and no Little layer is unioned.
E00075,USGS_CROSS_STAGE_DIAGNOSTIC,135,380503,05_qc/elig_v02/USGS_RANGE_AUDIT.csv,bdc8a43411f648ab72c4d294f846d0688e436dcc035817cbc1de593e87c28312,,NO_ELIGIBILITY_V02_DIAGNOSTIC_ROW,Diagnostic only; prior mapping is not authority and no Little layer is unioned.
E00076,USGS_CROSS_STAGE_DIAGNOSTIC,93,380614,05_qc/elig_v02/USGS_RANGE_AUDIT.csv,bdc8a43411f648ab72c4d294f846d0688e436dcc035817cbc1de593e87c28312,93,D08B1_BRIDGE_STATUS_CHANGED,Diagnostic only; prior mapping is not authority and no Little layer is unioned.
E00077,USGS_CROSS_STAGE_DIAGNOSTIC,102,380723,05_qc/elig_v02/USGS_RANGE_AUDIT.csv,bdc8a43411f648ab72c4d294f846d0688e436dcc035817cbc1de593e87c28312,102,PRIOR_EXACT_NONZERO_D08B_V01_REVIEW_ONLY,Diagnostic only; prior mapping is not authority and no Little layer is unioned.
E00078,USGS_CROSS_STAGE_DIAGNOSTIC,17,381804,05_qc/elig_v02/USGS_RANGE_AUDIT.csv,bdc8a43411f648ab72c4d294f846d0688e436dcc035817cbc1de593e87c28312,17,PRIOR_EXACT_NONZERO_BUT_D08B_V01_UNRESOLVED,Diagnostic only; prior mapping is not authority and no Little layer is unioned.
E00079,USGS_CROSS_STAGE_DIAGNOSTIC,41,382830,05_qc/elig_v02/USGS_RANGE_AUDIT.csv,bdc8a43411f648ab72c4d294f846d0688e436dcc035817cbc1de593e87c28312,41,D08B1_BRIDGE_STATUS_CHANGED,Diagnostic only; prior mapping is not authority and no Little layer is unioned.
E00080,USGS_CROSS_STAGE_DIAGNOSTIC,43,382860,05_qc/elig_v02/USGS_RANGE_AUDIT.csv,bdc8a43411f648ab72c4d294f846d0688e436dcc035817cbc1de593e87c28312,43,D08B1_BRIDGE_STATUS_CHANGED,Diagnostic only; prior mapping is not authority and no Little layer is unioned.
E00081,USGS_CROSS_STAGE_DIAGNOSTIC,42,456789,05_qc/elig_v02/USGS_RANGE_AUDIT.csv,bdc8a43411f648ab72c4d294f846d0688e436dcc035817cbc1de593e87c28312,42,D08B1_BRIDGE_STATUS_CHANGED,Diagnostic only; prior mapping is not authority and no Little layer is unioned.
E00082,USGS_CROSS_STAGE_DIAGNOSTIC,51,457902,05_qc/elig_v02/USGS_RANGE_AUDIT.csv,bdc8a43411f648ab72c4d294f846d0688e436dcc035817cbc1de593e87c28312,51,PRIOR_EXACT_NONZERO_D08B_V01_REVIEW_ONLY,Diagnostic only; prior mapping is not authority and no Little layer is unioned.
E00083,USGS_CROSS_STAGE_DIAGNOSTIC,52,457903,05_qc/elig_v02/USGS_RANGE_AUDIT.csv,bdc8a43411f648ab72c4d294f846d0688e436dcc035817cbc1de593e87c28312,,NO_ELIGIBILITY_V02_DIAGNOSTIC_ROW,Diagnostic only; prior mapping is not authority and no Little layer is unioned.
E00084,USGS_CROSS_STAGE_DIAGNOSTIC,54,457913,05_qc/elig_v02/USGS_RANGE_AUDIT.csv,bdc8a43411f648ab72c4d294f846d0688e436dcc035817cbc1de593e87c28312,,NO_ELIGIBILITY_V02_DIAGNOSTIC_ROW,Diagnostic only; prior mapping is not authority and no Little layer is unioned.
E00085,USGS_CROSS_STAGE_DIAGNOSTIC,603,2329229,05_qc/elig_v02/USGS_RANGE_AUDIT.csv,bdc8a43411f648ab72c4d294f846d0688e436dcc035817cbc1de593e87c28312,,NO_ELIGIBILITY_V02_DIAGNOSTIC_ROW,Diagnostic only; prior mapping is not authority and no Little layer is unioned.
E00086,USGS_CROSS_STAGE_DIAGNOSTIC,7565,2346347,05_qc/elig_v02/USGS_RANGE_AUDIT.csv,bdc8a43411f648ab72c4d294f846d0688e436dcc035817cbc1de593e87c28312,,NO_ELIGIBILITY_V02_DIAGNOSTIC_ROW,Diagnostic only; prior mapping is not authority and no Little layer is unioned.
E00087,USGS_CROSS_STAGE_DIAGNOSTIC,756,2383853,05_qc/elig_v02/USGS_RANGE_AUDIT.csv,bdc8a43411f648ab72c4d294f846d0688e436dcc035817cbc1de593e87c28312,756,PRIOR_EXACT_NONZERO_D08B_V01_REVIEW_ONLY,Diagnostic only; prior mapping is not authority and no Little layer is unioned.
E00088,USGS_CROSS_STAGE_DIAGNOSTIC,897,2444682,05_qc/elig_v02/USGS_RANGE_AUDIT.csv,bdc8a43411f648ab72c4d294f846d0688e436dcc035817cbc1de593e87c28312,,NO_ELIGIBILITY_V02_DIAGNOSTIC_ROW,Diagnostic only; prior mapping is not authority and no Little layer is unioned.
E00089,USGS_CROSS_STAGE_DIAGNOSTIC,8851,2448661,05_qc/elig_v02/USGS_RANGE_AUDIT.csv,bdc8a43411f648ab72c4d294f846d0688e436dcc035817cbc1de593e87c28312,,NO_ELIGIBILITY_V02_DIAGNOSTIC_ROW,Diagnostic only; prior mapping is not authority and no Little layer is unioned.
E00090,USGS_CROSS_STAGE_DIAGNOSTIC,974,2448824,05_qc/elig_v02/USGS_RANGE_AUDIT.csv,bdc8a43411f648ab72c4d294f846d0688e436dcc035817cbc1de593e87c28312,,NO_ELIGIBILITY_V02_DIAGNOSTIC_ROW,Diagnostic only; prior mapping is not authority and no Little layer is unioned.
E00091,USGS_CROSS_STAGE_DIAGNOSTIC,8944,2469375,05_qc/elig_v02/USGS_RANGE_AUDIT.csv,bdc8a43411f648ab72c4d294f846d0688e436dcc035817cbc1de593e87c28312,8944,PRIOR_EXACT_NONZERO_D08B_V01_REVIEW_ONLY,Diagnostic only; prior mapping is not authority and no Little layer is unioned.
E00092,USGS_CROSS_STAGE_DIAGNOSTIC,8563,2480191,05_qc/elig_v02/USGS_RANGE_AUDIT.csv,bdc8a43411f648ab72c4d294f846d0688e436dcc035817cbc1de593e87c28312,,NO_ELIGIBILITY_V02_DIAGNOSTIC_ROW,Diagnostic only; prior mapping is not authority and no Little layer is unioned.
E00093,USGS_CROSS_STAGE_DIAGNOSTIC,681,2501381,05_qc/elig_v02/USGS_RANGE_AUDIT.csv,bdc8a43411f648ab72c4d294f846d0688e436dcc035817cbc1de593e87c28312,,NO_ELIGIBILITY_V02_DIAGNOSTIC_ROW,Diagnostic only; prior mapping is not authority and no Little layer is unioned.
E00094,USGS_CROSS_STAGE_DIAGNOSTIC,993,2505106,05_qc/elig_v02/USGS_RANGE_AUDIT.csv,bdc8a43411f648ab72c4d294f846d0688e436dcc035817cbc1de593e87c28312,,NO_ELIGIBILITY_V02_DIAGNOSTIC_ROW,Diagnostic only; prior mapping is not authority and no Little layer is unioned.
E00095,USGS_CROSS_STAGE_DIAGNOSTIC,8813,2518181,05_qc/elig_v02/USGS_RANGE_AUDIT.csv,bdc8a43411f648ab72c4d294f846d0688e436dcc035817cbc1de593e87c28312,,NO_ELIGIBILITY_V02_DIAGNOSTIC_ROW,Diagnostic only; prior mapping is not authority and no Little layer is unioned.
E00096,USGS_CROSS_STAGE_DIAGNOSTIC,951;952;953,2518218,05_qc/elig_v02/USGS_RANGE_AUDIT.csv,bdc8a43411f648ab72c4d294f846d0688e436dcc035817cbc1de593e87c28312,951,PRIOR_EXACT_NONZERO_D08B_V01_REVIEW_ONLY,Diagnostic only; prior mapping is not authority and no Little layer is unioned.
E00097,USGS_CROSS_STAGE_DIAGNOSTIC,6918,2523018,05_qc/elig_v02/USGS_RANGE_AUDIT.csv,bdc8a43411f648ab72c4d294f846d0688e436dcc035817cbc1de593e87c28312,,NO_ELIGIBILITY_V02_DIAGNOSTIC_ROW,Diagnostic only; prior mapping is not authority and no Little layer is unioned.
E00098,USGS_CROSS_STAGE_DIAGNOSTIC,887,2540278,05_qc/elig_v02/USGS_RANGE_AUDIT.csv,bdc8a43411f648ab72c4d294f846d0688e436dcc035817cbc1de593e87c28312,,NO_ELIGIBILITY_V02_DIAGNOSTIC_ROW,Diagnostic only; prior mapping is not authority and no Little layer is unioned.
E00099,USGS_CROSS_STAGE_DIAGNOSTIC,6516,2541602,05_qc/elig_v02/USGS_RANGE_AUDIT.csv,bdc8a43411f648ab72c4d294f846d0688e436dcc035817cbc1de593e87c28312,,NO_ELIGIBILITY_V02_DIAGNOSTIC_ROW,Diagnostic only; prior mapping is not authority and no Little layer is unioned.
E00100,USGS_CROSS_STAGE_DIAGNOSTIC,712,2542391,05_qc/elig_v02/USGS_RANGE_AUDIT.csv,bdc8a43411f648ab72c4d294f846d0688e436dcc035817cbc1de593e87c28312,,NO_ELIGIBILITY_V02_DIAGNOSTIC_ROW,Diagnostic only; prior mapping is not authority and no Little layer is unioned.
E00101,USGS_CROSS_STAGE_DIAGNOSTIC,940,2601502,05_qc/elig_v02/USGS_RANGE_AUDIT.csv,bdc8a43411f648ab72c4d294f846d0688e436dcc035817cbc1de593e87c28312,,NO_ELIGIBILITY_V02_DIAGNOSTIC_ROW,Diagnostic only; prior mapping is not authority and no Little layer is unioned.
E00102,USGS_CROSS_STAGE_DIAGNOSTIC,320,2616254,05_qc/elig_v02/USGS_RANGE_AUDIT.csv,bdc8a43411f648ab72c4d294f846d0688e436dcc035817cbc1de593e87c28312,,NO_ELIGIBILITY_V02_DIAGNOSTIC_ROW,Diagnostic only; prior mapping is not authority and no Little layer is unioned.
E00103,USGS_CROSS_STAGE_DIAGNOSTIC,5151,2616276,05_qc/elig_v02/USGS_RANGE_AUDIT.csv,bdc8a43411f648ab72c4d294f846d0688e436dcc035817cbc1de593e87c28312,,NO_ELIGIBILITY_V02_DIAGNOSTIC_ROW,Diagnostic only; prior mapping is not authority and no Little layer is unioned.
E00104,USGS_CROSS_STAGE_DIAGNOSTIC,5147,2616524,05_qc/elig_v02/USGS_RANGE_AUDIT.csv,bdc8a43411f648ab72c4d294f846d0688e436dcc035817cbc1de593e87c28312,,NO_ELIGIBILITY_V02_DIAGNOSTIC_ROW,Diagnostic only; prior mapping is not authority and no Little layer is unioned.
E00105,USGS_CROSS_STAGE_DIAGNOSTIC,341,2626815,05_qc/elig_v02/USGS_RANGE_AUDIT.csv,bdc8a43411f648ab72c4d294f846d0688e436dcc035817cbc1de593e87c28312,,NO_ELIGIBILITY_V02_DIAGNOSTIC_ROW,Diagnostic only; prior mapping is not authority and no Little layer is unioned.
E00106,USGS_CROSS_STAGE_DIAGNOSTIC,345,2627374,05_qc/elig_v02/USGS_RANGE_AUDIT.csv,bdc8a43411f648ab72c4d294f846d0688e436dcc035817cbc1de593e87c28312,,NO_ELIGIBILITY_V02_DIAGNOSTIC_ROW,Diagnostic only; prior mapping is not authority and no Little layer is unioned.
E00107,USGS_CROSS_STAGE_DIAGNOSTIC,363,2646755,05_qc/elig_v02/USGS_RANGE_AUDIT.csv,bdc8a43411f648ab72c4d294f846d0688e436dcc035817cbc1de593e87c28312,,NO_ELIGIBILITY_V02_DIAGNOSTIC_ROW,Diagnostic only; prior mapping is not authority and no Little layer is unioned.
E00108,USGS_CROSS_STAGE_DIAGNOSTIC,6262,2683772,05_qc/elig_v02/USGS_RANGE_AUDIT.csv,bdc8a43411f648ab72c4d294f846d0688e436dcc035817cbc1de593e87c28312,,NO_ELIGIBILITY_V02_DIAGNOSTIC_ROW,Diagnostic only; prior mapping is not authority and no Little layer is unioned.
E00109,USGS_CROSS_STAGE_DIAGNOSTIC,858,2695178,05_qc/elig_v02/USGS_RANGE_AUDIT.csv,bdc8a43411f648ab72c4d294f846d0688e436dcc035817cbc1de593e87c28312,,NO_ELIGIBILITY_V02_DIAGNOSTIC_ROW,Diagnostic only; prior mapping is not authority and no Little layer is unioned.
E00110,USGS_CROSS_STAGE_DIAGNOSTIC,401,2701748,05_qc/elig_v02/USGS_RANGE_AUDIT.csv,bdc8a43411f648ab72c4d294f846d0688e436dcc035817cbc1de593e87c28312,401,D08B1_BRIDGE_STATUS_CHANGED,Diagnostic only; prior mapping is not authority and no Little layer is unioned.
E00111,USGS_CROSS_STAGE_DIAGNOSTIC,405,2701789,05_qc/elig_v02/USGS_RANGE_AUDIT.csv,bdc8a43411f648ab72c4d294f846d0688e436dcc035817cbc1de593e87c28312,405,D08B1_BRIDGE_STATUS_CHANGED,Diagnostic only; prior mapping is not authority and no Little layer is unioned.
E00112,USGS_CROSS_STAGE_DIAGNOSTIC,406,2701803,05_qc/elig_v02/USGS_RANGE_AUDIT.csv,bdc8a43411f648ab72c4d294f846d0688e436dcc035817cbc1de593e87c28312,,NO_ELIGIBILITY_V02_DIAGNOSTIC_ROW,Diagnostic only; prior mapping is not authority and no Little layer is unioned.
E00113,USGS_CROSS_STAGE_DIAGNOSTIC,410,2701846,05_qc/elig_v02/USGS_RANGE_AUDIT.csv,bdc8a43411f648ab72c4d294f846d0688e436dcc035817cbc1de593e87c28312,410,D08B1_BRIDGE_STATUS_CHANGED,Diagnostic only; prior mapping is not authority and no Little layer is unioned.
E00114,USGS_CROSS_STAGE_DIAGNOSTIC,409,2701867,05_qc/elig_v02/USGS_RANGE_AUDIT.csv,bdc8a43411f648ab72c4d294f846d0688e436dcc035817cbc1de593e87c28312,,NO_ELIGIBILITY_V02_DIAGNOSTIC_ROW,Diagnostic only; prior mapping is not authority and no Little layer is unioned.
E00115,USGS_CROSS_STAGE_DIAGNOSTIC,997,2784980,05_qc/elig_v02/USGS_RANGE_AUDIT.csv,bdc8a43411f648ab72c4d294f846d0688e436dcc035817cbc1de593e87c28312,,NO_ELIGIBILITY_V02_DIAGNOSTIC_ROW,Diagnostic only; prior mapping is not authority and no Little layer is unioned.
E00116,USGS_CROSS_STAGE_DIAGNOSTIC,7151,2809827,05_qc/elig_v02/USGS_RANGE_AUDIT.csv,bdc8a43411f648ab72c4d294f846d0688e436dcc035817cbc1de593e87c28312,,NO_ELIGIBILITY_V02_DIAGNOSTIC_ROW,Diagnostic only; prior mapping is not authority and no Little layer is unioned.
E00117,USGS_CROSS_STAGE_DIAGNOSTIC,7181,2813006,05_qc/elig_v02/USGS_RANGE_AUDIT.csv,bdc8a43411f648ab72c4d294f846d0688e436dcc035817cbc1de593e87c28312,,NO_ELIGIBILITY_V02_DIAGNOSTIC_ROW,Diagnostic only; prior mapping is not authority and no Little layer is unioned.
E00118,USGS_CROSS_STAGE_DIAGNOSTIC,555,2830846,05_qc/elig_v02/USGS_RANGE_AUDIT.csv,bdc8a43411f648ab72c4d294f846d0688e436dcc035817cbc1de593e87c28312,555,D08B1_BRIDGE_STATUS_CHANGED,Diagnostic only; prior mapping is not authority and no Little layer is unioned.
E00119,USGS_CROSS_STAGE_DIAGNOSTIC,581;7328,2838104,05_qc/elig_v02/USGS_RANGE_AUDIT.csv,bdc8a43411f648ab72c4d294f846d0688e436dcc035817cbc1de593e87c28312,581,PRIOR_EXACT_NONZERO_D08B_V01_REVIEW_ONLY,Diagnostic only; prior mapping is not authority and no Little layer is unioned.
E00120,USGS_CROSS_STAGE_DIAGNOSTIC,582,2838115,05_qc/elig_v02/USGS_RANGE_AUDIT.csv,bdc8a43411f648ab72c4d294f846d0688e436dcc035817cbc1de593e87c28312,582,D08B1_BRIDGE_STATUS_CHANGED,Diagnostic only; prior mapping is not authority and no Little layer is unioned.
E00121,USGS_CROSS_STAGE_DIAGNOSTIC,7454,2860379,05_qc/elig_v02/USGS_RANGE_AUDIT.csv,bdc8a43411f648ab72c4d294f846d0688e436dcc035817cbc1de593e87c28312,,NO_ELIGIBILITY_V02_DIAGNOSTIC_ROW,Diagnostic only; prior mapping is not authority and no Little layer is unioned.
E00122,USGS_CROSS_STAGE_DIAGNOSTIC,764,2901279,05_qc/elig_v02/USGS_RANGE_AUDIT.csv,bdc8a43411f648ab72c4d294f846d0688e436dcc035817cbc1de593e87c28312,,NO_ELIGIBILITY_V02_DIAGNOSTIC_ROW,Diagnostic only; prior mapping is not authority and no Little layer is unioned.
E00123,USGS_CROSS_STAGE_DIAGNOSTIC,771,2917143,05_qc/elig_v02/USGS_RANGE_AUDIT.csv,bdc8a43411f648ab72c4d294f846d0688e436dcc035817cbc1de593e87c28312,,NO_ELIGIBILITY_V02_DIAGNOSTIC_ROW,Diagnostic only; prior mapping is not authority and no Little layer is unioned.
E00124,USGS_CROSS_STAGE_DIAGNOSTIC,748,2917269,05_qc/elig_v02/USGS_RANGE_AUDIT.csv,bdc8a43411f648ab72c4d294f846d0688e436dcc035817cbc1de593e87c28312,748,PRIOR_EXACT_NONZERO_D08B_V01_REVIEW_ONLY,Diagnostic only; prior mapping is not authority and no Little layer is unioned.
E00125,USGS_CROSS_STAGE_DIAGNOSTIC,747,2917437,05_qc/elig_v02/USGS_RANGE_AUDIT.csv,bdc8a43411f648ab72c4d294f846d0688e436dcc035817cbc1de593e87c28312,,NO_ELIGIBILITY_V02_DIAGNOSTIC_ROW,Diagnostic only; prior mapping is not authority and no Little layer is unioned.
E00126,USGS_CROSS_STAGE_DIAGNOSTIC,753,2917497,05_qc/elig_v02/USGS_RANGE_AUDIT.csv,bdc8a43411f648ab72c4d294f846d0688e436dcc035817cbc1de593e87c28312,,NO_ELIGIBILITY_V02_DIAGNOSTIC_ROW,Diagnostic only; prior mapping is not authority and no Little layer is unioned.
E00127,USGS_CROSS_STAGE_DIAGNOSTIC,744,2917593,05_qc/elig_v02/USGS_RANGE_AUDIT.csv,bdc8a43411f648ab72c4d294f846d0688e436dcc035817cbc1de593e87c28312,744,PRIOR_EXACT_NONZERO_TAXONOMY_BLOCKED_IN_V01,Diagnostic only; prior mapping is not authority and no Little layer is unioned.
E00128,USGS_CROSS_STAGE_DIAGNOSTIC,752,2917735,05_qc/elig_v02/USGS_RANGE_AUDIT.csv,bdc8a43411f648ab72c4d294f846d0688e436dcc035817cbc1de593e87c28312,,NO_ELIGIBILITY_V02_DIAGNOSTIC_ROW,Diagnostic only; prior mapping is not authority and no Little layer is unioned.
E00129,USGS_CROSS_STAGE_DIAGNOSTIC,927,2918804,05_qc/elig_v02/USGS_RANGE_AUDIT.csv,bdc8a43411f648ab72c4d294f846d0688e436dcc035817cbc1de593e87c28312,,NO_ELIGIBILITY_V02_DIAGNOSTIC_ROW,Diagnostic only; prior mapping is not authority and no Little layer is unioned.
E00130,USGS_CROSS_STAGE_DIAGNOSTIC,922,2919837,05_qc/elig_v02/USGS_RANGE_AUDIT.csv,bdc8a43411f648ab72c4d294f846d0688e436dcc035817cbc1de593e87c28312,922,PRIOR_EXACT_NONZERO_D08B_V01_REVIEW_ONLY,Diagnostic only; prior mapping is not authority and no Little layer is unioned.
E00131,USGS_CROSS_STAGE_DIAGNOSTIC,749,2921945,05_qc/elig_v02/USGS_RANGE_AUDIT.csv,bdc8a43411f648ab72c4d294f846d0688e436dcc035817cbc1de593e87c28312,749,PRIOR_EXACT_NONZERO_BUT_D08B_V01_UNRESOLVED,Diagnostic only; prior mapping is not authority and no Little layer is unioned.
E00132,USGS_CROSS_STAGE_DIAGNOSTIC,5203,2940246,05_qc/elig_v02/USGS_RANGE_AUDIT.csv,bdc8a43411f648ab72c4d294f846d0688e436dcc035817cbc1de593e87c28312,,NO_ELIGIBILITY_V02_DIAGNOSTIC_ROW,Diagnostic only; prior mapping is not authority and no Little layer is unioned.
E00133,USGS_CROSS_STAGE_DIAGNOSTIC,501,2945308,05_qc/elig_v02/USGS_RANGE_AUDIT.csv,bdc8a43411f648ab72c4d294f846d0688e436dcc035817cbc1de593e87c28312,,NO_ELIGIBILITY_V02_DIAGNOSTIC_ROW,Diagnostic only; prior mapping is not authority and no Little layer is unioned.
E00134,USGS_CROSS_STAGE_DIAGNOSTIC,502,2946180,05_qc/elig_v02/USGS_RANGE_AUDIT.csv,bdc8a43411f648ab72c4d294f846d0688e436dcc035817cbc1de593e87c28312,,NO_ELIGIBILITY_V02_DIAGNOSTIC_ROW,Diagnostic only; prior mapping is not authority and no Little layer is unioned.
E00135,USGS_CROSS_STAGE_DIAGNOSTIC,7651,2950597,05_qc/elig_v02/USGS_RANGE_AUDIT.csv,bdc8a43411f648ab72c4d294f846d0688e436dcc035817cbc1de593e87c28312,,NO_ELIGIBILITY_V02_DIAGNOSTIC_ROW,Diagnostic only; prior mapping is not authority and no Little layer is unioned.
E00136,USGS_CROSS_STAGE_DIAGNOSTIC,661,2950658,05_qc/elig_v02/USGS_RANGE_AUDIT.csv,bdc8a43411f648ab72c4d294f846d0688e436dcc035817cbc1de593e87c28312,,NO_ELIGIBILITY_V02_DIAGNOSTIC_ROW,Diagnostic only; prior mapping is not authority and no Little layer is unioned.
E00137,USGS_CROSS_STAGE_DIAGNOSTIC,773,2959531,05_qc/elig_v02/USGS_RANGE_AUDIT.csv,bdc8a43411f648ab72c4d294f846d0688e436dcc035817cbc1de593e87c28312,,NO_ELIGIBILITY_V02_DIAGNOSTIC_ROW,Diagnostic only; prior mapping is not authority and no Little layer is unioned.
E00138,USGS_CROSS_STAGE_DIAGNOSTIC,768,2959716,05_qc/elig_v02/USGS_RANGE_AUDIT.csv,bdc8a43411f648ab72c4d294f846d0688e436dcc035817cbc1de593e87c28312,768,PRIOR_EXACT_NONZERO_BUT_D08B_V01_UNRESOLVED,Diagnostic only; prior mapping is not authority and no Little layer is unioned.
E00139,USGS_CROSS_STAGE_DIAGNOSTIC,6696,2960451,05_qc/elig_v02/USGS_RANGE_AUDIT.csv,bdc8a43411f648ab72c4d294f846d0688e436dcc035817cbc1de593e87c28312,,NO_ELIGIBILITY_V02_DIAGNOSTIC_ROW,Diagnostic only; prior mapping is not authority and no Little layer is unioned.
E00140,USGS_CROSS_STAGE_DIAGNOSTIC,6707,2961630,05_qc/elig_v02/USGS_RANGE_AUDIT.csv,bdc8a43411f648ab72c4d294f846d0688e436dcc035817cbc1de593e87c28312,,NO_ELIGIBILITY_V02_DIAGNOSTIC_ROW,Diagnostic only; prior mapping is not authority and no Little layer is unioned.
E00141,USGS_CROSS_STAGE_DIAGNOSTIC,8421,2963049,05_qc/elig_v02/USGS_RANGE_AUDIT.csv,bdc8a43411f648ab72c4d294f846d0688e436dcc035817cbc1de593e87c28312,,NO_ELIGIBILITY_V02_DIAGNOSTIC_ROW,Diagnostic only; prior mapping is not authority and no Little layer is unioned.
E00142,USGS_CROSS_STAGE_DIAGNOSTIC,8423,2963115,05_qc/elig_v02/USGS_RANGE_AUDIT.csv,bdc8a43411f648ab72c4d294f846d0688e436dcc035817cbc1de593e87c28312,,NO_ELIGIBILITY_V02_DIAGNOSTIC_ROW,Diagnostic only; prior mapping is not authority and no Little layer is unioned.
