analysis_species_id,analysis_species_name,fold,native_state_count,native_state_codes,f0_plot_visit_count_in_native_domain,legitimate_opportunity_plot_visit_count,encounter_plot_visit_count,qualifying_tree_count,f0_live_large_tree_count_all_states,f0_native_candidate_tree_count,outside_operational_native_domain_tree_count,invalid_native_candidate_link_tree_count,opportunity_positive,encounter_positive,direction_constructible,tp_unadj_used_for_eligibility,abundance_total_computed
381792,Abies fraseri,A,3,37;47;51,6052,3840,2,38,100,91,9,0,1,1,1,NO,NO
381792,Abies fraseri,B,3,37;47;51,9116,5826,7,53,100,91,9,0,1,1,1,NO,NO
381868,Abies magnifica,A,3,6;32;41,17496,7010,263,3176,8651,8651,0,90,1,1,1,NO,NO
381868,Abies magnifica,B,3,6;32;41,26459,10591,414,5385,8651,8651,0,90,1,1,1,NO,NO
381974,Abies procera,A,3,6;41;53,16796,8564,222,1543,3777,3777,0,34,1,1,1,NO,NO
381974,Abies procera,B,3,6;41;53,25280,12933,355,2200,3777,3777,0,34,1,1,1,NO,NO
2615862,Acer leucoderme,A,11,1;5;12;13;22;28;37;40;45;47;48,32377,16583,0,0,4,4,0,0,1,0,0,NO,NO
2615862,Acer leucoderme,B,11,1;5;12;13;22;28;37;40;45;47;48,48720,25173,4,4,4,4,0,0,1,1,1,NO,NO
2624481,Aesculus californica,A,1,6,6693,2126,41,193,416,416,0,10,1,1,1,NO,NO
2624481,Aesculus californica,B,1,6,10057,3141,56,213,416,416,0,10,1,1,1,NO,NO
2624500,Aesculus flava,A,13,1;13;17;18;21;24;37;39;42;45;47;51;54,22629,12846,212,514,1138,1138,0,22,1,1,1,NO,NO
2624500,Aesculus flava,B,13,1;13;17;18;21;24;37;39;42;45;47;51;54,34107,19442,273,602,1138,1138,0,22,1,1,1,NO,NO
21527,Betula nigra,A,29,1;5;9;10;12;13;17;18;19;20;21;22;24;25;27;28;29;34;36;37;39;40;42;45;47;48;51;54;55,67975,30637,286,866,1994,1994,0,68,1,1,1,NO,NO
21527,Betula nigra,B,29,1;5;9;10;12;13;17;18;19;20;21;22;24;25;27;28;29;34;36;37;39;40;42;45;47;48;51;54;55,102318,46395,397,1060,1994,1994,0,68,1,1,1,NO,NO
2701748,Carya aquatica,A,15,1;5;12;13;17;21;22;28;29;37;40;45;47;48;51,41222,20428,175,468,1167,1167,0,15,1,1,1,NO,NO
2701748,Carya aquatica,B,15,1;5;12;13;17;21;22;28;29;37;40;45;47;48;51,62146,31020,270,684,1167,1167,0,15,1,1,1,NO,NO
2701774,Carya floridana,A,1,12,2803,1278,1,1,1,1,0,0,1,1,1,NO,NO
2701774,Carya floridana,B,1,12,4237,1925,0,0,1,1,0,0,1,0,0,NO,NO
2701846,Carya pallida,A,17,1;5;10;12;13;17;18;21;22;24;28;29;34;37;45;47;51,31332,17127,50,121,275,275,0,3,1,1,1,NO,NO
2701846,Carya pallida,B,17,1;5;10;12;13;17;18;21;22;24;28;29;34;37;45;47;51,47360,25926,68,151,275,275,0,3,1,1,1,NO,NO
2701863,Carya texana,A,9,5;17;18;20;22;28;29;40;48,29318,10352,854,2419,6312,6309,3,98,1,1,1,NO,NO
2701863,Carya texana,B,9,5;17;18;20;22;28;29;40;48,44281,15784,1337,3792,6312,6309,3,98,1,1,1,NO,NO
35021,Castanea ozarkensis,A,5,5;22;29;40;48,19800,7787,2,3,7,7,0,0,1,1,1,NO,NO
35021,Castanea ozarkensis,B,5,5;22;29;40;48,29852,11902,2,4,7,7,0,0,1,1,1,NO,NO
35028,Castanea pumila,A,22,1;5;10;12;13;18;21;22;24;25;28;29;34;36;37;40;42;45;47;48;51;54,46309,24210,2,2,5,5,0,0,1,1,1,NO,NO
35028,Castanea pumila,B,22,1;5;10;12;13;18;21;22;24;25;28;29;34;36;37;40;42;45;47;48;51;54,69807,36668,3,3,5,5,0,0,1,1,1,NO,NO
320352,Catalpa bignonioides,A,6,1;12;13;22;28;48,21636,10734,2,2,42,24,18,1,1,1,1,NO,NO
320352,Catalpa bignonioides,B,6,1;12;13;22;28;48,32515,16312,12,21,42,24,18,1,1,1,1,NO,NO
320410,Catalpa speciosa,A,31,1;5;9;13;17;18;19;20;21;22;25;26;28;29;31;33;35;36;37;38;39;40;42;45;46;47;48;49;50;51;54,74173,29575,22,46,132,126,6,5,1,1,1,NO,NO
320410,Catalpa speciosa,B,31,1;5;9;13;17;18;19;20;21;22;25;26;28;29;31;33;35;36;37;38;39;40;42;45;46;47;48;49;50;51;54,111281,44789,30,75,132,126,6,5,1,1,1,NO,NO
382830,Chamaecyparis lawsoniana,A,2,6;41,12995,6240,48,279,690,690,0,28,1,1,1,NO,NO
382830,Chamaecyparis lawsoniana,B,2,6;41,19574,9424,75,383,690,690,0,28,1,1,1,NO,NO
382860,Chamaecyparis thyoides,A,16,1;9;10;12;13;23;24;25;28;33;34;36;37;44;45;51,20889,13857,45,362,988,988,0,12,1,1,1,NO,NO
382860,Chamaecyparis thyoides,B,16,1;9;10;12;13;23;24;25;28;33;34;36;37;44;45;51,31557,20934,59,614,988,988,0,12,1,1,1,NO,NO
39927,Chrysolepis chrysophylla,A,3,6;41;53,16796,8564,192,728,1831,1831,0,25,1,1,1,NO,NO
39927,Chrysolepis chrysophylla,B,3,6;41;53,25280,12933,273,1078,1831,1831,0,25,1,1,1,NO,NO
2724586,Cladrastis kentukea,A,13,1;5;13;17;18;21;22;28;29;37;40;45;47,28407,14935,6,11,22,15,7,0,1,1,1,NO,NO
2724586,Cladrastis kentukea,B,13,1;5;13;17;18;21;22;28;29;37;40;45;47,42852,22628,4,4,22,15,7,0,1,1,1,NO,NO
2740014,Cotinus obovatus,A,7,1;5;13;29;40;47;48,24382,11453,1,2,6,6,0,0,1,1,1,NO,NO
2740014,Cotinus obovatus,B,7,1;5;13;29;40;47;48,36708,17503,4,4,6,6,0,0,1,1,1,NO,NO
385000,Diospyros virginiana,A,26,1;5;9;10;12;13;17;18;19;20;21;22;24;28;29;34;36;37;39;40;42;45;47;48;51;54,56000,25524,571,881,2316,2316,0,107,1,1,1,NO,NO
385000,Diospyros virginiana,B,26,1;5;9;10;12;13;17;18;19;20;21;22;24;28;29;34;36;37;39;40;42;45;47;48;51;54,84472,38709,866,1328,2316,2316,0,107,1,1,1,NO,NO
370051,Fraxinus profunda,A,21,1;5;10;12;13;17;18;21;22;24;26;28;29;34;36;37;39;42;45;47;51,39184,21679,27,189,430,430,0,1,1,1,1,NO,NO
370051,Fraxinus profunda,B,21,1;5;10;12;13;17;18;21;22;24;26;28;29;34;36;37;39;42;45;47;51,59015,32712,42,240,430,430,0,1,1,1,1,NO,NO
2830846,Gordonia lasianthus,A,6,1;12;13;28;37;45,13610,8857,128,875,2314,2314,0,31,1,1,1,NO,NO
2830846,Gordonia lasianthus,B,6,1;12;13;28;37;45,20482,13430,207,1408,2314,2314,0,31,1,1,1,NO,NO
2838104,Halesia carolina,A,15,1;5;12;13;17;18;21;22;28;37;40;45;47;51;54,31186,17113,59,115,299,299,0,1,1,1,1,NO,NO
2838104,Halesia carolina,B,15,1;5;12;13;17;18;21;22;28;37;40;45;47;51;54,47017,25894,80,183,299,299,0,1,1,1,1,NO,NO
2838115,Halesia diptera,A,8,1;5;12;13;22;28;45;48,25337,13172,3,6,16,16,0,0,1,1,1,NO,NO
2838115,Halesia diptera,B,8,1;5;12;13;22;28;45;48,38124,20017,6,10,16,16,0,0,1,1,1,NO,NO
457903,Hesperocyparis bakeri,A,2,6;41,12995,6240,0,0,12,12,0,0,1,0,0,NO,NO
457903,Hesperocyparis bakeri,B,2,6;41,19574,9424,2,12,12,12,0,0,1,1,1,NO,NO
457913,Hesperocyparis macrocarpa,A,1,6,6693,2126,0,0,2,2,0,0,1,0,0,NO,NO
457913,Hesperocyparis macrocarpa,B,1,6,10057,3141,1,2,2,2,0,0,1,1,1,NO,NO
457918,Hesperocyparis sargentii,A,1,6,6693,2126,1,2,53,53,0,0,1,1,1,NO,NO
457918,Hesperocyparis sargentii,B,1,6,10057,3141,4,51,53,53,0,0,1,1,1,NO,NO
2861190,Ilex opaca,A,26,1;5;9;10;12;13;17;18;21;22;24;25;28;29;34;36;37;39;40;42;44;45;47;48;51;54,50560,25347,763,1745,4603,4603,0,79,1,1,1,NO,NO
2861190,Ilex opaca,B,26,1;5;9;10;12;13;17;18;21;22;24;25;28;29;34;36;37;39;40;42;44;45;47;48;51;54,76280,38387,1130,2779,4603,4603,0,79,1,1,1,NO,NO
2331825,Juglans californica,A,1,6,6693,2126,1,6,12,12,0,0,1,1,1,NO,NO
2331825,Juglans californica,B,1,6,10057,3141,1,6,12,12,0,0,1,1,1,NO,NO
2329229,Juglans hindsii,A,1,6,6693,2126,1,1,4,1,3,0,1,1,1,NO,NO
2329229,Juglans hindsii,B,1,6,10057,3141,0,0,4,1,3,0,1,0,0,NO,NO
377592,Juniperus occidentalis,A,5,6;16;32;41;53,24849,10870,586,3171,8148,8148,0,345,1,1,1,NO,NO
377592,Juniperus occidentalis,B,5,6;16;32;41;53,37374,16318,777,4632,8148,8148,0,345,1,1,1,NO,NO
377597,Juniperus osteosperma,A,9,4;6;8;16;30;32;35;49;56,42649,12456,2078,20910,50406,50406,0,144,1,1,1,NO,NO
377597,Juniperus osteosperma,B,9,4;6;8;16;30;32;35;49;56,63478,18674,3063,29352,50406,50406,0,144,1,1,1,NO,NO
2501306,Maclura pomifera,A,3,5;40;48,14754,5563,123,340,4230,880,3350,29,1,1,1,NO,NO
2501306,Maclura pomifera,B,3,5;40;48,22228,8494,173,511,4230,880,3350,29,1,1,1,NO,NO
117583,Magnolia fraseri,A,12,1;12;13;21;22;28;37;45;47;48;51;54,31762,17354,158,329,968,968,0,12,1,1,1,NO,NO
117583,Magnolia fraseri,B,12,1;12;13;21;22;28;37;45;47;48;51;54,47769,26309,256,627,968,968,0,12,1,1,1,NO,NO
117615,Magnolia grandiflora,A,8,1;12;13;22;28;37;45;48,25349,13179,250,616,1533,1531,2,21,1,1,1,NO,NO
117615,Magnolia grandiflora,B,8,1;12;13;22;28;37;45;48,38141,20032,400,894,1533,1531,2,21,1,1,1,NO,NO
117698,Magnolia macrophylla,A,11,1;5;13;21;22;28;37;39;45;47;51,22325,13948,49,86,235,235,0,3,1,1,1,NO,NO
117698,Magnolia macrophylla,B,11,1;5;13;21;22;28;37;39;45;47;51,33539,21090,77,146,235,235,0,3,1,1,1,NO,NO
117869,Magnolia tripetala,A,17,1;5;12;13;18;21;24;28;36;37;39;40;42;45;47;51;54,32262,18722,17,27,57,55,2,0,1,1,1,NO,NO
117869,Magnolia tripetala,B,17,1;5;12;13;18;21;24;28;36;37;39;40;42;45;47;51;54,48555,28274,17,28,57,55,2,0,1,1,1,NO,NO
2950397,Malus angustifolia,A,19,1;5;10;12;13;17;21;22;24;28;29;34;37;39;42;45;47;51;54,34186,19261,4,4,7,7,0,0,1,1,1,NO,NO
2950397,Malus angustifolia,B,19,1;5;10;12;13;17;21;22;24;28;29;34;37;39;42;45;47;51;54,51580,29109,3,3,7,7,0,0,1,1,1,NO,NO
458543,Notholithocarpus densiflorus,A,2,6;41,12995,6240,340,5176,11829,11829,0,87,1,1,1,NO,NO
458543,Notholithocarpus densiflorus,B,2,6;41,19574,9424,477,6566,11829,11829,0,87,1,1,1,NO,NO
136188,Nyssa aquatica,A,14,1;5;12;13;17;21;22;28;29;37;45;47;48;51,38311,19557,200,2047,5087,5087,0,60,1,1,1,NO,NO
136188,Nyssa aquatica,B,14,1;5;12;13;17;21;22;28;29;37;45;47;48;51,57759,29695,277,2980,5087,5087,0,60,1,1,1,NO,NO
136191,Nyssa biflora,A,17,1;5;10;12;13;17;21;22;24;28;29;34;37;45;47;48;51,39421,20042,873,6147,15605,15605,0,153,1,1,1,NO,NO
136191,Nyssa biflora,B,17,1;5;10;12;13;17;21;22;24;28;29;34;37;45;47;48;51,59510,30398,1257,9305,15605,15605,0,153,1,1,1,NO,NO
136212,Nyssa ogeche,A,4,1;12;13;45,9126,5879,21,85,262,262,0,0,1,1,1,NO,NO
136212,Nyssa ogeche,B,4,1;12;13;45,13740,8964,26,177,262,262,0,0,1,1,1,NO,NO
2387656,Oxydendrum arboreum,A,17,1;12;13;18;21;22;24;28;34;36;37;39;42;45;47;51;54,29822,17746,1738,5177,13104,13104,0,122,1,1,1,NO,NO
2387656,Oxydendrum arboreum,B,17,1;12;13;18;21;22;24;28;34;36;37;39;42;45;47;51;54,44920,26775,2636,7805,13104,13104,0,122,1,1,1,NO,NO
2529931,Persea borbonia,A,9,1;5;12;13;22;28;37;45;48,27610,14579,65,136,589,579,10,10,1,1,1,NO,NO
2529931,Persea borbonia,B,9,1;5;12;13;22;28;37;45;48,41553,22148,142,433,589,579,10,10,1,1,1,NO,NO
380618,Picea breweriana,A,2,6;41,12995,6240,2,2,30,30,0,0,1,1,1,NO,NO
380618,Picea breweriana,B,2,6;41,19574,9424,5,28,30,30,0,0,1,1,1,NO,NO
380719,Picea pungens,A,7,4;8;16;30;35;49;56,31455,9560,84,548,1490,1294,196,11,1,1,1,NO,NO
380719,Picea pungens,B,7,4;8;16;30;35;49;56,46536,14366,117,735,1490,1294,196,11,1,1,1,NO,NO
380723,Pinus aristata,A,3,4;8;35,14028,4316,59,367,758,758,0,0,1,1,1,NO,NO
380723,Pinus aristata,B,3,4;8;35,20783,6545,69,391,758,758,0,0,1,1,1,NO,NO
380514,Pinus balfouriana,A,1,6,6693,2126,8,136,366,366,0,0,1,1,1,NO,NO
380514,Pinus balfouriana,B,1,6,10057,3141,15,230,366,366,0,0,1,1,1,NO,NO
379871,Pinus clausa,A,2,1;12,5048,2951,76,1183,2628,2582,46,32,1,1,1,NO,NO
379871,Pinus clausa,B,2,1;12,7595,4485,97,1367,2628,2582,46,32,1,1,1,NO,NO
379818,Pinus echinata,A,23,1;5;9;10;12;13;17;21;22;24;28;29;34;36;37;39;40;42;45;47;48;51;54,48654,24704,1678,8067,21366,21298,68,427,1,1,1,NO,NO
379818,Pinus echinata,B,23,1;5;9;10;12;13;17;21;22;24;28;29;34;36;37;39;40;42;45;47;48;51;54,73387,37414,2589,12804,21366,21298,68,427,1,1,1,NO,NO
379820,Pinus edulis,A,8,4;6;8;35;40;48;49;56,40934,12560,1855,13932,34802,34801,1,104,1,1,1,NO,NO
379820,Pinus edulis,B,8,4;6;8;35;40;48;49;56,61072,19061,2837,20765,34802,34801,1,104,1,1,1,NO,NO
379943,Pinus elliottii,A,6,1;12;13;22;28;45,13494,8480,1092,13378,35216,34755,461,681,1,1,1,NO,NO
379943,Pinus elliottii,B,6,1;12;13;22;28;45,20283,12848,1665,20696,35216,34755,461,681,1,1,1,NO,NO
379966,Pinus glabra,A,6,1;12;13;22;28;45,13494,8480,113,328,744,744,0,7,1,1,1,NO,NO
379966,Pinus glabra,B,6,1;12;13;22;28;45,20283,12848,183,409,744,744,0,7,1,1,1,NO,NO
379762,Pinus longaeva,A,3,6;32;49,14767,4091,18,79,256,256,0,0,1,1,1,NO,NO
379762,Pinus longaeva,B,3,6;32;49,22224,6176,18,177,256,256,0,0,1,1,1,NO,NO
380231,Pinus monophylla,A,5,4;6;16;32;49,23116,6924,752,8214,20515,20515,0,102,1,1,1,NO,NO
380231,Pinus monophylla,B,5,4;6;16;32;49,34532,10320,1103,12199,20515,20515,0,102,1,1,1,NO,NO
380268,Pinus palustris,A,9,1;12;13;22;28;37;45;48;51,27272,14479,709,5918,15350,15350,0,189,1,1,1,NO,NO
380268,Pinus palustris,B,9,1;12;13;22;28;37;45;48;51,41048,22027,1036,9243,15350,15350,0,189,1,1,1,NO,NO
380272,Pinus pungens,A,8,13;24;37;42;45;47;51;54,13229,8887,72,247,787,786,1,4,1,1,1,NO,NO
380272,Pinus pungens,B,8,13;24;37;42;45;47;51;54,19906,13460,132,535,787,786,1,4,1,1,1,NO,NO
380011,Pinus sabiniana,A,1,6,6693,2126,106,276,699,699,0,35,1,1,1,NO,NO
380011,Pinus sabiniana,B,1,6,10057,3141,149,388,699,699,0,35,1,1,1,NO,NO
379991,Pinus serotina,A,9,1;10;12;13;24;34;37;45;51,14432,9071,150,864,2128,2128,0,39,1,1,1,NO,NO
379991,Pinus serotina,B,9,1;10;12;13;24;34;37;45;51,21827,13793,207,1225,2128,2128,0,39,1,1,1,NO,NO
380129,Pinus taeda,A,15,1;5;10;12;13;21;22;24;28;37;40;45;47;48;51,36527,19051,6399,104893,270600,270034,566,5252,1,1,1,NO,NO
380129,Pinus taeda,B,15,1;5;10;12;13;21;22;24;28;37;40;45;47;48;51,54970,28855,9743,159889,270600,270034,566,5252,1,1,1,NO,NO
380091,Pinus virginiana,A,16,1;10;13;18;21;24;28;34;36;37;39;42;45;47;51;54,25016,15492,1031,5250,13962,13935,27,431,1,1,1,NO,NO
380091,Pinus virginiana,B,16,1;10;13;18;21;24;28;34;36;37;39;42;45;47;51;54,37685,23372,1585,8254,13962,13935,27,431,1,1,1,NO,NO
2551587,Planera aquatica,A,14,1;5;12;13;17;21;22;28;29;37;40;45;47;48,39299,19128,81,436,1161,1161,0,14,1,1,1,NO,NO
2551587,Planera aquatica,B,14,1;5;12;13;17;21;22;28;29;37;40;45;47;48,59239,29025,130,711,1161,1161,0,14,1,1,1,NO,NO
2959079,Prunus caroliniana,A,9,1;5;12;13;22;28;37;45;48,27610,14579,2,4,6,6,0,0,1,1,1,NO,NO
2959079,Prunus caroliniana,B,9,1;5;12;13;22;28;37;45;48,41553,22148,1,2,6,6,0,0,1,1,1,NO,NO
378313,Pseudotsuga macrocarpa,A,1,6,6693,2126,2,6,24,24,0,1,1,1,1,NO,NO
378313,Pseudotsuga macrocarpa,B,1,6,10057,3141,4,17,24,24,0,1,1,1,1,NO,NO
171657,Quercus arkansana,A,6,1;5;12;13;22;48,21686,10563,0,0,1,1,0,0,1,0,0,NO,NO
171657,Quercus arkansana,B,6,1;5;12;13;22;48,32614,16093,1,1,1,1,0,0,1,1,1,NO,NO
171890,Quercus buckleyi,A,2,40;48,12493,4163,45,150,463,463,0,16,1,1,1,NO,NO
171890,Quercus buckleyi,B,2,40;48,18816,6378,94,297,463,463,0,16,1,1,1,NO,NO
172244,Quercus coccinea,A,27,1;5;9;10;13;17;18;21;23;24;25;26;28;29;33;34;36;37;39;42;44;45;47;50;51;54;55,42727,25044,1667,4558,11343,11343,0,174,1,1,1,NO,NO
172244,Quercus coccinea,B,27,1;5;9;10;13;17;18;21;23;24;25;26;28;29;33;34;36;37;39;42;44;45;47;50;51;54;55,64265,37786,2456,6611,11343,11343,0,174,1,1,1,NO,NO
172538,Quercus douglasii,A,1,6,6693,2126,177,1229,3283,3283,0,124,1,1,1,NO,NO
172538,Quercus douglasii,B,1,6,10057,3141,264,1930,3283,3283,0,124,1,1,1,NO,NO
172729,Quercus falcata,A,23,1;5;10;12;13;17;18;21;22;24;28;29;34;36;37;39;40;42;45;47;48;51;54,49960,24960,1891,4008,10631,10631,0,294,1,1,1,NO,NO
172729,Quercus falcata,B,23,1;5;10;12;13;17;18;21;22;24;28;29;34;36;37;39;40;42;45;47;48;51;54,75373,37815,2965,6329,10631,10631,0,294,1,1,1,NO,NO
172866,Quercus geminata,A,7,1;12;13;22;28;37;45,15767,9887,25,124,216,216,0,0,1,1,1,NO,NO
172866,Quercus geminata,B,7,1;12;13;22;28;37;45,23712,14979,17,92,216,216,0,0,1,1,1,NO,NO
172875,Quercus georgiana,A,3,1;13;37,7156,4970,2,2,4,4,0,0,1,1,1,NO,NO
172875,Quercus georgiana,B,3,1;13;37,10735,7581,1,2,4,4,0,0,1,1,1,NO,NO
172964,Quercus graciliformis,A,1,48,9582,3292,1,4,9,9,0,0,1,1,1,NO,NO
172964,Quercus graciliformis,B,1,48,14429,5053,1,5,9,9,0,0,1,1,1,NO,NO
173053,Quercus hemisphaerica,A,10,1;5;12;13;22;28;37;45;48;51,29533,15879,47,183,633,633,0,7,1,1,1,NO,NO
173053,Quercus hemisphaerica,B,10,1;5;12;13;22;28;37;45;48;51,44460,24143,93,443,633,633,0,7,1,1,1,NO,NO
173302,Quercus imbricaria,A,21,1;5;10;17;18;19;20;21;22;24;26;29;34;36;37;39;42;47;48;51;54,46469,20431,229,486,1313,1313,0,53,1,1,1,NO,NO
173302,Quercus imbricaria,B,21,1;5;10;17;18;19;20;21;22;24;26;29;34;36;37;39;42;47;48;51;54,69970,30945,324,774,1313,1313,0,53,1,1,1,NO,NO
173316,Quercus incana,A,11,1;5;12;13;22;28;37;40;45;48;51,32444,16750,19,27,89,89,0,4,1,1,1,NO,NO
173316,Quercus incana,B,11,1;5;12;13;22;28;37;40;45;48;51,48847,25468,34,58,89,89,0,4,1,1,1,NO,NO
173479,Quercus laevis,A,8,1;12;13;22;28;37;45;51,17690,11187,77,206,637,637,0,24,1,1,1,NO,NO
173479,Quercus laevis,B,8,1;12;13;22;28;37;45;51,26619,16974,135,407,637,637,0,24,1,1,1,NO,NO
173587,Quercus laurifolia,A,10,1;5;12;13;22;28;37;45;48;51,29533,15879,996,3499,8993,8993,0,255,1,1,1,NO,NO
173587,Quercus laurifolia,B,10,1;5;12;13;22;28;37;45;48;51,44460,24143,1467,5239,8993,8993,0,255,1,1,1,NO,NO
173674,Quercus lobata,A,1,6,6693,2126,25,119,288,288,0,29,1,1,1,NO,NO
173674,Quercus lobata,B,1,6,10057,3141,51,140,288,288,0,29,1,1,1,NO,NO
173795,Quercus lyrata,A,19,1;5;10;12;13;17;18;21;22;24;28;29;34;37;40;45;47;48;51,43825,21290,286,776,1945,1945,0,26,1,1,1,NO,NO
173795,Quercus lyrata,B,19,1;5;10;12;13;17;18;21;22;24;28;29;34;37;40;45;47;48;51,66176,32304,416,1143,1945,1945,0,26,1,1,1,NO,NO
173863,Quercus margaretta,A,13,1;5;12;13;22;28;29;37;40;45;47;48;51,37189,19077,38,191,440,440,0,5,1,1,1,NO,NO
173863,Quercus margaretta,B,13,1;5;12;13;22;28;29;37;40;45;47;48;51,56021,29027,70,244,440,440,0,5,1,1,1,NO,NO
173871,Quercus marilandica,A,26,1;5;10;12;13;17;18;19;20;21;22;24;28;29;31;34;36;37;39;40;42;45;47;48;51;54,59118,25541,480,1387,3790,3790,0,69,1,1,1,NO,NO
173871,Quercus marilandica,B,26,1;5;10;12;13;17;18;19;20;21;22;24;28;29;31;34;36;37;39;40;42;45;47;48;51;54,89137,38717,796,2334,3790,3790,0,69,1,1,1,NO,NO
173929,Quercus michauxii,A,19,1;5;10;12;13;17;18;21;22;24;28;29;34;37;42;45;47;48;51,42690,21578,2030,9949,29776,25098,4678,220,1,1,1,NO,NO
173929,Quercus michauxii,B,19,1;5;10;12;13;17;18;21;22;24;28;29;34;37;42;45;47;48;51,64434,32690,2940,14929,29776,25098,4678,220,1,1,1,NO,NO
173948,Quercus minima,A,6,1;12;13;28;37;45,13610,8857,27,90,347,347,0,19,1,1,1,NO,NO
173948,Quercus minima,B,6,1;12;13;28;37;45,20482,13430,48,238,347,347,0,19,1,1,1,NO,NO
174037,Quercus myrtifolia,A,5,1;12;13;28;45,11337,7450,10,20,40,40,0,0,1,1,1,NO,NO
174037,Quercus myrtifolia,B,5,1;12;13;28;45,17053,11299,7,20,40,40,0,0,1,1,1,NO,NO
174075,Quercus nigra,A,17,1;5;10;12;13;21;22;24;28;29;34;37;40;45;47;48;51,39991,20510,3366,10554,27066,27066,0,935,1,1,1,NO,NO
174075,Quercus nigra,B,17,1;5;10;12;13;21;22;24;28;29;34;37;40;45;47;48;51,60298,31107,5005,15577,27066,27066,0,935,1,1,1,NO,NO
174176,Quercus oglethorpensis,A,5,1;13;22;28;45,10691,7202,0,0,0,0,0,0,1,0,0,NO,NO
174176,Quercus oglethorpensis,B,5,1;13;22;28;45,16046,10923,0,0,0,0,0,0,1,0,0,NO,NO
174226,Quercus pagoda,A,17,1;5;12;13;17;18;21;22;24;28;29;37;40;45;47;48;51,43096,20971,806,1642,4024,4024,0,146,1,1,1,NO,NO
174226,Quercus pagoda,B,17,1;5;12;13;17;18;21;22;24;28;29;37;40;45;47;48;51,65010,31840,1135,2236,4024,4024,0,146,1,1,1,NO,NO
174411,Quercus phellos,A,20,1;5;10;12;13;17;21;22;24;28;29;34;36;37;40;42;45;47;48;51,45896,23231,765,1914,5235,5235,0,161,1,1,1,NO,NO
174411,Quercus phellos,B,20,1;5;10;12;13;17;21;22;24;28;29;34;36;37;40;42;45;47;48;51,69240,35181,1165,3160,5235,5235,0,161,1,1,1,NO,NO
175172,Quercus similis,A,9,1;5;12;13;22;28;45;47;48,27193,14305,3,5,20,20,0,0,1,1,1,NO,NO
175172,Quercus similis,B,9,1;5;12;13;22;28;45;47;48,40904,21717,8,15,20,20,0,0,1,1,1,NO,NO
175243,Quercus stellata,A,28,1;5;9;10;12;13;17;18;19;20;21;22;24;25;28;29;34;36;37;39;40;42;44;45;47;48;51;54,56413,25790,2697,12055,30342,30342,0,612,1,1,1,NO,NO
175243,Quercus stellata,B,28,1;5;9;10;12;13;17;18;19;20;21;22;24;25;28;29;34;36;37;39;40;42;44;45;47;48;51;54,85086,39101,4122,17675,30342,30342,0,612,1,1,1,NO,NO
175464,Quercus texana,A,9,1;5;17;21;22;28;29;47;48,27234,12644,155,719,1832,1827,5,19,1,1,1,NO,NO
175464,Quercus texana,B,9,1;5;17;21;22;28;29;47;48,41041,19165,255,1089,1832,1827,5,19,1,1,1,NO,NO
175726,Quercus virginiana,A,9,1;12;13;22;28;37;45;48;51,27272,14479,734,3792,10376,10376,0,248,1,1,1,NO,NO
175726,Quercus virginiana,B,9,1;12;13;22;28;37;45;48;51,41048,22027,1171,6336,10376,10376,0,248,1,1,1,NO,NO
2428246,Robinia pseudoacacia,A,10,1;13;21;24;37;42;45;47;51;54,17166,11508,520,1153,5361,2906,2455,149,1,1,1,NO,NO
2428246,Robinia pseudoacacia,B,10,1;13;21;24;37;42;45;47;51;54,25790,17397,779,1604,5361,2906,2455,149,1,1,1,NO,NO
378988,Sequoia sempervirens,A,2,6;41,12995,6240,122,2581,6534,6534,0,125,1,1,1,NO,NO
378988,Sequoia sempervirens,B,2,6;41,19574,9424,171,3828,6534,6534,0,125,1,1,1,NO,NO
381300,Sequoiadendron giganteum,A,1,6,6693,2126,3,20,48,35,13,0,1,1,1,NO,NO
381300,Sequoiadendron giganteum,B,1,6,10057,3141,3,15,48,35,13,0,1,1,1,NO,NO
2598500,Styphnolobium affine,A,4,5;22;40;48,16911,6593,3,3,7,7,0,0,1,1,1,NO,NO
2598500,Styphnolobium affine,B,4,5;22;40;48,25458,10043,4,4,7,7,0,0,1,1,1,NO,NO
378636,Torreya californica,A,1,6,6693,2126,7,19,38,38,0,0,1,1,1,NO,NO
378636,Torreya californica,B,1,6,10057,3141,12,19,38,38,0,0,1,1,1,NO,NO
379383,Tsuga caroliniana,A,5,13;37;45;47;51,10130,6768,2,5,15,15,0,0,1,1,1,NO,NO
379383,Tsuga caroliniana,B,5,13;37;45;47;51,15261,10305,6,10,15,15,0,0,1,1,1,NO,NO
2450008,Ulmus alata,A,18,1;5;12;13;17;18;20;21;22;28;29;37;39;40;45;47;48;51,47817,21577,2320,4910,12885,12885,0,404,1,1,1,NO,NO
2450008,Ulmus alata,B,18,1;5;12;13;17;18;20;21;22;28;29;37;39;40;45;47;48;51,72102,32799,3467,7571,12885,12885,0,404,1,1,1,NO,NO
2458798,Vaccinium arboreum,A,17,1;5;12;13;17;18;20;21;22;28;29;37;40;45;47;48;51,46188,21019,0,0,2,2,0,0,1,0,0,NO,NO
2458798,Vaccinium arboreum,B,17,1;5;12;13;17;18;20;21;22;28;29;37;40;45;47;48;51,69663,31951,2,2,2,2,0,0,1,1,1,NO,NO
