TASK_ID,input_authority_commit_version,exact_source_path_or_release_identity,sha256,bytes,status,scientific_output_changed,publication_candidate,Methods_role,Data_role,Code_role,QC_role
D10A_REAL_LAYOUT_NONORACLE_OBSERVATION_CALIBRATION_v01,AUTH_CONTRACT,C:\range_paper\00_control\Q1_D10A_REAL_LAYOUT_NONORACLE_OBSERVATION_CALIBRATION_CONTRACT_v01.md,5cdc705be768ab00d9cb1d01df7271ee45fe96b10349b329d9954a6781bada4e,10856,PASS,NO_INPUT_ONLY,NO,FROZEN_INPUT_AUTHORITY,SOURCE_AUTHORITY,NONE,IDENTITY_VERIFICATION
D10A_REAL_LAYOUT_NONORACLE_OBSERVATION_CALIBRATION_v01,AUTH_EXECUTION_FREEZE,C:\range_paper\00_control\D10A_REAL_LAYOUT_NONORACLE_CALIBRATION_EXECUTION_FREEZE_v01.md,6bdacd117430a233850b6bf4e4864b9f64f48ee8c8d866bf58d5e5599edd5cd4,5069,PASS,NO_INPUT_ONLY,NO,FROZEN_INPUT_AUTHORITY,SOURCE_AUTHORITY,NONE,IDENTITY_VERIFICATION
D10A_REAL_LAYOUT_NONORACLE_OBSERVATION_CALIBRATION_v01,AUTH_D09C_ZIP,C:\range_paper\10_archive\d09c_t2_final_correction_v02\Q1_D09C_T2_FINAL_CORRECTION_REPRODUCIBLE_v02.zip,07cb461121c71ef46990fea3e0cf9d8f139fd873234b9f57910ff10c7c33752f,22496593,PASS,NO_INPUT_ONLY,NO,FROZEN_INPUT_AUTHORITY,SOURCE_AUTHORITY,NONE,IDENTITY_VERIFICATION
D10A_REAL_LAYOUT_NONORACLE_OBSERVATION_CALIBRATION_v01,AUTH_D04_GRID,C:\range_paper\10_archive\d08c1_v01\package\inputs\d04_eligibility_continuity\elig_v02_parameters.json,d3071f6a3fb31b432d7aab0bfaf1365fd4c003876ddbfab743ca04378b72ebfe,2231,PASS,NO_INPUT_ONLY,NO,FROZEN_INPUT_AUTHORITY,SOURCE_AUTHORITY,NONE,IDENTITY_VERIFICATION
D10A_REAL_LAYOUT_NONORACLE_OBSERVATION_CALIBRATION_v01,AUTH_NATIONAL_ZIP_FROZEN_CHAIN,C:\range_paper\02_raw\FIA\SQLite_FIADB_ENTIRE.zip,ec2e4caf2a92e6079c20483f4a5f08d5ec2e7c31f498045237896a6df7e1565e,15351832599,PASS_PREVIOUSLY_INDEPENDENTLY_VERIFIED,NO_INPUT_ONLY,NO,FROZEN_INPUT_AUTHORITY,SOURCE_AUTHORITY,NONE,IDENTITY_VERIFICATION
D10A_REAL_LAYOUT_NONORACLE_OBSERVATION_CALIBRATION_v01,CALIBRATION_COMPLETE_READY_FOR_MAINLINE_MODEL_FREEZE,C:\range_paper\04_derived\d10a_real_layout_nonoracle_v01\Q1_D10A_CALIBRATION_BIN_RESULTS_v01.csv,b357fc86252898dccf4e2e1d78e67acba2f721cb4dee1920d8b21063c6c53ffb,21199,PROPOSED_FOR_MAINLINE_MODEL_FREEZE_REVIEW,YES_NEW_SYNTHETIC_CALIBRATION_OUTPUT,NO,D10A_SYNTHETIC_METHOD_CALIBRATION,SPECIES_BLIND_LAYOUT_OR_SYNTHETIC_ONLY,NONE,TRACEABILITY
D10A_REAL_LAYOUT_NONORACLE_OBSERVATION_CALIBRATION_v01,CALIBRATION_COMPLETE_READY_FOR_MAINLINE_MODEL_FREEZE,C:\range_paper\04_derived\d10a_real_layout_nonoracle_v01\Q1_D10A_LEAKAGE_AUDIT_RESULTS_v01.csv,791705eb1f03f6425ad9480cca49f7fc0d3b3ea10dbccf106e99090e23b8e578,40975,PROPOSED_FOR_MAINLINE_MODEL_FREEZE_REVIEW,YES_NEW_SYNTHETIC_CALIBRATION_OUTPUT,NO,D10A_SYNTHETIC_METHOD_CALIBRATION,SPECIES_BLIND_LAYOUT_OR_SYNTHETIC_ONLY,NONE,TRACEABILITY
D10A_REAL_LAYOUT_NONORACLE_OBSERVATION_CALIBRATION_v01,CALIBRATION_COMPLETE_READY_FOR_MAINLINE_MODEL_FREEZE,C:\range_paper\04_derived\d10a_real_layout_nonoracle_v01\Q1_D10A_MODEL_COMPARISON_v01.csv,a69bbbe7ff5255eae6a80e8a6122183c8bb16eae449e12dd3539480a1a28305e,10170,PROPOSED_FOR_MAINLINE_MODEL_FREEZE_REVIEW,YES_NEW_SYNTHETIC_CALIBRATION_OUTPUT,NO,D10A_SYNTHETIC_METHOD_CALIBRATION,SPECIES_BLIND_LAYOUT_OR_SYNTHETIC_ONLY,NONE,TRACEABILITY
D10A_REAL_LAYOUT_NONORACLE_OBSERVATION_CALIBRATION_v01,CALIBRATION_COMPLETE_READY_FOR_MAINLINE_MODEL_FREEZE,C:\range_paper\04_derived\d10a_real_layout_nonoracle_v01\Q1_D10A_MODEL_SPECIFICATIONS_v01.md,cf8f31137da98dc6b8502cfb88e545f279e939854c2b69b4294b287235c88057,3049,PROPOSED_FOR_MAINLINE_MODEL_FREEZE_REVIEW,YES_NEW_SYNTHETIC_CALIBRATION_OUTPUT,NO,D10A_SYNTHETIC_METHOD_CALIBRATION,SPECIES_BLIND_LAYOUT_OR_SYNTHETIC_ONLY,NONE,TRACEABILITY
D10A_REAL_LAYOUT_NONORACLE_OBSERVATION_CALIBRATION_v01,CALIBRATION_COMPLETE_READY_FOR_MAINLINE_MODEL_FREEZE,C:\range_paper\04_derived\d10a_real_layout_nonoracle_v01\Q1_D10A_POSTERIOR_OCCUPANCY_SUMMARY_v01.csv.gz,e592f6736cde5f3f9fd594af4de811be7bf8e14251a44dee39027891eba2808d,88897397,PROPOSED_FOR_MAINLINE_MODEL_FREEZE_REVIEW,YES_NEW_SYNTHETIC_CALIBRATION_OUTPUT,NO,D10A_SYNTHETIC_METHOD_CALIBRATION,SPECIES_BLIND_LAYOUT_OR_SYNTHETIC_ONLY,NONE,TRACEABILITY
D10A_REAL_LAYOUT_NONORACLE_OBSERVATION_CALIBRATION_v01,CALIBRATION_COMPLETE_READY_FOR_MAINLINE_MODEL_FREEZE,C:\range_paper\04_derived\d10a_real_layout_nonoracle_v01\Q1_D10A_REAL_F0_OPPORTUNITY_LAYOUT_v01.csv,342fd0e210ce0c46e325ba23d98a363887ce50a06dfc2ba233f38be6bdbec987,55317712,PROPOSED_FOR_MAINLINE_MODEL_FREEZE_REVIEW,YES_NEW_SYNTHETIC_CALIBRATION_OUTPUT,NO,D10A_SYNTHETIC_METHOD_CALIBRATION,SPECIES_BLIND_LAYOUT_OR_SYNTHETIC_ONLY,NONE,TRACEABILITY
D10A_REAL_LAYOUT_NONORACLE_OBSERVATION_CALIBRATION_v01,CALIBRATION_COMPLETE_READY_FOR_MAINLINE_MODEL_FREEZE,C:\range_paper\04_derived\d10a_real_layout_nonoracle_v01\Q1_D10A_RESULT_NOTE_v01.md,01e564a4deb6208f77d336f75201d58ef02b1f0b05e332945ad0a28c93ad9c45,3908,PROPOSED_FOR_MAINLINE_MODEL_FREEZE_REVIEW,YES_NEW_SYNTHETIC_CALIBRATION_OUTPUT,NO,D10A_SYNTHETIC_METHOD_CALIBRATION,SPECIES_BLIND_LAYOUT_OR_SYNTHETIC_ONLY,NONE,TRACEABILITY
D10A_REAL_LAYOUT_NONORACLE_OBSERVATION_CALIBRATION_v01,CALIBRATION_COMPLETE_READY_FOR_MAINLINE_MODEL_FREEZE,C:\range_paper\04_derived\d10a_real_layout_nonoracle_v01\Q1_D10A_SUPPORT_CALIBRATION_RESULTS_v01.csv,e7466b8a13ff2ba70a848e9952c2b59f72013e5d0d59ae778b51cc25dd53340f,642290,PROPOSED_FOR_MAINLINE_MODEL_FREEZE_REVIEW,YES_NEW_SYNTHETIC_CALIBRATION_OUTPUT,NO,D10A_SYNTHETIC_METHOD_CALIBRATION,SPECIES_BLIND_LAYOUT_OR_SYNTHETIC_ONLY,NONE,TRACEABILITY
D10A_REAL_LAYOUT_NONORACLE_OBSERVATION_CALIBRATION_v01,CALIBRATION_COMPLETE_READY_FOR_MAINLINE_MODEL_FREEZE,C:\range_paper\04_derived\d10a_real_layout_nonoracle_v01\Q1_D10A_SYNTHETIC_WORLD_MANIFEST_v01.csv,e310164fa5f9a398fd28f7a6cc8152e4bd9acd0155641c344e615111d191ee2b,28819,PROPOSED_FOR_MAINLINE_MODEL_FREEZE_REVIEW,YES_NEW_SYNTHETIC_CALIBRATION_OUTPUT,NO,D10A_SYNTHETIC_METHOD_CALIBRATION,SPECIES_BLIND_LAYOUT_OR_SYNTHETIC_ONLY,NONE,TRACEABILITY
D10A_REAL_LAYOUT_NONORACLE_OBSERVATION_CALIBRATION_v01,CALIBRATION_COMPLETE_READY_FOR_MAINLINE_MODEL_FREEZE,C:\range_paper\06_src\d10a_real_layout_nonoracle_v01\build_d10a_real_layout_nonoracle_v01.py,8035894dcc66a3aee325e908cc6ffa2f82528e07d8841a0f8fb6cbf92918ba23,73822,PROPOSED_FOR_MAINLINE_MODEL_FREEZE_REVIEW,NO_CODE_OR_PARAMETERS,NO,REPRODUCTION_CODE_OR_PARAMETERS,NONE,LOCAL_EXECUTABLE_RUNNER,TRACEABILITY
D10A_REAL_LAYOUT_NONORACLE_OBSERVATION_CALIBRATION_v01,CALIBRATION_COMPLETE_READY_FOR_MAINLINE_MODEL_FREEZE,C:\range_paper\06_src\d10a_real_layout_nonoracle_v01\package_d10a_real_layout_nonoracle_v01.py,e1656a88cbdc6d85ae74a7d22b29158f0c807b4be719b2910c1d43920c59690d,14289,PROPOSED_FOR_MAINLINE_MODEL_FREEZE_REVIEW,NO_CODE_OR_PARAMETERS,NO,REPRODUCTION_CODE_OR_PARAMETERS,NONE,LOCAL_EXECUTABLE_RUNNER,TRACEABILITY
D10A_REAL_LAYOUT_NONORACLE_OBSERVATION_CALIBRATION_v01,CALIBRATION_COMPLETE_READY_FOR_MAINLINE_MODEL_FREEZE,C:\range_paper\06_src\d10a_real_layout_nonoracle_v01\parameters_d10a_real_layout_nonoracle_v01.json,6d0d990849811932e4581deef93f26609589b2fb339d6a0f1ba74e6658a4a40c,2847,PROPOSED_FOR_MAINLINE_MODEL_FREEZE_REVIEW,NO_CODE_OR_PARAMETERS,NO,REPRODUCTION_CODE_OR_PARAMETERS,NONE,LOCAL_EXECUTABLE_RUNNER,TRACEABILITY
D10A_REAL_LAYOUT_NONORACLE_OBSERVATION_CALIBRATION_v01,CALIBRATION_COMPLETE_READY_FOR_MAINLINE_MODEL_FREEZE,C:\range_paper\06_src\d10a_real_layout_nonoracle_v01\verify_d10a_real_layout_nonoracle_v01.py,bb4c9c1b22c640c7ec3f6b0eb803e5f2c8cc567b2d47d4592fbe851c889af4ae,7376,PROPOSED_FOR_MAINLINE_MODEL_FREEZE_REVIEW,NO_CODE_OR_PARAMETERS,NO,REPRODUCTION_CODE_OR_PARAMETERS,NONE,LOCAL_EXECUTABLE_RUNNER,TRACEABILITY
D10A_REAL_LAYOUT_NONORACLE_OBSERVATION_CALIBRATION_v01,CALIBRATION_COMPLETE_READY_FOR_MAINLINE_MODEL_FREEZE,C:\range_paper\06_src\d10a_real_layout_nonoracle_v01\verify_tabular_outputs_d10a_v01.mjs,0e4a092a7b82968407611746e556e825a288ada2fa8d7ffdf4b2e11d0d435ba9,1725,PROPOSED_FOR_MAINLINE_MODEL_FREEZE_REVIEW,NO_CODE_OR_PARAMETERS,NO,REPRODUCTION_CODE_OR_PARAMETERS,NONE,LOCAL_EXECUTABLE_RUNNER,TRACEABILITY
